학년군,교과,영역,"핵심
아이디어",내용요소 (지식/이해만),성취기준 코드,성취기준,성취수준(A),성취수준(B),성취수준(C),해설
3~4,국어,듣기⋅말하기,"⋅듣기⋅말하기는 언어, 준언어, 비언어, 매체 등을 활용하여 서로의 생각과 감정을 주고받는 행위이다.
⋅화자와 청자는 상황 맥락 및 사회⋅문화적 맥락 속에서 의사소통 목적을 달성하기 위하여 다양한 유형의 담화를 듣고 말한다.
⋅화자와 청자는 의사소통 과정에 협력적으로 참여하고 듣기⋅말하기 과정에서의 문제를 해결하기 위해 적절한 전략을 사용하여 듣고 말한다.
⋅화자와 청자는 듣기⋅말하기에 흥미를 가지고 적극적으로 참여하면서 담화 공동체 구성원으로 성장하고, 상호 존중하고 공감하는 소통 문화를 만들어 간다.",,[4국01-01],중요한 내용과 주제를 파악하며 듣고 그 내용을 요약한다.,"중요한 내용과 주제를 정확하게 파악하며 듣고, 중심 내용과 세부 내용을 구분하여 자신의 언어로 요약할 수 있다.","중요한 내용과 주제를 파악하며 듣고, 중심 내용과 세부 내용을 구분하여 요약할 수 있다.","중요한 내용과 주제의 일부를 파악하며 듣고, 자신이 파악한 내용을 중심으로 요약한다.",
3~4,국어,듣기⋅말하기,,,[4국01-02],원인과 결과의 관계를 고려하여 내용을 예측하며 듣고 말한다.,"원인과 결과의 관계를 올바르게 고려하여 이어질 내용을 예측하며 듣고, 원인과 결과가 분명히 드러나게 말할 수 있다.",,"원인과 결과의 관계를 알고 이어질 내용을 부분적으로 예측하며 듣고, 원인이나 결과가 일부 드러나게 말한다.",
3~4,국어,듣기⋅말하기,,,[4국01-03],상황에 적절한 준언어⋅비언어적 표현을 활용하여 듣고 말한다.,담화 상황에 적절한 준언어ㆍ비언어적 표현을 활용하여 의미를 효과적으로 전달하고 이해하며 듣고 말할 수 있다.,담화 상황에 적절한 준언어ㆍ비언어적 표현을 활용하여 의미를 전달하고 이해하며 듣고 말할 수 있다.,담화 상황에서 준언어ㆍ비언어적 표현을 일부 활용하여 듣고 말한다.,"이 성취기준은 구어 의사소통 상황에서 억양, 어조, 속도 등의 준언어적 표현과 표정, 시선, 몸동작, 자세 등의 비언어적 표현을 활용하여 의미를 효과적으로 전달하고 이해할 수 있는 능력을 기르기 위해 설정하였다. 다양한 상황에 알맞은 준언어⋅비언어적 표현의 중요성 이해하기, 준언어⋅비언어적 표현의 의미와 효과 파악하기, 준언어⋅비언어적 표현의 적절성 점검하기, 상황에 적절한 준언어⋅비언어적 표현 활용하기 등을 학습한다."
3~4,국어,듣기⋅말하기,,"⋅상황 맥락
⋅대화",[4국01-04],상황과 상대의 입장을 이해하고 예의를 지키며 대화한다.,"상황과 상대의 입장을 정확히 이해하고, 상대를 배려하는 표현을 적극적으로 활용하여 예의를 지키며 대화할 수 있다.","상황과 상대의 입장을 이해하고, 상대를 배려하는 표현을 사용하여 예의를 지키며 대화할 수 있다.","상황과 상대의 입장을 부분적으로 이해하고, 일부 상황에서 예의를 지키며 대화한다.",
3~4,국어,듣기⋅말하기,,"⋅상황 맥락
⋅발표",[4국01-05],목적과 주제에 알맞게 자료를 정리하여 자신감 있게 발표한다.,"주어진 자료에서 발표 목적과 주제에 알맞은 내용을 중심으로 발표 내용을 정리하고, 발표 전 연습을 통해 점검한 사항을 바탕으로 자신감 있게 발표할 수 있다.","주어진 자료에서 발표 목적과 주제에 알맞은 내용을 중심으로 발표 내용을 정리하고, 자신감 있게 발표할 수 있다.","주어진 자료에서 발표 목적과 주제를 부분적으로 고려하여 발표 내용을 정리하고, 이를 나열하는 수준에서 발표한다.","이 성취기준은 교과 학습 상황을 비롯하여 다양한 상황에서 필요한 기초적인 발표 능력을 기르기 위해 설정하였다. 주어진 자료에서 발표 목적과 주제에 알맞은 내용을 중심으로 발표 내용 정리하기, 준비한 내용이 명확하게 전달되는지를 점검하며 발표 연습하기, 준언어⋅비언어적 표현을 효과적으로 사용하는지 점검하며 발표 연습하기, 연습 과정에서 부족했던 부분을 조정하여 자신감을 가지고 발표하기 등을 학습한다."
3~4,국어,듣기⋅말하기,,"⋅상황 맥락
⋅토의",[4국01-06],주제에 적절한 의견과 이유를 제시하고 서로의 생각을 교환하며 토의한다.,"주제에 적절한 의견과 타당한 이유를 분명하게 제시하고, 서로의 생각을 적극적으로 교환하며 다른 사람을 존중하는 태도로 토의에 참여할 수 있다.","주제에 적절한 의견과 이유를 제시하고, 서로의 생각을 교환하며 다른 사람을 존중하는 태도로 토의에 참여할 수 있다.","주제에 대한 의견과 이유를 일부 제시하고, 서로의 생각을 부분적으로 묻고 답하며 토의에 참여한다.","이 성취기준은 문제를 합리적으로 해결하기 위한 기초 능력으로서 토의 능력을 기르기 위해 설정하였다. 주제에 적절한 의견을 이유와 함께 제시하기, 상대의 의견을 구체적으로 파악하거나 의견과 이유의 적절성을 점검하기 위해 서로 묻고 답하기, 다른 사람의 생각 존중하기 등을 학습한다."
3~4,국어,읽기,"⋅읽기는 독자가 자신의 배경지식이나 경험을 활용하여 언어를 비롯한 다양한 기호나 매체로 표현된 글의 의미를 능동적으로 구성하는 행위이다.
⋅독자는 다양한 상황 맥락과 사회⋅문화적 맥락 속에서 자신의 읽기 목적을 달성하기 위하여 다양한 유형의 글을 읽는다.
⋅독자는 읽기 과정을 점검⋅조정하며 읽기 과정에서 부딪히는 문제를 해결하기 위해 적절한 읽기 전략을 사용하여 글을 읽는다. 
⋅독자는 읽기 경험을 통해 읽기에 대한 긍정적 정서를 형성하고 삶과 공동체의 문제 해결을 위해 공동체 구성원과 함께 독서를 통해 소통함으로써 사회적 독서 문화를 만들어 간다.",⋅상황 맥락,[4국02-01],글의 의미를 파악하며 유창하게 글을 읽는다.,"글의 의미를 정확하게 파악하고, 글의 의미를 효과적으로 표현하는 방법을 사용하여 유창하게 소리 내어 글을 읽을 수 있다.","글의 의미를 파악하고, 글의 의미를 효과적으로 표현하는 방법을 사용하여 유창하게 글을 읽을 수 있다.",글의 의미를 부분적으로 파악하며 글을 소리 내어 읽는다.,"이 성취기준은 글의 의미를 효과적으로 표현하는 방법을 사용하여 유창하게 글을 읽는 능력을 기르기 위해 설정하였다. 글의 유형에 따라 글의 분위기, 장면, 인물의 특성 등을 파악하고 이를 고려하되, 어조, 억양, 속도, 강세 등의 표현 요소를 활용하여 글을 읽으면서 글의 의미를 효과적으로 표현하기 등을 학습한다."
3~4,국어,읽기,,,[4국02-02],문단과 글에서 중심 생각을 파악하고 내용을 간추린다.,"문단별로 중요 단어와 중심 문장을 정확하게 파악하고, 문단별 중심 내용을 통합하여 글의 중심 생각을 파악할 수 있으며, 이를 자신의 말로 바꾸어 간추릴 수 있다.","문단별로 중요 단어와 중심 문장을 파악하고, 문단별 중심 내용을 통합하여 글의 중심 생각을 파악할 수 있으며, 이를 간추릴 수 있다.","문단별 중심 내용을 일부 파악하고, 글의 중심 생각을 부분적으로 파악하여 이를 간추린다.",
3~4,국어,읽기,,,[4국02-03],질문을 활용하여 글을 예측하며 읽고 자신의 읽기 과정을 점검한다.,질문을 활용하여 글의 의미나 내용을 예측하며 읽고 글에 대한 이해 수준과 읽기 과정에서 겪는 어려움을 적극적으로 점검하며 읽을 수 있다.,질문을 활용하여 글의 내용을 예측하며 읽고 자신의 읽기 과정에서 겪는 어려움을 점검할 수 있다.,질문을 활용하여 부분적으로 글을 예측하며 읽고 자신의 읽기 과정에서 겪는 어려움을 일부 점검한다.,"이 성취기준은 글을 읽으며 글에 대한 질문을 만들고 이에 대한 답을 예측하면서 글을 읽는 추론적 읽기 능력을 기르기 위해 설정하였다. 읽기 전이나 읽기 중에 이루어지는 질문을 통해 자신의 배경지식이나 경험을 글과 관련짓기, 배경지식이나 경험을 활성화하여 글의 의미 추론하기, 제목이나 글의 차례, 사진이나 그림 등의 자료를 통해 글의 의미 추론하기, 질문을 통해 단어의 의미, 이어질 내용이나 사건의 전후를 예측하기, 질문을 통해 글을 이해한 정도를 점검하거나 읽기 과정에서 겪는 어려움을 점검하기 등을 학습한다."
3~4,국어,읽기,,"⋅상황 맥락
⋅주장, 이유, 근거가 명시적인 글",[4국02-04],글에 나타난 사실과 의견을 구분하고 필자와 자신의 의견을 비교한다.,글에 나타난 사실과 의견을 구분하고 의견에 대한 타당성 평가를 바탕으로 필자와 자신의 의견을 적극적으로 비교할 수 있다.,글에 나타난 사실과 의견을 구분하고 필자의 의견을 일방적으로 수용하지 않고 자신의 의견을 비교할 수 있다.,"글에 나타난 사실과 의견을 부분적으로 구분하고, 필자와 자신의 의견을 일부 비교한다.","이 성취기준은 글에 나타난 사실과 의견을 구별하고 필자와 자신의 의견을 비교하면서 필자의 의견을 일방적으로 수용하지 않고 글을 비판적으로 읽는 능력을 기르기 위해 설정하였다. 글을 읽고 필자의 의견과 객관적 사실을 구별하기, 필자의 의견과 자신의 의견을 비교하기, 필자의 의견에 대한 타당성을 평가하기, 동일한 주제나 상황에 대한 서로 다른 의견 비교하기 등을 학습한다."
3~4,국어,읽기,,"⋅상황 맥락
⋅주장, 이유, 근거가 명시적인 글",[4국02-05],글이나 자료의 출처가 믿을 만한지 판단한다.,글이나 자료를 찾아 읽을 때 출처를 정확하게 확인하고 평가 기준에 따라 출처가 믿을 만한지 능동적으로 판단할 수 있다.,글이나 자료를 찾아 읽을 때 출처를 확인하고 평가 기준에 따라 출처가 믿을 만한지 판단할 수 있다.,글이나 자료를 찾아 읽을 때 출처를 일부 확인하고 출처가 믿을 만한지 부분적으로 판단한다.,"이 성취기준은 도서관이나 인터넷 등을 통해 글이나 자료를 찾아 읽을 때 출처의 신뢰성을 평가하며 읽고 믿을 만한 글이나 자료를 선별하는 능력을 기르기 위해 설정하였다. 글이나 자료의 출처 확인 방법이나 필요성 이해하기, 다양한 매체를 활용하여 글이나 자료 탐색하기, 글이나 자료의 정보 출처 파악하기, 정보 출처의 유형이나 정보의 최신성 확인하기, 권위나 공신력 등을 고려한 신뢰성 평가하기, 여러 정보를 비교하며 내용의 신뢰성 평가하기 등을 학습한다."
3~4,국어,읽기,,,[4국02-06],바람직한 읽기 습관을 형성하고 읽기에 대한 자신감을 기른다.,"다양한 읽기 활동에 적극적으로 참여하면서 바람직한 읽기 습관을 형성하고, 읽기에 대한 자신감을 갖는다.","읽기 경험을 통해 바람직한 읽기 습관을 형성하고, 읽기에 대한 자신감을 기를 수 있다.",바람직한 읽기 습관과 읽기에 대한 자신감의 형성이 제한적이다.,
3~4,국어,쓰기,"⋅쓰기는 언어를 비롯한 다양한 기호나 매체를 활용하여 인간의 생각과 감정을 글로 표현함으로써 의미를 구성하는 행위이다.
⋅필자는 상황 맥락 및 사회⋅문화적 맥락 속에서 자신의 의사소통 목적을 달성하기 위하여 다양한 유형의 글을 쓴다.
⋅필자는 쓰기 과정에서 부딪히는 문제를 해결하기 위하여 적절한 쓰기 전략을 사용하여 글을 쓴다.
⋅필자는 쓰기 경험을 통해 언어 공동체의 구성원으로 성장하고, 쓰기 윤리를 갖추어 독자와 소통함으로써 바람직한 의사소통 문화를 만들어 간다.",⋅문단 쓰기,[4국03-01],"중심 문장과 뒷받침 문장을 갖추어 문단을 쓰고, 문장과 문단을 중심으로 고쳐 쓴다.","중심 문장과 뒷받침 문장을 갖추어 문단을 짜임새 있게 쓸 수 있고, 문장과 문단을 중심으로 글의 내용과 표현을 효과적으로 고쳐 쓸 수 있다.","중심 문장과 뒷받침 문장을 갖추어 문단을 쓸 수 있고, 문장과 문단을 중심으로 글의 내용과 표현을 고쳐 쓸 수 있다.","중심 문장이 있는 문단을 쓰고, 문장을 중심으로 글의 내용이나 표현을 일부 고쳐 쓴다.","이 성취기준은 문단을 짜임새 있게 쓰는 능력을 길러 글을 쓰는 과정에서 이를 적용할 수 있도록 하기 위해 설정하였다. 문단의 개념, 문단의 기능과 역할, 중심 문장과 뒷받침 문장의 관계, 중심 문장과 뒷받침 문장을 쓰는 방법, 중심 문장과 뒷받침 문장을 갖추어 문단을 쓰는 방법, 문장과 문단을 중심으로 글을 고쳐 쓰는 방법 등을 학습한다."
3~4,국어,쓰기,,"⋅상황 맥락 
⋅절차와 결과를 보고하는 글",[4국03-02],절차와 결과가 드러나게 정확한 표현으로 보고하는 글을 쓴다.,"절차와 결과가 드러나게 글의 내용을 짜임새 있게 조직하고, 사실에 기반한 내용을 간결하고 정확한 표현으로 보고하는 글을 쓸 수 있다.",절차와 결과가 드러나게 글의 내용을 조직하고 사실에 기반한 내용과 정확한 표현으로 보고하는 글을 쓸 수 있다.,절차와 결과가 부분적으로 드러나게 글의 내용을 조직하고 일부 정확한 표현을 사용하여 보고하는 글을 쓴다.,"이 성취기준은 교과 학습의 기초가 되는 보고하는 글을 쓰는 능력을 기르기 위해 설정하였다. 보고하는 글의 개념, 보고하는 글에 들어가야 할 내용 요소, 절차와 결과가 드러나게 글의 내용을 조직하는 방법, 절차와 결과를 정확하게 표현해야 하는 이유, 정확한 표현으로 보고하는 글 쓰기 등을 학습한다."
3~4,국어,쓰기,,"⋅상황 맥락 
⋅이유를 들어 의견을 제시하는 글",[4국03-03],대상에 대한 자신의 의견과 그렇게 생각한 이유가 드러나게 글을 쓴다.,대상에 대해 자신의 의견을 제시하고 의견을 뒷받침하는 이유가 명료하게 드러나도록 글을 쓸 수 있다.,대상에 대해 자신의 의견을 제시하고 의견을 뒷받침하는 이유를 들어 글을 쓸 수 있다.,대상에 대해 자신의 의견을 제한적으로 제시하거나 의견에 대한 이유가 부분적으로 드러나게 글을 쓴다.,"이 성취기준은 어떤 대상이나 사실, 문제에 대한 자신의 의견을 구체적이고 명료하게 글로 쓰는 능력을 기르기 위해 설정하였다. 의견의 개념, 의견을 제시하는 것이 필요한 이유와 상황, 주제를 고려하여 자신의 의견을 제시하는 방법, 의견에 대한 이유를 드는 방법 등을 학습한다."
3~4,국어,쓰기,,"⋅상황 맥락 
⋅독자에게 마음을 전하는 글",[4국03-04],목적과 주제를 고려하여 독자에게 마음을 전하는 글을 쓴다.,목적과 주제와 같은 상황 맥락을 전체적으로 고려하여 독자에게 마음을 전하는 글을 쓸 수 있다.,목적과 주제와 같은 상황 맥락을 고려하여 독자에게 마음을 전하는 글을 쓸 수 있다.,목적 또는 주제를 부분적으로 고려하여 독자에게 마음을 전하는 글을 쓴다.,
3~4,국어,쓰기,,,[4국03-05],자신의 쓰기 과정을 점검하며 쓰기에 자신감을 갖는다.,"자신의 쓰기 과정을 능동적으로 점검하여 글의 내용과 표현을 수정·보완할 수 있고, 다양한 유형의 글을 쓰면서 쓰기에 자신감을 갖는다.","자신의 쓰기 과정을 점검하여 글의 내용이나 표현을 수정·보완할 수 있고, 다양한 유형의 글을 쓰면서 쓰기에 자신감을 갖는다.","자신의 쓰기 과정을 제한적으로 점검하고, 일부 유형의 글을 쓰면서 쓰기에 자신감을 갖는다.",
3~4,국어,문법,"⋅문법은 국어의 형식과 내용을 이루는 틀로서 규칙과 원리로 구성⋅운영되며, 문법 탐구는 문법에 대해 사고하는 활동으로 국어에 대한 총체적 앎을 이끈다. 
⋅국어는 체계와 구조를 갖춘 의미 생성 자원이자, 사회적으로 구성된 관습적 규약이며, 공동체의 사고와 가치를 표상하는 문화적 산물이다. 
⋅국어 자료는 다양한 맥락에서 만들어지는 의사소통의 결과물로서, 국어 현상을 파악하고 국어 문제를 발견할 수 있는 문법 탐구의 대상이다. 
⋅국어 사용자는 일상생활에서 국어 현상과 국어 문제를 탐구하고 성찰하면서 언어 주체로서의 정체성과 국어 의식을 형성한다.",⋅단어의 의미와 단어 간의 의미 관계,[4국04-01],단어와 단어 간의 의미 관계를 파악한다.,다양한 단어 간의 의미 관계를 종합적으로 분석할 수 있다.,단어와 단어 간의 의미 관계를 이해할 수 있다.,단어와 단어 간의 의미 관계를 제한적으로 이해한다.,
3~4,국어,문법,,"⋅단어의 분류
⋅단어의 정확한 발음과 표기",[4국04-02],단어를 분류하고 국어사전을 활용하여 능동적인 국어 활동을 한다.,단어를 다양한 기준에 따라 분류하고 국어사전의 정보를 종합적으로 활용하여 능동적인 국어 활동을 할 수 있다.,단어를 분류하고 국어사전의 정보를 활용하여 국어 활동을 할 수 있다.,단어의 분류 기준을 확인하고 국어사전의 정보를 일부 활용하여 국어 활동을 한다.,"이 성취기준은 단어에 대한 기본적인 이해를 바탕으로 국어사전에서 단어를 찾고 국어사전에 수록된 정보를 활용하여 능동적인 국어생활을 할 수 있는 능력을 기르기 위해 설정하였다. 명사, 동사, 형용사에 대한 기본적인 이해를 바탕으로 하되, 상황에 따라 다양하게 해석되는 단어의 의미를 국어사전에서 찾을 수 있도록 동형이의어와 다의어가 국어사전에 수록된 방식을 이해하고, 동사와 형용사의 기본형과 활용형을 구분할 수 있도록 한다. 또한 국어사전을 통해 단어의 표기, 발음, 품사, 의미, 용례 등 다양한 정보를 확인할 수 있음을 이해하고, 단어의 정확한 발음과 표기를 국어사전에서 찾아 어법에 맞는 국어생활을 할 수 있도록 한다."
3~4,국어,문법,,"⋅문장의 기본 구조",[4국04-03],기본적인 문장의 짜임을 이해하고 적절하게 사용한다.,다양한 문장에서 기본적인 문장의 짜임을 분석하고 여러 가지 짜임의 문장을 적절하게 사용할 수 있다.,기본적인 문장의 짜임을 이해하고 여러 가지 짜임의 문장을 사용할 수 있다.,기본적인 문장의 짜임을 제한적으로 이해하고 사용한다.,
3~4,국어,문법,,"⋅참여자 간 관계 및 장면에 따른 언어
⋅글과 담화의 높임 표현과 지시⋅접속 표현",[4국04-04],글과 담화에 쓰인 높임 표현과 지시⋅접속 표현을 이해하고 상황에 맞게 표현한다.,글과 담화에 쓰인 다양한 높임 표현과 지시·접속 표현을 분석하고 적절한 표현을 상황에 따라 효과적으로 활용할 수 있다.,글과 담화에 쓰인 다양한 높임 표현과 지시·접속 표현을 이해하고 이를 상황에 따라 표현할 수 있다.,글과 담화에 쓰인 높임 표현과 지시·접속 표현을 확인하고 일부를 상황에 따라 제한적으로 표현한다.,"이 성취기준은 높임 표현과 지시⋅접속 표현이 상황 맥락에 맞는 언어 표현을 선택하거나 글이나 담화를 유기적으로 구성하는 데 필요한 지식임을 이해하고, 글이나 담화에서 높임 표현과 지시⋅접속 표현을 적절히 사용할 수 있는 능력을 기르기 위해 설정하였다. 높임 표현의 기능과 적절한 사용 방식, 앞에 나온 말을 가리키는 지시 표현 및 문장과 문장 등을 연결하는 다양한 접속 표현의 기능과 이러한 표현들의 적절한 사용 방식을 학습한다."
3~4,국어,문법,,"⋅의사소통과 관계 형성 수단으로서의 언어",[4국04-05],언어가 의사소통과 관계 형성의 수단임을 이해하고 국어를 소중히 여기는 태도를 지닌다.,언어가 의사소통과 관계 형성의 수단임을 종합적으로 이해하고 국어를 소중히 여기는 태도를 내면화한다.,언어가 의사소통과 관계 형성의 수단임을 이해하고 국어의 소중함을 인식하는 태도를 지닌다.,언어가 의사소통과 관계 형성의 수단임을 확인하고 국어의 소중함에 관심을 가진다.,
3~4,국어,문학,"⋅문학은 인간의 삶을 언어로 형상화한 작품을 통해 즐거움과 깨달음을 얻고 타자와 소통하는 행위이다. 
⋅문학 작품을 통한 소통은 작품의 갈래, 작가와 독자, 사회와 문화, 문학사의 영향 등을 고려하며 이루어진다.
⋅문학 수용⋅생산 능력은 문학의 해석, 감상, 비평, 창작 활동을 통해 향상된다. 
⋅인간은 문학을 향유하면서 자아를 성찰하고 타자를 이해하며 공동체의 일원으로 성장한다.","⋅독자 맥락 
⋅이야기",[4국05-01],인물과 이야기의 흐름을 중심으로 작품을 감상한다.,인물과 이야기의 흐름을 적절하게 파악하며 작품을 능동적으로 감상할 수 있다.,인물과 이야기의 흐름을 파악하며 작품을 감상할 수 있다.,인물과 이야기의 흐름에 관심을 가지며 작품을 감상한다.,"이 성취기준은 문학 작품 속 인물의 특성과 서사의 기본 구조를 파악하며 작품을 이해하는 능력을 기르게 하기 위해 설정하였다. 이야기를 읽을 때 인물의 성격과 역할을 파악하고, 이를 고려하여 시간적 순서나 인과관계를 생각하며 이야기의 흐름을 파악하는 활동에 중점을 둔다. 나아가 작품 속 다양한 인물의 특성을 고려하면서 이어질 이야기를 상상하여 표현해 봄으로써 작품을 능동적으로 이해하고 감상하게 한다."
3~4,국어,문학,,⋅독자 맥락,[4국05-02],자신의 경험을 바탕으로 작품 속 세계와 현실 세계를 비교하여 작품을 감상한다.,자신의 경험을 바탕으로 작품 속 세계와 현실 세계의 공통점이나 차이점을 구체적으로 비교하고 작품에 대한 의견을 나누며 적극적으로 감상할 수 있다.,자신의 경험을 바탕으로 작품 속 세계와 현실 세계의 공통점이나 차이점을 비교하며 작품을 감상할 수 있다.,자신의 경험을 바탕으로 작품 속 세계와 현실 세계의 공통점이나 차이점을 부분적으로 비교하며 작품을 감상한다.,"이 성취기준은 작품 속의 세계가 현실 세계를 반영한 것이지만, 허구적 세계로서 현실 세계와 구별된다는 점을 인식하며 작품을 감상할 수 있게 하기 위해 설정하였다. 작품 속의 인물⋅정서⋅상황⋅배경⋅분위기⋅사건 등을 이해할 때 학습자 자신의 경험을 바탕으로 경험과 상상, 사실과 허구를 비교하며 생각하게 하고, 허구적으로 표현한 부분에 대한 의견을 나누며 작품을 감상하도록 한다."
3~4,국어,문학,,⋅독자 맥락 ,[4국05-03],작품을 듣거나 읽고 마음에 드는 작품을 소개한다.,작품을 듣거나 읽고 작품이 마음에 든 이유를 구체적으로 말하며 작품을 자세하게 소개할 수 있다.,작품을 듣거나 읽고 작품이 마음에 든 이유를 말하며 작품을 소개할 수 있다.,작품을 듣거나 읽고 작품에서 마음에 드는 부분을 일부 말한다.,
3~4,국어,문학,,"⋅독자 맥락 
⋅시",[4국05-04],"감각적 표현에 유의하여 작품을 감상하고, 감각적 표현을 활용하여 자신의 생각이나 감정을 표현한다.","감각적 표현의 특성과 효과를 파악하며 작품을 감상하고, 감각적 표현을 적절하게 활용하여 자신의 생각이나 감정을 적극적으로 표현할 수 있다.","감각적 표현의 특성을 파악하며 작품을 감상하고, 감각적 표현을 활용하여 자신의 생각이나 감정을 표현할 수 있다.","감각적 표현의 특성을 부분적으로 파악하며 작품을 감상하고, 감각적 표현을 활용하여 자신의 생각이나 감정을 간단하게 표현한다.","이 성취기준은 문학 표현 방식의 효과와 기능을 이해하며 작품을 감상하고, 자신의 생각이나 느낌을 다양한 방법으로 나타내어 다른 이들과 나누게 하기 위해 설정하였다. 학습자로 하여금 감각적 표현을 통해 작품 속에 형상화된 대상을 생동감 있게 체험하면서 문학의 즐거움을 느끼게 하는 데 중점을 둔다. 또한 자신의 생각과 감정을 효과적으로 전달할 수 있는 감각적 표현을 활용하여 말을 하거나 글을 써 보고 감각적 표현을 사용하였을 때와 그렇지 않을 때의 차이를 비교하게 한다."
3~4,국어,문학,,⋅독자 맥락 ,[4국05-05],재미나 감동을 느끼며 작품을 즐겨 감상하는 태도를 지닌다.,재미나 감동을 느끼며 작품을 적극적으로 찾아 읽고 즐겨 감상하는 태도를 지닌다.,재미나 감동을 느끼며 작품을 읽고 즐기는 태도를 지닌다.,주어진 작품을 읽고 재미나 감동을 느끼는 태도를 지닌다.,
3~4,국어,매체,"⋅매체는 소통을 매개하는 도구, 기술, 환경으로 당대 사회의 소통 방식과 소통 문화에 영향을 미친다.
⋅매체 이용자는 매체 자료의 주체적인 수용과 생산을 통해 정체성을 형성하고 사회적 의미 구성 과정에 관여한다.
⋅매체 이용자는 매체 및 매체 소통의 영향력에 대한 이해와 자신과 타인의 권리를 지키기 위한 적극적인 노력을 통해 건강한 소통 공동체를 형성한다. ","⋅상황 맥락 
⋅인터넷의 학습 자료",[4국06-01],인터넷에서 학습에 필요한 다양한 자료를 탐색하고 목적에 맞게 자료를 선택한다.,학습 상황에 필요한 다양한 자료를 인터넷에서 효과적으로 탐색하고 목적에 적합한 자료를 선택하여 활용할 수 있다.,학습 상황에 필요한 다양한 자료를 인터넷에서 탐색하고 목적에 적합한 자료를 선택할 수 있다.,학습에 필요한 자료를 인터넷에서 탐색한다.,"이 성취기준은 다양한 교과 학습 맥락에서 인터넷에 접속하여 다양한 자료에 효과적으로 접근하고 유용한 정보를 선택하여 목적에 맞게 활용할 때 필요한 기초 능력을 기르기 위해 설정하였다. 교사의 안내에 따라 디지털 매체를 통해 지정된 인터넷 공간에 접속하기, 다양한 자료 훑어보기, 자료의 내용 파악하기, 유용한 자료 선택하기 등을 수행하고, 이를 통해 인터넷 접속 방법, 비선형적 자료의 탐색 방법, 목적에 맞는 정보 선택 방법 등을 체계적으로 학습한다."
3~4,국어,매체,,"⋅상황 맥락 
⋅인터넷의 학습 자료",[4국06-02],매체를 활용하여 간단한 발표 자료를 만든다.,다양한 매체를 활용하여 간단한 발표 자료를 짜임새 있게 만들 수 있다.,매체를 활용하여 간단한 발표 자료를 만들 수 있다.,매체를 활용하여 발표 자료의 일부를 만든다.,
3~4,국어,매체,,"⋅상황 맥락 
⋅인터넷의 학습 자료",[4국06-03],매체 소통 윤리를 고려하여 매체 자료를 활용하고 공유한다.,매체 소통 윤리를 이해하고 이를 지키며 매체 자료를 적극적으로 활용하고 공유할 수 있다.,기본적인 매체 소통 윤리를 이해하면서 매체 자료를 활용하고 공유할 수 있다.,매체 소통 윤리를 부분적으로 이해하면서 매체 자료를 일부 활용하거나 공유한다.,"이 성취기준은 매체 기반의 소통에서 지켜야 할 기본적인 윤리를 이해하고 이를 고려하며 매체 자료를 활용하거나 공유할 수 있는 능력을 기르기 위해 설정하였다. 다양한 매체 자료를 활용하거나 공유하는 과정에서 저작권과 초상권 침해, 개인 정보 유출 등의 문제가 발생할 수 있음을 이해한다. 다양한 사례를 통해 매체 이용자로서 소통 윤리를 지키려는 태도를 기르고, 매체 자료를 안전하고 올바르게 활용하고 공유할 수 있는 방법 등을 학습한다."
3~4,도덕,자신과의 관계,"⋅성실은 도덕적 가치와 덕목을 일관되게 추구하도록 하여 도덕적 삶으로 이끈다.
⋅자아에 대한 탐구와 성찰은 자신을 존중하는 마음을 기르는 도덕 공부의 기초이다.",,[4도01-01],자신의 감정을 소중히 여기며 존중하는 태도를 바탕으로 내가 누구인가를 탐구한다.,자신의 감정을 꾸준히 존중하는 태도를 바탕으로 내가 누구인가를 다각도로 탐구한다.,자신의 감정을 존중하는 태도를 바탕으로 내가 누구인가를 탐구한다.,자신의 감정에 관심을 가지고 내가 누구인가를 탐구하려고 노력한다.,
3~4,도덕,자신과의 관계,,,[4도01-02],정직의 의미를 알고 모범적인 사례를 탐색하여 바르게 행동하려는 태도를 기른다.,정직의 의미를 포괄적으로 이해하고 다양한 모범 사례를 탐색하여 생활 전반에서 바르게 행동하려는 태도를 기른다.,정직의 의미를 이해하고 모범 사례를 탐색하여 바르게 행동하려는 태도를 기른다.,정직의 의미를 단편적으로 이해하고 모범 사례 탐색에 관심을 가지며 바르게 행동하려는 태도를 기르고자 노력한다.,
3~4,도덕,자신과의 관계,,,[4도01-03],성실한 생활의 모범 사례를 탐색하고 시간 관리를 위한 생활을 계획하여 지속적인 자기 성장을 모색한다.,성실한 생활의 다양한 모범 사례를 탐색하고 생활 전반에 걸쳐 시간 관리를 위한 생활 계획을 세우며 지속적인 자기 성장을 모색한다.,성실한 생활의 모범 사례를 탐색하고 시간 관리를 위한 생활 계획을 세우며 자기 성장을 모색한다.,성실한 생활의 모범 사례를 인식하고 시간 관리를 위한 생활 계획을 세우려 노력하며 자기 성장에 관심을 가진다.,
3~4,도덕,자신과의 관계,,,[4도01-04],다른 사람의 관점을 수용할 수 있는지를 도덕적으로 검토하고 도덕규범을 내면화하여 도덕적으로 행동할 수 있는 자세를 기른다.,다른 사람의 관점을 수용할 수 있는지를 도덕적으로 검토하며 생활 전반에서 도덕규범을 내면화하여 도덕적으로 행동할 수 있는 자세를 가진다.,다른 사람의 관점을 수용할 수 있는지를 도덕적으로 검토하며 도덕규범을 내면화하여 도덕적으로 행동할 수 있는 자세를 가진다.,다른 사람의 관점을 수용할 수 있는지를 검토하려고 노력하며 도덕규범에 관심을 가지고 도덕적으로 행동하려고 노력한다.,
3~4,도덕,타인과의 관계,"⋅배려는 타인에 대한 관심과 공감을 기반으로 타인의 삶을 개선한다.
⋅차이의 존중은 갈등을 평화적으로 해결하고 타인과 더불어 사는 삶으로 이끈다.",,[4도02-01],"효, 우애의 의미와 필요성을 명료하게 이해하고 가족의 행복을 위해 할 수 있는 일을 탐색하여 실천 계획을 세운다.","효, 우애의 의미와 필요성에 대해 명료하게 이해하고 가족의 행복을 위해 자신이 할 수 있는 다양한 일을 탐색하여 실천 계획을 세운다.","효, 우애의 의미와 필요성에 대해 이해하고 가족의 행복을 위해 자신이 할 수 있는 일을 탐색하여 실천 계획을 세운다.","효, 우애의 의미와 필요성에 대해 대략적으로 이해하고 가족의 행복을 위해 자신이 할 수 있는 일을 탐색하여 실천 계획을 세우는 것에 관심을 가진다.",
3~4,도덕,타인과의 관계,,,[4도02-02],친구 사이의 배려에 대한 올바른 이해를 바탕으로 일상생활에서 배려에 기반한 도덕적 관계를 맺을 수 있는 방안을 탐색한다.,친구 사이의 배려에 대한 올바른 이해를 바탕으로 일상생활에서 배려에 기반한 도덕적 관계를 맺을 수 있는 방안을 다각도로 탐색한다.,친구 사이의 배려에 대한 올바른 이해를 바탕으로 일상생활에서 배려에 기반한 도덕적 관계를 맺을 수 있는 방안을 탐색한다.,친구 사이의 배려에 대한 이해를 바탕으로 배려에 기반한 도덕적 관계를 맺을 수 있는 방안에 관심을 가진다.,
3~4,도덕,타인과의 관계,,,[4도02-03],공감의 태도가 필요한 이유를 이해하고 도덕적 상상력을 바탕으로 대상과 상황에 따라 감정을 나누는 방법을 탐구하여 실천한다.,타인 공감의 태도가 필요한 이유를 포괄적으로 이해하고 도덕적 상상력을 바탕으로 대상과 상황에 따라 감정 나누는 방법을 다각도로 탐구하여 생활 전반에서 실천한다.,타인 공감의 태도가 필요한 이유를 이해하고 도덕적 상상력을 바탕으로 대상과 상황에 따라 감정 나누는 방법을 탐구하여 실천한다.,타인 공감의 태도가 필요한 이유를 단편적으로 이해하고 도덕적 상상력을 바탕으로 대상과 상황에 따라 감정 나누는 방법에 관심을 가지고 실천하려고 노력한다.,
3~4,도덕,사회⋅공동체와의 관계,"⋅사회 정의는 시민의 인간다운 삶을 보장하는 도덕공동체의 토대가 된다.
⋅세계시민은 인류의 문제를 이해하고 공감하여 인류 번영과 세계 평화에 기여한다.",,[4도03-01],"불공정의 사례를 탐구하고, 일상생활에서 공정의 가치를 추구하는 활동을 통해 실천 의지를 함양한다.",불공정의 사례를 다각도로 탐구하고 일상생활에서 공정의 가치를 추구하는 활동을 통해 적극적인 실천 의지를 가진다.,불공정의 사례를 탐구하고 일상생활에서 공정의 가치를 추구하는 활동을 통해 실천 의지를 가진다.,불공정의 사례를 인식하고 일상생활에서 공정의 가치를 추구하는 활동에 관심을 가진다.,이 성취기준의 취지는 학생이 자신의 삶에서 공정이라는 가치에 관해 성찰하는 기회를 갖도록 하여 공정한 사회로 발전해가는 토대를 마련하려는 것이다. 학생이 공정과 불공정의 사례를 스스로 탐구하고 일상에서 공정을 실제로 추구하는 활동을 실천함으로써 공정의 가치를 생활화할 수 있도록 한다.
3~4,도덕,사회⋅공동체와의 관계,,,[4도03-02],"디지털 사회에서 발생하는 다양한 문제를 살펴보고, 해결 방안을 탐구하여 정보통신 윤리에 대한 민감성을 기른다.",디지털 사회에서 발생하는 다양한 문제를 살펴보고 해결 방안을 다각도로 탐구하여 정보통신 윤리에 대한 민감성을 가진다.,디지털 사회에서 발생하는 문제를 살펴보고 해결 방안을 탐구하여 정보통신 윤리에 대한 민감성을 가진다.,디지털 사회에서 발생하는 문제를 살펴보고 해결 방안에 관심을 가지며 정보통신 윤리에 대한 민감성을 기르고자 노력한다.,
3~4,도덕,사회⋅공동체와의 관계,,,[4도03-03],"통일의 필요성을 이해하고, 통일 감수성을 길러 바람직한 통일의 방향을 모색한다.",통일의 필요성에 대해 전반적으로 이해하고 통일 감수성을 길러 바람직한 통일의 방향을 다각도로 모색한다.,통일의 필요성에 대해 이해하고 통일 감수성을 길러 바람직한 통일의 방향을 모색한다.,통일의 필요성에 대해 부분적으로 이해하고 통일 감수성을 기르고자 노력하여 바람직한 통일의 방향에 관심을 가진다.,
3~4,도덕,자연과의 관계,"⋅자연에 대한 윤리적 책임은 자연의 본래 가치에 관한 이해를 높여 생태전환을 이끈다.
⋅자연을 아끼고 생명을 소중히 여기는 마음은 환경 위기의 극복을 돕는다.",,[4도04-01],생명 경시 사례를 조사하고 문제 해결 방법을 탐구함으로써 생명의 소중함을 이해한다.,다양한 생명 경시 사례를 조사하고 문제 해결 방법을 다각도로 탐구함으로써 생명의 소중함을 포괄적으로 이해한다.,생명 경시 사례를 조사하고 문제 해결 방법을 탐구함으로써 생명의 소중함을 이해한다.,생명 경시 사례에 관심을 가짐으로써 생명의 소중함을 단편적으로 이해한다.,
3~4,도덕,자연과의 관계,,,[4도04-02],인간과 자연이 함께 살아야 하는 이유를 이해하고 공생을 위한 구체적인 실천 계획을 세우며 생태 감수성을 기른다.,인간과 자연이 함께 살아야 하는 이유를 포괄적으로 이해하고 자연과의 공생을 위한 구체적인 실천 계획을 다양하게 수립하며 생태 감수성을 기른다.,인간과 자연이 함께 살아야 하는 이유를 이해하고 자연과의 공생을 위한 구체적인 실천 계획을 세우며 생태 감수성을 기른다.,인간과 자연이 함께 살아야 하는 이유를 단편적으로 이해하고 자연과의 공생을 위한 실천 계획을 세우는 것에 관심을 가지며 생태 감수성을 기르고자 노력한다.,"이 성취기준의 취지는 학생이 일상에서 자연스럽게 생태 감수성과 생태전환적 사고에 따라 실천하도록 하기 위한 것이다. 생태전환과 관련된 도덕적 쟁점을 마주할 때 단순히 생태 체험에만 그치지 않고, 인간중심 사고에서 벗어나 자연과의 공존을 위한 생각과 행동의 변화까지 모색한다."
3~4,사회,지리 인식,"⋅지표상에 분포하는 모든 사건과 현상은 절대적, 상대적 위치와 다양한 규모의 영역을 차지한다.
⋅장소는 다른 장소와 차별되는 자연적⋅인문적 성격을 지니며, 특정 장소에 따른 장소감은 개인이나 집단에 따라 다양하다.
⋅지표 세계는 장소적 성격의 동질성, 기능적 상호 관련성, 지역민의 인지 등의 측면에서 다양하게 구분되며, 이렇게 구분된 지역은 고유한 지역성이 나타난다. 
⋅지도를 비롯한 다양한 공간자료와 도구를 통한 지리 정보 수집은 장소와 지역의 여러 현상과 사건을 분석하고 해석하며 추론하는 데 필수적이다.","⋅장소 경험과 장소감
⋅생활 주변의 주요 장소
⋅우리 지역의 지리 정보",[4사01-01],"주변 여러 장소에서의 경험과 느낌을 다양한 방식으로 표현하고, 장소감을 나누며 서로 존중하는 태도를 지닌다.","주변 여러 장소에서의 경험과 느낌을 다양한 방식으로 표현하며 주변 장소에 관심을 가지고, 다른 사람과 장소감을 비교하며 서로 다른 장소감을 존중하는 태도를 가진다.","주변 여러 장소에서의 경험과 느낌을 다양한 방식으로 표현하고, 다른 사람의 장소감을 관찰하며 서로 다른 장소감을 존중하는 태도를 가진다.","주변 여러 장소에서의 경험과 느낌을 표현하고, 다른 사람의 장소감을 관찰하며 서로 다른 장소감의 차이를 발견할 수 있다.","[4사01-01]은 학생들의 생활이 이루어지는 주변 여러 장소에서의 경험과 느낌을 글, 그림, 심상지도 등의 다양한 방식으로 표현하고, 이를 통해 사람마다 장소감의 차이가 나타날 수 있음을 이해하도록 설정한 것이다. 장소감이란 장소에 대한 인지, 감정, 태도, 행동을 포괄하는 것으로 개인이나 집단이 장소에 부여하는 의미나 관심을 뜻한다. 장소 경험을 공유하는 과정에서 장소감의 차이를 이해하고 서로 존중하며, 주변의 장소를 알아가면서 이에 대한 관심을 심화시키는 데 초점을 맞춘다."
3~4,사회,지리 인식,,,[4사01-02],"주변의 여러 장소를 살펴보고, 우리가 사는 곳을 더 살기 좋은 곳으로 만드는 방안을 탐색한다.","주변 여러 장소를 조사하여 좋은 점과 불편한 점을 구분하고, 살기 좋은 곳의 조건을 분석하여 우리가 사는 곳을 더 살기 좋은 곳으로 만드는 방법을 제안할 수 있다.","주변의 여러 장소를 조사하여 좋은 점과 불편한 점을 구분하고, 우리가 사는 곳을 더 살기 좋은 곳으로 만드는 방법을 제시할 수 있다.","주변의 여러 장소를 조사하여, 좋은 점과 불편한 점을 나열할 수 있다.","[4사01-02]는 학생들이 생활하는 데 편익을 제공하는 주요 장소 및 시설이나 기관을 살펴보고, 우리가 사는 곳을 더 살기 좋은 곳으로 만드는 방안을 찾아보도록 설정한 것이다. 특히, 우리가 사는 곳의 놀이⋅여가, 안전, 교육⋅문화, 건강⋅의료 등과 관련 있는 장소를 조사하여 좋은 점, 불편한 점 등을 확인하고, 학생들의 관점에서 살기 좋은 곳의 조건을 생각하면서 우리가 사는 곳에 관심을 가지도록 하는 데 중점을 둔다."
3~4,사회,역사 일반,"⋅시대에 따라 지역, 교통⋅통신, 풍습 등 생활 모습이 달라진다.
⋅과거의 모습을 보여주는 자료는 역사의 증거로 활용된다. 
⋅일상생활 속 과거에 관심을 가짐으로써 자신을 역사적 존재로 인식한다. ","⋅역사의 시간 개념
⋅역사 증거
⋅변화와 지속(지역, 교통⋅ 통신, 풍습)",[4사02-01],"일상 속에서 시간의 흐름을 경험할 수 있는 사례를 살펴보고, 이를 바탕으로 역사의 시간 개념을 이해한다.",일상 속에서 시간의 흐름을 경험할 수 있는 사례를 분석하여 역사의 시간 개념을 탐구하고 시간의 흐름 속에서 자신의 위치를 확인할 수 있다.,일상 속에서 시간의 흐름을 경험할 수 있는 사례를 찾아보고 이를 바탕으로 역사의 시간 개념을 설명할 수 있다.,일상 속에서 시간의 흐름을 경험할 수 있는 사례를 찾을 수 있다.,"[4사02-01]은 가정, 학교 등 학생 주변의 사례를 활용하여 역사의 시간 개념을 이해하도록 설정한 것이다. 역사에서 자주 사용하는 시간 표현 용어, 시간의 흐름 속에서 어떤 사건의 시간상 위치를 파악하는 등 역사의 시간 개념을 이해한다."
3~4,사회,역사 일반,,,[4사02-02],"오래된 물건이나 자료들을 주변에서 찾아보고, 이를 통해 과거의 모습을 살펴볼 수 있음을 이해한다.","주변에서 오래된 물건이나 자료들을 찾아보며 과거의 모습을 탐색하고, 역사가 증거를 바탕으로 구성된다는 것을 추정할 수 있다.","주변에서 오래된 물건이나 자료들을 찾아보고, 이들이 과거의 모습을 알려주는 증거임을 짐작하여 설명할 수 있다.",주변에서 과거의 모습을 살펴볼 수 있는 오래된 물건이나 자료들을 찾을 수 있다.,"[4사02-02]는 주변의 오래된 물건이나 자료 등이 과거 모습을 알려주는 증거 역할을 한다는 것을 이해하도록 설정한 것이다. 학생의 애장품을 비롯해 생활 주변에서 볼 수 있는 오래된 물건이나 자료(신문 기사, 편지, 일기, 노래 가사, 사진 등), 주변 사람들의 증언 등을 활용한다."
3~4,사회,역사 일반,,,[4사02-03],지역의 변화상을 보여주는 역사 자료를 분석하여 지역 사람들의 달라진 생활 모습을 파악한다.,지역의 변화상을 보여주는 다양한 역사 자료를 선정하고 분석하여 지역 사람들의 달라진 생활 모습을 유추할 수 있다.,지역의 변화상을 보여주는 역사 자료를 조사하여 지역 사람들의 달라진 생활 모습을 비교할 수 있다.,지역의 변화상을 보여주는 역사 자료를 통해 지역 사람들의 달라진 생활 모습을 찾을 수 있다.,"[4사02-03]은 지역 사람들의 달라진 생활 모습을 탐구하며 역사의 변화와 지속을 이해하도록 설정한 것이다. 지역의 유래와 관련된 이야기, 지역의 변화를 알려주는 사진이나 영상 등 역사 자료를 활용하여 (변형되어, 혹은 그대로) 이어져 내려온 것, 사라진 것을 찾아 지역 사람들의 생활이 어떻게 달라졌는지 살펴본다."
3~4,사회,사회⋅문화,"⋅인간은 사회 속에서 성장하면서 사회적 지위를 가지고 역할을 수행하며, 다양한 갈등과 차별을 인식한다.
⋅우리는 일상생활에서 여러 문화를 접하고 있으며, 이로 인해 다양한 문화를 이해하고 존중하는 태도가 필요하다.
⋅우리 사회는 급격한 사회 변동과 다양한 사회문제를 경험하고 있으며, 이에 대응하기 위해서는 시민의 역할이 중요하다.","⋅사회 변화의 양상과 특징
⋅생활 모습의 변화",[4사03-01],"최근 사회 변화의 양상과 특징을 파악하고, 그로 인해 나타난 생활모습의 변화를 탐색한다.","사례를 통해 최근 사회 변화의 양상과 특징을 도출하고, 그로 인해 변화한 생활모습을 분석할 수 있다.","최근 사회 변화의 양상과 특징을 분석하고, 그로 인해 변화한 생활모습을 설명할 수 있다.",최근 사회 변화의 양상과 특징을 생활모습의 변화와 관련지어 나열할 수 있다.,"[4사03-01]은 사례를 통해 저출산, 고령화, 지능정보화 등 최근 사회 변화가 가져온 현상과 특징을 파악하고, 그로 인해 우리의 생활 모습이 어떻게 변화되는지 분석하도록 설정한 것이다. 이를 통하여 사회 변화에 대응할 수 있는 역량을 기르는 데 초점을 맞추도록 한다. "
3~4,사회,사회⋅문화,,"⋅다양한 문화의 확산 효과와 문제
⋅문화 다양성",[4사03-02],"우리 사회에 다양한 문화가 확산되면서 나타나는 긍정적 효과와 문제를 분석하고, 나와 다른 사람이나 집단의 문화를 존중하는 태도를 기른다.","다양한 자료를 통해 우리 사회에 다양한 문화가 확산되면서 나타나는 긍정적 효과와 문제를 도출하고, 나와 다른 사람이나 집단의 문화를 존중할 수 있다.","우리 사회에 다양한 문화가 확산되면서 나타나는 긍정적 효과와 문제를 분석하고, 나와 다른 사람이나 집단의 문화를 존중하는 태도를 가진다.","우리 사회에 다양한 문화가 확산되면서 나타나는 긍정적 효과와 문제를 나열하고, 나와 다른 사람의 문화를 존중해야 함을 안다.","[4사03-02]는 외국인 이주민의 증가, 1인 가구와 비혼, 반려동물 양육 등 다양한 문화가 확산⋅공유되면서 나타나는 긍정적 효과와 사회문제를 사례 또는 통계 자료를 통해 파악하도록 설정한 것이다. 이를 바탕으로 나와 다른 사람들의 삶의 방식이나 문화를 존중하는 태도를 함양하는 데 초점을 맞춘다."
3~4,사회,역사 일반,"⋅시대에 따라 지역, 교통⋅통신, 풍습 등 생활 모습이 달라진다.
⋅과거의 모습을 보여주는 자료는 역사의 증거로 활용된다. 
⋅일상생활 속 과거에 관심을 가짐으로써 자신을 역사적 존재로 인식한다. ","⋅역사의 시간 개념
⋅역사 증거
⋅변화와 지속(지역, 교통⋅ 통신, 풍습)",[4사04-01],"옛날 풍습에 대해 알아보고, 오늘날과 비교하여 변화상을 파악한다.","옛날 풍습을 조사하고, 오늘날과 비교하여 변화상을 분석할 수 있다.","옛날 풍습을 살펴보고, 오늘날과 비교하여 변화상을 제시할 수 있다.","옛날 풍습의 종류를 설명하고, 오늘날의 풍습과 비교할 수 있다.","[4사04-01]은 옛날의 다양한 풍습을 살펴보며 당시 사람들의 생활을 이해하고, 오늘날과 비교하여 변화상을 파악하도록 설정한 것이다. 놀이, 세시 풍속 등 여러 풍습을 통해 변화상을 알아보고 풍습 속에 담긴 옛날 사람들의 생활과 생각을 이해한다."
3~4,사회,역사 일반,,,[4사04-02],옛날부터 오늘날까지 교통의 변화에 따른 이동과 생활 모습의 변화를 이해한다.,옛날부터 오늘날까지 교통의 변화에 따른 이동과 생활 모습의 변화를 일상생활의 경험과 관련지어 탐구할 수 있다.,옛날부터 오늘날까지 교통의 변화에 따른 이동과 생활 모습의 변화를 설명할 수 있다.,옛날부터 오늘날까지 교통의 변화에 따라 이동 수단이 달라졌음을 말할 수 있다.,[4사04-02]는 교통로 및 교통수단의 변화와 달라진 사람들의 생활 모습과의 관계를 이해하도록 설정한 것이다. 시대에 따른 교통의 변화가 사람과 물자의 이동 및 생활 전반에 어떤 변화를 일으켰는지 살펴본다. 그리고 교통 발달에 따른 생활공간의 확대를 고려하여 변화를 설명한다.
3~4,사회,역사 일반,,,[4사04-03],옛날부터 오늘날까지 통신수단의 변화에 따른 정보 교류와 의사소통 방식의 변화를 설명한다.,옛날부터 오늘날까지 통신수단의 변화에 따른 정보 교류와 의사소통 방식의 변화를 일상생활의 경험과 관련지어 탐구할 수 있다.,옛날부터 오늘날까지 통신수단의 변화에 따른 정보 교류와 의사소통 방식의 변화를 설명할 수 있다.,옛날부터 오늘날까지 통신수단의 변화에 따라 정보 교류와 의사소통 방식이 달라졌음을 짐작하여 말할 수 있다.,[4사04-03]은 시대에 따른 통신수단의 변화 과정을 파악하고 이를 통해 달라진 사람들의 생활 모습을 파악하도록 설정한 것이다. 정보 교류와 의사소통 방식의 변화를 파악하여 통신 발달에 따른 공간적 변화를 탐색한다.
3~4,사회,지리 인식,"⋅지표상에 분포하는 모든 사건과 현상은 절대적, 상대적 위치와 다양한 규모의 영역을 차지한다.
⋅장소는 다른 장소와 차별되는 자연적⋅인문적 성격을 지니며, 특정 장소에 따른 장소감은 개인이나 집단에 따라 다양하다.
⋅지표 세계는 장소적 성격의 동질성, 기능적 상호 관련성, 지역민의 인지 등의 측면에서 다양하게 구분되며, 이렇게 구분된 지역은 고유한 지역성이 나타난다. 
⋅지도를 비롯한 다양한 공간자료와 도구를 통한 지리 정보 수집은 장소와 지역의 여러 현상과 사건을 분석하고 해석하며 추론하는 데 필수적이다.","⋅지도의 종류와 쓰임
⋅(디지털)지도와 공간자료
⋅지도의 요소",[4사05-01],"우리 지역을 표현한 다양한 종류의 지도를 찾아보고, 지도의 요소를 이해한다.","우리 지역을 표현한 다양한 지도의 종류와 기능을 분석하고 지도에 나타난 요소의 의미와 쓰임을 설명하며, 실생활에서 지도를 활용할 수 있다.","우리 지역을 표현한 다양한 종류의 지도를 조사하고, 지도에 나타난 요소가 의미하는 바를 설명할 수 있다.","우리 지역을 표현한 다양한 종류의 지도를 보고, 지도의 요소를 구별할 수 있다.","[4사05-01]은 우리 지역을 표현한 다양한 종류의 지도를 탐색하고, 우리 지역의 지도를 활용하여 방위, 기호와 범례, 축척, 높낮이 표현 방식 등 지도 제작에 필요한 요소를 파악하도록 설정한 것이다. 여기서는 지도의 요소를 이해하여 일상생활에서 지도를 활용하는 데 초점을 맞춘다."
3~4,사회,지리 인식,,"⋅우리 지역의 위치
⋅우리나라 행정구역",[4사05-02],"지도에서 우리 지역의 위치를 파악하고, 우리 지역의 지리 정보를 탐색한다.","지도를 통해 우리 지역의 위치 특성을 분석하고, 우리 지역의 지리 정보를 조사하여 우리 지역의 특징을 다른 지역과 비교하여 설명할 수 있다.","지도에서 우리 지역의 위치를 확인하고, 우리 지역의 지리 정보를 조사하여 우리 지역의 특징을 설명할 수 있다.","지도에서 우리 지역의 위치를 찾고, 우리 지역의 지리 정보를 조사할 수 있다.","[4사05-02]는 행정구역을 나타낸 지도에서 지역의 위치를 파악하고, 지역의 지리 정보를 바탕으로 지역의 특징을 탐구하도록 설정한 것이다. 우리나라 지도에서 시⋅도 단위의 행정구역을 파악하면서 우리 지역(시⋅군⋅구)의 위치를 확인하고, 지역의 지리 정보(위치, 면적, 인구, 지형, 기온, 강수량 등)를 다른 지역과 비교하여 지역이 지닌 특징을 이해하는 데 초점을 맞춘다."
3~4,사회,지역사,"⋅문화유산은 과거와 현재를 이어주는 자료이다. 
⋅지역의 박물관, 기념관, 유적지는 지역의 정체성을 보여준다. 
⋅지역의 역사적 문제는 역사 자료를 분석⋅해석⋅평가하여 해결한다.","⋅지역의 문화유산 알아보기 
⋅지역의 역사 이해하기
⋅지역의 역사적 문제 파악 하기",[4사06-01],"지역의 문화유산을 통해 문화유산의 의미와 유형을 알아보고, 문화유산의 가치를 탐색한다.","지역의 문화유산을 통해 문화유산의 의미, 유형, 가치를 탐구하고, 문화유산의 가치를 탐색하여 문화유산을 보존하려는 태도를 가진다.","지역의 문화유산을 통해 문화유산의 의미와 유형을 설명하고, 문화유산의 가치를 찾아 문화유산을 지키려는 태도를 가진다.","지역의 문화유산을 통해 문화유산의 의미와 유형을 탐색하고, 문화유산에 관심을 가진다.","[4사06-01]은 문화유산에 관한 기본 지식 및 가치를 지역의 문화유산을 통해 이해하도록 설정한 것이다. 지역 문화유산을 통해 문화유산의 의미와 유형을 알아보고, 이를 토대로 옛날 사람들의 생활 모습을 추론하며 과거와 현재를 이어주는 귀중한 자료로서 문화유산의 가치를 파악한다."
3~4,사회,지역사,,"⋅지역의 문화유산 알아보기 
⋅지역의 역사 이해하기
⋅지역의 역사적 문제 파악 하기",[4사06-02],"지역의 박물관, 기념관, 유적지 등을 체험하고 지역의 역사를 이해한다.","지역의 박물관, 기념관, 유적지 등을 체험하며 다양한 역사적 사실을 탐구하고 지역의 역사를 지키려는 태도를 가진다.","지역의 박물관, 기념관, 유적지 등을 체험하며 알게 된 역사적 사실을 설명하고 지역의 역사에 지속적으로 관심을 가진다.","지역의 박물관, 기념관, 유적지 등을 살펴보며 지역의 역사에 관심을 가진다.","[4사06-02]는 지역에 있는 박물관, 기념관, 유적지 등을 방문하여 지역의 역사를 이해하기 위해 설정한 것이다. 박물관, 기념관, 유적지 등을 온오프라인으로 방문하여 학생이 주도적으로 지역의 역사에 관한 지식을 습득하고 해석하며 표현한다. 그리고 지역의 역사를 보존하고 실천하는 태도를 기른다."
3~4,사회,경제,"⋅가계와 기업은 합리적 선택을 통해 소비와 금융, 생산 등의 경제활동에 참여하면서 각자의 역할을 수행한다.
⋅시장에서 가격은 수요와 공급을 통해 결정되고 다양한 요인으로 인해 변동한다.
⋅우리나라 경제에서는 경제 성장, 물가 변동, 실업 등의 현상이 나타나며, 세계화 과정에서 다른 나라와의 교역이 활발해지고 있다.","⋅자원의 희소성
⋅경제활동
⋅합리적 선택
⋅생산과 소비 활동",[4사07-01],"자원의 희소성으로 인해 경제활동에서 선택의 문제가 발생함을 이해하고, 경제활동에서 합리적 선택의 방법을 탐색한다.","자원의 희소성으로 인해 경제활동에서 선택의 문제가 발생하는 사례를 조사하고, 경제활동에서 합리적 선택의 방법을 실천할 수 있다.","자원의 희소성으로 인해 경제활동에서 선택의 문제가 발생함을 설명하고, 경제활동에서 합리적 선택의 방법을 탐색할 수 있다.",자원의 희소성으로 인해 경제활동에서 선택의 문제가 발생함을 말할 수 있다.,"[4사07-01]은 자원의 희소성 개념을 이해하고, 이를 바탕으로 경제활동에서 합리적 선택의 방법을 파악하도록 설정한 것이다. 여기서는 경제활동에서 선택의 문제가 발생하는 이유와 합리적 선택의 중요성을 이해하는 데 초점을 맞춘다."
3~4,사회,경제,,"⋅지역 간 교류
⋅상호의존 관계",[4사07-02],"생산과 소비 활동을 파악하고, 인적⋅물적 교류의 사례를 통해 각 지역 및 사람들이 상호의존 관계를 맺고 있음을 탐색한다.","사례를 통해 생산과 소비 활동을 분석하고, 여러 인적ㆍ물적 교류의 사례를 조사하여 각 지역 및 사람들이 상호 의존 관계를 맺고 있음을 도출할 수 있다.","사례를 통해 생산과 소비 활동을 구분하고, 인적ㆍ물적 교류의 사례를 통해 각 지역 및 사람들이 상호 의존 관계에 있음을 설명할 수 있다.","생산과 소비 활동을 구분하고, 인적ㆍ물적 교류의 사례를 조사할 수 있다.","[4사07-02]는 생산과 소비의 개념을 이해하고, 한 지역의 생산과 소비 활동이 다른 지역과 상호의존 관계에 있음을 이해하도록 설정한 것이다. 여기서는 지역에서 이루어지는 생산과 소비 활동의 사례를 통하여 한 지역의 경제활동이 다른 지역과 상호 의존 관계에 있다는 사실을 파악하는 데 초점을 맞춘다."
3~4,사회,정치,"⋅민주주의의 이념과 원리를 실현하기 위해서는 제도와 의식의 개선이 필요하다.
⋅다양한 정치 주체가 정치과정에 참여하며, 민주주의는 여러 제도와 시민 참여를 통해 실현된다.
⋅국제 사회에는 여러 행위 주체가 활동하며, 우리나라를 비롯한 국제 사회의 행위 주체는 다양한 국제 문제 해결을 위해 노력한다.","⋅민주주의의 의미
⋅학교 자치 사례
⋅주민 자치 사례",[4사08-01],"학교 자치 사례를 통하여 민주주의의 의미를 이해하고, 학교생활에서 민주주의를 실천하는 능력을 기른다.","학교 자치 활동의 사례를 조사하여 민주주의의 의미를 도출하고, 학교생활에서 민주주의를 실천하는 데 참여할 수 있다.","학교 자치 활동의 사례를 통하여 민주주의의 의미를 설명하고, 학교생활에서 민주주의를 실천하는 데 관심을 가진다.","학교 자치 활동의 사례를 통하여 민주주의의 의미를 제시하고, 학교생활에서 민주주의를 실천하고자 노력한다.","[4사08-01]은 학교 자치 사례를 통해 민주주의의 의미를 이해하고, 이를 바탕으로 학교생활에서 학교 자치를 실천할 수 있도록 설정한 것이다. 여기서는 학생이 학교 자치를 통해 민주주의를 실천하고 참여할 수 있는 능력을 기르는 데 초점을 맞춘다."
3~4,사회,정치,,"⋅민주주의의 실천
⋅주민 참여와 지역사회 문제 해결",[4사08-02],"지역에서 이루어지는 민주주의 사례를 통해 주민 자치와 주민 참여의 중요성을 파악하고, 지역사회의 문제 해결에 참여하는 태도를 기른다.","지역에서 이루어지는 민주주의의 사례를 통해 주민 자치와 주민 참여의 중요성을 설명하고, 지역사회에서 발생하는 문제를 조사하고 해결하기 위해 노력한다.","지역에서 이루어지는 민주주의의 사례를 통해 주민 자치와 주민 참여의 중요성을 파악하고, 지역사회에서 발생하는 문제와 이에 대한 해결에 관심을 가진다.","지역에서 이루어지는 민주주의의 사례를 통해 주민 자치와 주민 참여의 중요성을 파악하고, 지역사회에서 발생하는 문제에 주의를 기울인다.",[4사08-02]는 민주주의의 의미에 기초하여 마을이나 지역에서 이루어지는 주민 자치와 참여의 중요성을 파악하도록 설정한 것이다. 여기서는 마을이나 지역사회에서 이루어지는 민주주의의 사례를 통해 주민 자치와 주민 참여의 중요성을 이해하고 지역사회의 문제 해결에 관심을 갖고 참여하는 태도를 기르는 것에 초점을 맞춘다.
3~4,사회,정치,,"⋅민주주의의 실천
⋅주민 참여와 지역사회 문제 해결",[4사09-01],"생활 주변에서 찾을 수 있는 여러 가지 문제를 파악하고, 그 문제를 합리적으로 해결하는 능력을 기른다.","생활 주변에서 찾을 수 있는 지역의 여러 가지 문제를 조사하고, 그 문제를 합리적으로 해결하는 방안을 근거를 들어 제안할 수 있다.","생활 주변에서 찾을 수 있는 지역의 여러 가지 문제를 파악하고, 그 문제를 합리적으로 해결하기 위한 방안을 탐색할 수 있다.",생활 주변에서 찾을 수 있는 여러 가지 문제를 제시하고 문제 해결에 관심을 가진다.,"[4사09-01]은 각 지역에서 발생하는 문제를 민주적 방식으로 해결하는 과정과 방법을 습득하도록 설정한 것이다. 지리적 문제, 환경 문제, 사회적 문제, 역사적 문제 등 다양한 문제를 찾아서 토론을 통해 합리적으로 해결하는 방법과 능력을 배우는 데 초점을 맞춘다."
3~4,사회,지리 인식,"⋅지표상에 분포하는 모든 사건과 현상은 절대적, 상대적 위치와 다양한 규모의 영역을 차지한다.
⋅장소는 다른 장소와 차별되는 자연적⋅인문적 성격을 지니며, 특정 장소에 따른 장소감은 개인이나 집단에 따라 다양하다.
⋅지표 세계는 장소적 성격의 동질성, 기능적 상호 관련성, 지역민의 인지 등의 측면에서 다양하게 구분되며, 이렇게 구분된 지역은 고유한 지역성이 나타난다. 
⋅지도를 비롯한 다양한 공간자료와 도구를 통한 지리 정보 수집은 장소와 지역의 여러 현상과 사건을 분석하고 해석하며 추론하는 데 필수적이다.",,[4사09-02],"지역의 자연환경, 역사, 문화, 생산물 등을 알리려는 지역사회의 노력을 알고 관심을 갖는다.","지역의 자연환경, 역사, 문화, 생산물 등을 알리려는 지역사회의 여러 활동을 조사하고, 지역사회의 노력에 다양한 방식으로 참여할 수 있다.","지역의 자연환경, 역사, 문화, 생산물 등을 알리려는 지역사회의 활동을 조사하고, 지역사회의 노력에 지속적으로 관심을 가진다.","지역의 자연환경, 역사, 문화, 생산물 등을 알리려는 지역사회의 활동을 탐색할 수 있다.","[4사09-02]는 지역의 자연환경, 역사, 문화, 생산물 등을 알리기 위한 여러 활동을 조사하면서 지역을 이해하도록 설정한 것이다. 여기서는 지역의 자연환경, 역사, 문화, 생산물 등을 살펴보고, 지역에 관심을 가지며, 지역사회에 참여하는 태도를 기르는 데 주안점을 둔다."
3~4,사회,자연환경과 인간생활,"⋅지표상에는 다양한 기후 특성이 나타나며, 기후 환경은 특정 지역의 생활양식에 중요하게 작용한다.
⋅우리나라와 세계 각지에 다양한 지형 경관이 나타나고, 해당 지역의 인문환경과 인간생활에 중요한 영향을 미친다.
⋅인간은 자연환경에 의존하고 적응하며, 자연환경을 변형시키기도 한다. ",,[4사10-01],"여러 지역의 자연환경과 인문환경의 특징을 살펴보고, 환경의 이용과 개발에 따른 변화를 탐구한다.","여러 지역의 자연환경과 인문환경을 분석하여 특징을 파악하고, 개발과 보전에 관한 균형 있는 관점을 바탕으로 환경의 이용과 개발에 따른 변화를 설명할 수 있다.","여러 지역의 자연환경과 인문환경을 조사하여 우리 지역과의 유사점과 차이점을 발견하고, 환경의 이용과 개발에 따른 변화를 설명할 수 있다.","여러 지역의 자연환경과 인문환경을 조사하여 다양한 환경의 모습을 확인하고, 환경의 이용과 개발에 따른 변화를 살펴볼 수 있다.","[4사10-01]은 우리 지역과 다른 자연환경 및 인문환경이 나타나는 곳을 살펴보고, 환경의 이용과 개발로 변화한 모습을 탐구하도록 설정한 것이다. 여기서는 다양한 환경 특성을 파악하고, 개발로 인해 나타난 긍정적, 부정적 변화 모습을 균형 잡힌 관점으로 파악하는 데 중점을 둔다."
3~4,사회,인문환경과 인간생활,"⋅자연적, 인문적 특성은 특정 지역의 인구 분포, 인구 구성, 인구 이동에 영향을 미친다.
⋅장소나 지역에 따라 다양한 문화가 형성되고, 문화는 여러 요인에 의해 변동된다.
⋅도시와 촌락은 입지, 기능, 공간 구조와 경관 등의 측면에서 다양한 유형이 존재하며, 여러 요인에 의해 변화한다.
⋅인간의 경제활동은 자원이나 산업구조 등 지역의 특성에 따라 다양한 모습으로 나타나며, 교통과 통신은 시⋅공간적 제약을 감소시키고 지역을 변화시킨다. ",,[4사10-02],"사례에서 도시의 인구, 교통, 산업 등의 특징을 탐구하고, 도시에서의 삶의 모습을 이해한다.","우리나라 여러 도시의 사례를 분석하여 도시의 인구, 교통, 산업 등의 특징을 도출하고, 도시 생활의 장점과 단점을 중심으로 도시에서의 삶의 모습을 설명할 수 있다.","우리나라 여러 도시의 인구, 교통, 산업의 특징을 조사하고, 도시 생활의 장점과 단점을 설명할 수 있다.","우리나라 여러 도시의 인구, 교통, 산업의 특징을 찾을 수 있고, 도시에서의 생활 모습을 말할 수 있다.","[4사10-02]는 우리나라 여러 도시의 특징을 탐구하면서 도시에서 나타나는 삶의 모습을 종합적으로 이해하도록 설정한 것이다. 사례에서 도시의 경관, 인구, 교통, 산업, 생활방식의 특징을 이해하고 도시 생활의 좋은 점과 문제들을 파악하는 데 중점을 둔다."
3~4,수학,수와 연산,"⋅사물의 양은 자연수, 분수, 소수 등으로 표현되며, 수는 자연수에서 정수, 유리수, 실수로 확장된다.
⋅사칙계산은 자연수에 대해 정의되며 정수, 유리수, 실수의 사칙계산으로 확장되고 이때 연산의 성질이 일관되게 성립한다. 
⋅수와 사칙계산은 수학 학습의 기본이 되며, 실생활 문제를 포함한 다양한 문제를 해결하는 데 유용하게 활용된다.",⋅다섯 자리 이상의 수,[4수01-01],"[4수01-01] 큰 수의 필요성을 인식하면서 10000 이상의 큰 수에 대한 자릿값과 위치적 기수법을 이해하고, 수를 읽고 쓸 수 있다.","실생활에서 큰 수의 필요성을 설명하고, 10000 이상의 수를 각 자리의 숫자가 나타내는 수들의 합으로 나타내며, 수를 읽고 쓸 수 있다.","실생활에서 큰 수의 필요성을 알고, 10000 이상의 수에서 각 자리의 숫자가 나타내는 수를 말하며, 수를 읽고 쓸 수 있다.","실생활에서 큰 수가 사용됨을 알고, 수 카드, 자릿값 카드 등을 이용하여 10000 이상의 수에서 각 자리의 숫자가 나타내는 수를 알고, 수를 읽고 쓸 수 있다.",
3~4,수학,수와 연산,,⋅다섯 자리 이상의 수,[4수01-02],"[4수01-02] 다섯 자리 이상의 수의 범위에서 수의 계열을 이해하고, 수의 크기를 비교하며 그 방법을 설명할 수 있다.","수의 계열에 대한 이해를 바탕으로 다섯 자리 이상의 수를 여러 가지 방법으로 세며, 수의 크기를 비교하고 그 방법을 설명할 수 있다.","다섯 자리 이상의 수를 만, 억, 조씩 뛰어 세면서 수의 계열을 이해하고, 수의 크기를 비교할 수 있다.","안내된 절차에 따라 다섯 자리 이상의 수를 뛰어 세고, 간단한 두 수의 크기를 비교할 수 있다.",
3~4,수학,수와 연산,,⋅세 자리 수의 덧셈과 뺄셈,[4수01-03],[4수01-03] 세 자리 수의 덧셈과 뺄셈의 계산 원리를 이해하고 그 계산을 할 수 있다.,"받아올림이 있는 (세 자리 수)+(세 자리 수)와 받아내림이 있는 (세 자리 수)-(세 자리 수)를 계산하고, 그 계산 원리를 설명할 수 있다.","받아올림이 있는 (세 자리 수)+(세 자리 수)와 받아내림이 있는 (세 자리 수)-(세 자리 수)의 계산 원리를 이해하고, 그 계산을 할 수 있다.",안내된 절차에 따라 받아올림이 있는 (세 자리 수)+(세 자리 수)와 받아내림이 있는 (세 자리 수)-(세 자리 수)의 간단한 계산을 할 수 있다.,"[4수01-03] 덧셈은 세 자리 수의 범위에서 다루되, 합이 네 자리 수인 경우도 포함한다."
3~4,수학,수와 연산,,⋅자연수의 곱셈과 나눗셈,[4수01-04],[4수01-04] 곱하는 수가 한 자리 수 또는 두 자리 수인 곱셈의 계산 원리를 이해하고 그 계산을 할 수 있다.,"(두 자리 수)×(한 자리 수), (세 자리 수)×(한 자리 수), (두 자리 수)×(두 자리 수), (세 자리 수)×(두 자리 수)를 계산하고, 그 계산 원리를 설명할 수 있다.","(두 자리 수)×(한 자리 수), (세 자리 수)×(한 자리 수), (두 자리 수)×(두 자리 수), (세 자리 수)×(두 자리 수)의 계산 원리를 이해하고, 그 계산을 할 수 있다.","안내된 절차에 따라 (두 자리 수)×(한 자리 수), (두 자리 수)×(두 자리 수)의 간단한 계산을 할 수 있다.","[4수01-04] 곱셈은 ‘(두 자리 수)(한 자리 수)’, ‘(세 자리 수)(한 자리 수)’, ‘(두 자리 수)(두 자리 수)’, ‘(세 자리 수)(두 자리 수)’를 다룬다."
3~4,수학,수와 연산,,⋅자연수의 곱셈과 나눗셈,[4수01-05],"[4수01-05] 나눗셈이 이루어지는 실생활 상황과 연결하여 나눗셈의 의미를 알고, 곱셈과 나눗셈의 관계를 이해한다.","나눗셈이 이루어지는 실생활 상황과 연결하여 나눗셈의 의미를 설명하고, 한 가지 상황을 곱셈식과 나눗셈식으로 나타내어 곱셈과 나눗셈의 관계를 설명할 수 있다.","나눗셈이 이루어지는 실생활 상황과 연결하여 나눗셈의 의미를 이해하고, 이를 나눗셈식으로 나타내며, 한 가지 상황을 곱셈식과 나눗셈식으로 나타낼 수 있다.","안내된 절차에 따라 나눗셈이 이루어지는 실생활 상황을 나눗셈식으로 나타내고, 곱셈식을 나눗셈식으로, 나눗셈식을 곱셈식으로 나타낼 수 있다.",
3~4,수학,수와 연산,,⋅자연수의 곱셈과 나눗셈,[4수01-06],"[4수01-06] 나누는 수가 한 자리 수인 나눗셈의 계산 원리를 이해하고 그 계산을 할 수 있으며, 나눗셈에서 몫과 나머지의 의미를 안다.","나누는 수가 한 자리 수인 나눗셈을 계산하여 몫과 나머지를 구하고, 나눗셈에서 몫과 나머지의 의미와 계산 원리를 설명할 수 있다.","나누는 수가 한 자리 수인 나눗셈의 계산 원리를 이해하고, 그 계산을 하여 몫과 나머지를 구할 수 있다.",안내된 절차에 따라 나누는 수가 한 자리 수인 나눗셈을 하여 몫과 나머지를 구할 수 있다.,"[4수01-06] 나눗셈에서 ‘(두 자리 수)(한 자리 수)’는 나누어떨어지는 경우와 나누어떨어지지 않는 경우를 포함하여 몫과 나머지를 이해하게 한다.
"
3~4,수학,수와 연산,,⋅자연수의 곱셈과 나눗셈,[4수01-07],[4수01-07] 나누는 수가 두 자리 수인 나눗셈의 계산 원리를 이해하고 그 계산을 할 수 있다. ,"(두 자리 수)  (두 자리 수)와 (세 자리 수)  (두 자리 수)를 계산하고, 그 계산 원리를 설명할 수 있다.","(두 자리 수)  (두 자리 수)와 (세 자리 수)  (두 자리 수)의 계산 원리를 이해하고, 그 계산을 할 수 있다.",안내된 절차에 따라 (두 자리 수)  (두 자리 수)와 (세 자리 수)  (두 자리 수)의 간단한 계산을 할 수 있다.,"[4수01-07] 나누는 수가 두 자리 수인 나눗셈에서는 ‘(두 자리 수)(두 자리 수)’, ‘(세 자리 수)(두 자리 수)’를 다룬다.
"
3~4,수학,수와 연산,,⋅자연수의 곱셈과 나눗셈,[4수01-08],"[4수01-08] 자연수의 덧셈, 뺄셈, 곱셈, 나눗셈과 관련한 여러 가지 상황에서 어림셈을 할 수 있다. ","자연수의 덧셈, 뺄셈, 곱셈, 나눗셈에서 계산 결과를 어림하며, 어림셈을 이용하여 계산 결과가 타당한지를 확인하고, 실생활 문제를 해결할 수 있다.","자연수의 덧셈, 뺄셈, 곱셈, 나눗셈에서 계산 결과를 어림하며, 어림셈을 이용하여 계산 결과가 타당한지를 확인할 수 있다.","안내된 절차에 따라 간단한 자연수의 덧셈, 뺄셈, 곱셈, 나눗셈의 계산 결과를 어림할 수 있다.",
3~4,수학,수와 연산,,⋅분수,[4수01-09],"[4수01-09] 양의 등분할을 통하여 분수의 필요성을 인식하고, 분수를 이해하고 읽고 쓸 수 있다.","양의 등분할을 이용하여 분수의 필요성과 의미를 설명하고, 분수를 읽고 쓸 수 있다.","양의 등분할을 통하여 분수의 필요성과 의미를 알고, 분수를 읽고 쓸 수 있다.",안내된 절차에 따라 분모와 분자를 구별하여 분수를 읽고 쓸 수 있다.,"[4수01-09] 1보다 작은 양을 나타내는 경우를 통하여 분수의 필요성이나 그 표현의 편리함을 인식하게 할 수 있다. 양의 등분할을 통하여 분수를 도입할 때 부분과 전체를 파악하게 하고, ‘분모’, ‘분자’를 사용한다."
3~4,수학,수와 연산,,⋅분수,[4수01-10],"[4수01-10] 단위분수, 진분수, 가분수, 대분수를 알고, 그 관계를 이해한다.","단위분수, 진분수, 가분수, 대분수의 관계를 설명하고, 가분수를 대분수로, 대분수를 가분수로 나타낼 수 있다.","단위분수, 진분수, 가분수, 대분수를 알고, 가분수를 대분수로, 대분수를 가분수로 나타낼 수 있다.","안내된 절차에 따라 단위분수, 진분수, 가분수, 대분수를 구분하고, 가분수를 대분수로, 대분수를 가분수로 나타낼 수 있다.",
3~4,수학,수와 연산,,⋅분수,[4수01-11],"[4수01-11] 분모가 같은 분수끼리, 단위분수끼리 크기를 비교하고 그 방법을 설명할 수 있다.","분모가 같은 분수끼리, 단위분수끼리 크기를 비교하고, 그 방법을 설명할 수 있다.","분모가 같은 분수끼리, 단위분수끼리 크기를 비교할 수 있다.","구체물이나 그림을 보고 분모가 같은 분수끼리, 단위분수끼리 크기를 직관적으로 비교할 수 있다.",
3~4,수학,수와 연산,,⋅소수,[4수01-12],[4수01-12] 분모가 10인 진분수와 연결하여 소수 한 자리 수를 이해하고 읽고 쓸 수 있다.,"분모가 10인 진분수를 소수 한 자리 수로 나타내고 읽고 쓰며, 실생활에서 소수가 활용되는 사례를 찾아 소수의 필요성을 말할 수 있다.","분모가 10인 진분수를 소수 한 자리 수로 나타내고 읽고 쓰며, 실생활에서 소수가 활용되는 사례를 찾을 수 있다.","1/10 = 0.1임을 알고, 소수 한 자리 수를 읽고 쓸 수 있다.",
3~4,수학,수와 연산,,⋅소수,[4수01-13],[4수01-13] 자릿값의 원리를 바탕으로 소수 두 자리 수와 소수 세 자리 수를 이해하고 읽고 쓸 수 있다.,"소수 두 자리 수와 소수 세 자리 수에서 자릿값의 원리를 설명하고, 소수를 읽고 쓸 수 있다.","소수 두 자리 수와 소수 세 자리 수에서 자릿값의 원리를 이해하고, 소수를 읽고 쓸 수 있다.","안내된 절차에 따라 분모가 100, 1000인 분수를 소수로 나타내고, 그 소수를 읽을 수 있다.",
3~4,수학,수와 연산,,⋅소수,[4수01-14],[4수01-14] 소수의 크기를 비교하고 그 방법을 설명할 수 있다.,"여러 가지 소수의 크기를 비교하고, 그 방법을 설명할 수 있다.",여러 가지 소수의 크기를 비교할 수 있다.,구체물이나 그림을 이용하여 소수의 크기를 비교할 수 있다.,
3~4,수학,수와 연산,,⋅분모가 같은 분수의 덧셈과 뺄셈,[4수01-15],[4수01-15] 분모가 같은 분수의 덧셈과 뺄셈의 계산 원리를 이해하고 그 계산을 할 수 있다.,"분모가 같은 분수의 덧셈과 뺄셈을 여러 가지 방법으로 계산하고, 그 계산 원리를 설명할 수 있다.","분모가 같은 분수의 덧셈과 뺄셈의 계산 원리를 이해하고, 그 계산을 할 수 있다.",안내된 절차에 따라 분모가 같은 간단한 분수의 덧셈과 뺄셈을 할 수 있다.,
3~4,수학,수와 연산,,⋅소수의 덧셈과 뺄셈,[4수01-16],[4수01-16] 소수 두 자리 수의 범위에서 소수의 덧셈과 뺄셈의 계산 원리를 이해하고 그 계산을 할 수 있다.,"소수 두 자리 수의 범위에서 소수의 덧셈과 뺄셈을 계산하고, 그 계산 원리를 설명할 수 있다.","소수 두 자리 수의 범위에서 소수의 덧셈과 뺄셈의 계산 원리를 이해하고, 그 계산을 할 수 있다.",안내된 절차에 따라 소수 두 자리 수의 범위에서 간단한 소수의 덧셈과 뺄셈을 할 수 있다.,
3~4,수학,변화와 관계,"⋅변화하는 현상에 반복적인 요소로 들어있는 규칙은 수나 식으로 표현될 수 있으며, 규칙을 탐구하는 것은 수학적으로 추측하고 일반화하는 데 기반이 된다.
⋅동치 관계, 대응 관계, 비례 관계 등은 여러 현상에 들어있는 대상들 사이의 다양한 관계를 기술하고 복잡한 문제를 해결하는 데 유용하게 활용된다.
⋅수와 그 계산은 문자와 식을 사용하여 일반화되며, 특정한 관계를 만족시키는 미지의 값은 방정식과 부등식을 해결하는 적절한 절차를 거쳐 구해진다.
⋅한 양이 변함에 따라 다른 양이 하나씩 정해지는 두 양 사이의 대응 관계를 나타내는 함수와 그 그래프는 변화하는 현상 속의 다양한 관계를 수학적으로 표현한다.",⋅규칙,[4수02-01],"다양한 변화 규칙을 찾아 설명하고, 그 규칙을 수나 식으로 나타낼 수 있다.","여러 가지 배열에서 다양한 변화 규칙을 찾아 수나 식으로 나타내고, 그 방법을 설명할 수 있다.","주어진 배열에서 변화 규칙을 찾아 말하고, 그 규칙을 수나 식으로 나타낼 수 있다.",안내된 절차에 따라 간단한 배열에서 변화 규칙을 찾아 수나 식으로 나타낼 수 있다.,
3~4,수학,변화와 관계,,⋅규칙,[4수02-02],"계산식의 배열에서 규칙을 찾고, 계산 결과를 추측할 수 있다.","계산식의 배열에서 규칙을 찾아 계산 결과를 추측하고, 추측한 계산 결과가 옳은지 확인하여 설명할 수 있다.","계산식의 배열에서 규칙을 찾아 말하고, 계산 결과를 추측할 수 있다.",간단한 계산식의 배열에서 이어질 계산 결과를 추측할 수 있다.,"[4수02-02] 다양한 규칙을 찾을 수 있는 계산식의 배열, 수의 성질을 탐구할 수 있는 계산식의 배열을 다룬다."
3~4,수학,변화와 관계,,⋅동치 관계,[4수02-03],등호를 사용하여 크기가 같은 두 양의 관계를 식으로 나타낼 수 있다.,"등호를 사용하여 크기가 같은 두 양의 관계를 식으로 나타내고, 등호가 사용된 식이 옳은지를 설명할 수 있다.",등호를 사용하여 크기가 같은 두 양의 관계를 식으로 나타낼 수 있다.,안내된 절차에 따라 등호를 사용하여 크기가 같은 두 양의 관계를 식으로 나타낼 수 있다.,"[4수02-03] 등호(  )의 의미를 토대로 구체물, 그림 등을 사용하여 주어진 식이 옳은지 판단하는 활동, 크기가 같은 두 양을 찾는 활동 등을 통해 동치 관계를 이해하게 한다."
3~4,수학,도형과 측정,"⋅평면도형과 입체도형은 여러 가지 모양을 범주화한 것이며, 각각의 평면도형과 입체도형은 고유한 성질을 갖는다.

⋅도형의 성질과 관계를 탐구하고 정당화하는 것은 논리적이고 비판적으로 사고하는 데 기반이 된다.

⋅측정은 여러 가지 속성의 양을 비교하고 속성에 따른 단위를 이용하여 양을 수치화함으로써 여러 가지 현상을 해석하거나 실생활 문제를 해결하는 데 활용된다.",⋅도형의 기초,[4수03-01],"직선, 선분, 반직선을 이해하고 구별할 수 있다.","직선, 선분, 반직선의 예를 제시하고, 그 차이를 설명할 수 있다.","주어진 도형에서 직선, 선분, 반직선을 구별하고, 그 차이를 말할 수 있다.","주어진 도형에서 직선, 선분, 반직선을 구별할 수 있다.",
3~4,수학,도형과 측정,,⋅도형의 기초,[4수03-02],"각과 직각을 이해하고, 직각과 비교하는 활동을 통하여 예각과 둔각을 구별할 수 있다.","각, 직각의 예를 제시하고, 직각과 비교하여 예각과 둔각의 차이를 설명할 수 있다.","주어진 도형에서 각과 직각을 찾고, 여러 가지 각을 직각, 예각, 둔각으로 분류할 수 있다.","주어진 도형에서 각을 찾고, 직각이 있는 구체물을 이용하여 직각, 예각, 둔각을 찾을 수 있다.",
3~4,수학,도형과 측정,,⋅도형의 기초,[4수03-03],직선의 수직 관계와 평행 관계를 이해한다.,"수직 관계인 두 직선이나 평행 관계인 두 직선을 그리고, 그 성질을 설명할 수 있다.","수직과 평행의 의미를 알고, 주어진 그림에서 수직 관계 또는 평행 관계인 직선을 찾을 수 있다.",안내된 절차에 따라 주어진 그림에서 한 직선에 수직 또는 평행인 직선을 찾을 수 있다.,
3~4,수학,도형과 측정,,⋅평면도형의 이동,[4수03-04],"구체물이나 평면도형의 밀기, 뒤집기, 돌리기 활동을 통하여 그 변화를 이해한다.","구체물이나 평면도형의 밀기, 뒤집기, 돌리기를 한 결과를 예상하고, 위치나 방향의 변화를 설명할 수 있다.","구체물이나 평면도형의 밀기, 뒤집기, 돌리기를 하고, 위치나 방향의 변화를 말할 수 있다.","간단한 구체물이나 평면도형의 밀기, 뒤집기, 돌리기를 하고, 그 결과를 그림으로 나타낼 수 있다.",[4수03-04] 실생활에서 평면도형의 이동을 활용한 사례를 찾아서 이동에 따른 변화를 추론하고 위치나 방향이 어떻게 변화했는지 설명하게 한다.
3~4,수학,도형과 측정,,⋅평면도형의 이동,[4수03-05],평면에서 점의 이동에 대해 위치와 방향을 이용하여 설명할 수 있다.,"평면에서 점을 이동하고, 그 결과를 위치와 방향의 용어(위, 아래, 오른쪽, 왼쪽, ~칸, ~cm 등)를 사용하여 여러 가지 방법으로 설명할 수 있다.","평면에서 점의 이동을 위치와 방향의 용어(위, 아래, 오른쪽, 왼쪽, ~칸, ~cm 등)를 사용하여 말할 수 있다.",안내된 절차에 따라 주어진 점을 위치와 방향에 맞게 이동할 수 있다.,"[4수03-05] 평면에서 점의 이동은 격자를 따라 위, 아래, 오른쪽, 왼쪽으로 ‘∼칸’, ‘∼cm’를 이동하는 수준에서 다룬다. 한 점의 이동에 대해 위치와 방향을 설명하는 데 초점을 두고, 꼭짓점의 이동을 이용하여 평면도형의 이동을 설명하는 활동은 다루지 않는다."
3~4,수학,도형과 측정,,⋅원의 구성 요소,[4수03-06],"원의 중심, 반지름, 지름을 이해하고, 그 성질을 안다.","원의 중심, 반지름, 지름에 대한 이해를 바탕으로 원의 여러 가지 성질을 찾아 설명할 수 있다.","원의 중심, 반지름, 지름을 이해하고, 이를 이용하여 원의 성질을 찾을 수 있다.","주어진 원에서 원의 중심, 반지름, 지름을 찾을 수 있다.",
3~4,수학,도형과 측정,,⋅원의 구성 요소,[4수03-07],컴퍼스를 이용하여 여러 가지 크기의 원을 그릴 수 있다.,"컴퍼스를 이용하여 여러 가지 크기의 원을 그리고, 원의 중심, 반지름, 지름을 이용하여 그 방법을 설명할 수 있다.",컴퍼스를 이용하여 주어진 원과 크기가 같은 원을 그릴 수 있다.,컴퍼스를 이용하여 원을 그릴 수 있다.,[4수03-07] 컴퍼스를 사용하여 다양한 크기의 원을 그리는 방법을 원의 성질과 연결하여 이해하게 한다.
3~4,수학,도형과 측정,,⋅여러 가지 삼각형,[4수03-08],"여러 가지 모양의 삼각형에 대한 분류 활동을 통하여 이등변삼각형, 정삼각형을 이해하고, 그 성질을 탐구하고 설명할 수 있다.","여러 가지 삼각형을 분류하는 활동을 통하여 이등변삼각형과 정삼각형을 구분하고, 각각의 성질을 설명할 수 있다.","주어진 삼각형에서 이등변삼각형과 정삼각형을 찾고, 각각의 성질을 말할 수 있다.",구체적 조작 활동을 통하여 주어진 삼각형에서 이등변삼각형과 정삼각형을 찾을 수 있다.,
3~4,수학,도형과 측정,,⋅여러 가지 삼각형,[4수03-09],"여러 가지 모양의 삼각형에 대한 분류 활동을 통하여 직각삼각형, 예각삼각형, 둔각삼각형을 이해한다.","여러 가지 삼각형을 분류하는 활동을 통하여 직각삼각형, 예각삼각형, 둔각삼각형을 구분하고, 그 차이를 설명할 수 있다.","주어진 삼각형을 직각삼각형, 예각삼각형, 둔각삼각형으로 구분할 수 있다.","구체적 조작 활동을 통하여 주어진 삼각형에서 직각삼각형, 예각삼각형, 둔각삼각형을 찾을 수 있다.",
3~4,수학,도형과 측정,,⋅여러 가지 사각형,[4수03-10],"여러 가지 모양의 사각형에 대한 분류 활동을 통하여 직사각형, 정사각형, 사다리꼴, 평행사변형, 마름모를 이해하고, 그 성질을 탐구하고 설명할 수 있다.","여러 가지 사각형을 분류하는 활동을 통하여 직사각형, 정사각형, 사다리꼴, 평행사변형, 마름모를 구분하고, 각각의 성질을 설명할 수 있다.","주어진 사각형에서 직사각형, 정사각형, 사다리꼴, 평행사변형, 마름모를 찾고, 그 성질을 말할 수 있다.","구체적 조작 활동을 통하여 주어진 사각형에서 직사각형, 정사각형, 사다리꼴, 평행사변형, 마름모를 찾을 수 있다.",
3~4,수학,도형과 측정,,⋅다각형,[4수03-11],다각형과 정다각형을 이해한다.,"다각형과 정다각형의 여러 가지 예를 제시하고, 각 도형의 공통점을 설명할 수 있다.","주어진 도형에서 다각형과 정다각형을 찾고, 그 의미를 말할 수 있다.",주어진 도형에서 다각형과 정다각형을 찾을 수 있다.,"[4수03-11] 도형판, 모양 조각 등의 교구를 이용한 구체적인 조작 활동을 통해 다각형과 정다각형을 이해하게 한다."
3~4,수학,도형과 측정,,⋅평면도형의 이동,[4수03-12],주어진 도형을 이용하여 여러 가지 모양을 만들거나 채우고 설명할 수 있다.,"주어진 도형을 이용하여 여러 가지 모양을 만들거나 채우고, 그 방법을 설명할 수 있다.",주어진 도형을 이용하여 모양을 만들거나 채울 수 있다.,안내된 절차에 따라 주어진 도형을 이용하여 일부가 제시된 모양의 전체를 완성할 수 있다.,[4수03-12] 다양한 교구와 공학 도구 등을 이용한 구체적인 활동을 통해 주어진 도형으로 여러 가지 모양을 다양하게 만들거나 채울 수 있다.
3~4,수학,도형과 측정,,⋅시각과 시간(초),[4수03-13],"1분과 1초의 관계를 이해하고, 초 단위까지 시각을 읽을 수 있다.","1분과 1초의 관계를 이용하여 여러 가지 시각을 초 단위까지 읽으며, 시계에 나타낼 수 있다.","1분이 60초임을 알고, 여러 가지 시각을 초 단위까지 읽을 수 있다.","1분이 60초임을 알고, 안내된 절차에 따라 주어진 시각을 초 단위까지 읽을 수 있다.",
3~4,수학,도형과 측정,,⋅시각과 시간(초),[4수03-14],실생활 문제 상황과 연결하여 초 단위까지의 시간의 덧셈과 뺄셈을 할 수 있다.,"실생활 문제 상황을 초 단위까지 시간의 덧셈과 뺄셈으로 나타내어 계산하고, 그 과정을 설명할 수 있다.","실생활 문제 상황을 초 단위까지 시간의 덧셈과 뺄셈으로 나타내고, 그 계산을 할 수 있다.",안내된 절차에 따라 초 단위까지의 간단한 시간의 덧셈과 뺄셈을 할 수 있다.,
3~4,수학,도형과 측정,,"⋅길이(mm, km
",[4수03-15],"길이 단위 1mm와 1km를 알고, 이를 이용하여 길이를 측정하고 어림하며 수학의 유용성을 인식할 수 있다.","1mm와 1km를 이용하여 여러 가지 길이를 측정하거나 어림하고, 실생활에서 이를 활용하는 예를 찾아 수학의 유용성을 설명할 수 있다.","1mm와 1km를 이용하여 길이를 측정하거나 어림하고, 실생활에서 이를 활용하는 예에서 수학의 유용성을 인식한다.",안내된 절차에 따라 1mm와 1km를 이용하여 길이를 측정할 수 있다.,
3~4,수학,도형과 측정,,"⋅길이(mm, km
",[4수03-16],"1cm와 1mm, 1km와 1m의 관계를 이해하고, 길이를 ‘몇 cm 몇 mm’와 ‘몇 mm’, ‘몇 km 몇 m’와 ‘몇 m’로 다양하게 표현할 수 있다.","길이를 여러 가지 방법으로 표현하고, 1cm와 1mm, 1km와 1m의 관계를 설명할 수 있다.","주어진 길이를 ‘몇 cm 몇 mm’와 ‘몇 mm’, ‘몇 km 몇 m’와 ‘몇 m’로 표현할 수 있다.","안내된 절차에 따라 ‘몇 cm’를 ‘몇 mm’로, ‘몇 km’를 ‘몇 m’로 표현할 수 있다.",
3~4,수학,도형과 측정,,"⋅들이(L, mL
",[4수03-17],"들이 단위 1L와 1mL를 알고, 이를 이용하여 들이를 측정하고 어림하며 수학의 유용성을 인식할 수 있다.","1L와 1mL를 이용하여 여러 가지 들이를 측정하거나 어림하고, 실생활에서 이를 활용하는 예를 찾아 수학의 유용성을 설명할 수 있다.","1L와 1mL를 이용하여 들이를 측정하거나 어림하고, 실생활에서 이를 활용하는 예에서 수학의 유용성을 인식한다.",안내된 절차에 따라 1L와 1mL를 이용하여 간단한 들이를 측정할 수 있다.,
3~4,수학,도형과 측정,,"⋅들이(L, mL)",[4수03-18],"1L와 1mL의 관계를 이해하고, 들이를 ‘몇 L 몇 mL’와 ‘몇 mL’로 표현할 수 있다.","들이를 ‘몇 L 몇 mL’ 또는 ‘몇 mL’로 표현하고, 1L와 1mL의 관계를 설명할 수 있다.",주어진 들이를 ‘몇 L 몇 mL’와 ‘몇 mL’로 표현할 수 있다.,"안내된 절차에 따라 ‘몇 L’를 ‘몇 mL’로, ‘몇 mL’를 ‘몇 L’로 표현할 수 있다.",
3~4,수학,도형과 측정,,"⋅들이(L, mL)",[4수03-19],실생활 문제 상황과 연결하여 들이의 덧셈과 뺄셈을 할 수 있다.,"실생활 문제 상황을 들이의 덧셈과 뺄셈으로 나타내어 계산하고, 그 과정을 설명할 수 있다.","실생활 문제 상황을 들이의 덧셈과 뺄셈으로 나타내고, 그 계산을 할 수 있다.",안내된 절차에 따라 간단한 들이의 덧셈과 뺄셈을 할 수 있다.,
3~4,수학,도형과 측정,,"⋅무게(kg, g, t)",[4수03-20],"실생활에서 무게를 나타낼 때 사용하는 단위 1g과 1kg을 알고, 이를 이용하여 무게를 측정하고 어림하며 수학의 유용성을 인식할 수 있다.","1g과 1kg을 이용하여 여러 가지 무게를 측정하거나 어림하고, 실생활에서 1g과 1kg을 활용하는 예를 찾아 수학의 유용성을 설명할 수 있다.","1g과 1kg을 이용하여 무게를 측정하거나 어림하고, 실생활에서 이를 활용하는 예를 찾아 수학의 유용성을 인식한다.",안내된 절차에 따라 1g과 1kg을 이용하여 간단한 무게를 측정할 수 있다.,"[4수03-20] 초등학교에서는 무게와 질량의 개념을 엄밀하게 구분하지 않으며, 무게를 비교하고 측정하는 데에 g, kg의 단위를 사용하게 한다."
3~4,수학,도형과 측정,,"⋅무게(kg, g, t)",[4수03-21],"1kg과 1g의 관계를 이해하고, 무게를 ‘몇 kg 몇 g’과 ‘몇 g’으로 표현할 수 있다.","무게를 ‘몇 kg 몇 g’ 또는 ‘몇 g’으로 표현하고, 1kg과 1g의 관계를 설명할 수 있다.",주어진 무게를 ‘몇 kg 몇 g’과 ‘몇 g’으로 표현할 수 있다.,"안내된 절차에 따라 ‘몇 kg’을 ‘몇 g’으로, ‘몇 g’을 ‘몇 kg’으로 표현할 수 있다.",
3~4,수학,도형과 측정,,"⋅무게(kg, g, t)",[4수03-22],"실생활에서 무게를 나타낼 때 사용하는 단위 1t을 알고, 1t과 1kg의 관계를 이해한다.","실생활에서 t를 활용하는 예를 찾고, 1t과 1kg의 관계를 이용하여 다양한 무게를 표현할 수 있다.","1t이 1000kg임을 이용하여 ‘몇 t’을 ‘몇 kg’으로, ‘몇 kg’을 ‘몇 t’으로 표현할 수 있다.","안내된 절차에 따라 ‘몇 t’을 ‘몇 kg’으로, ‘몇 kg’을 ‘몇 t’으로 표현할 수 있다.",
3~4,수학,도형과 측정,,"⋅무게(kg, g, t)",[4수03-23],실생활 문제 상황과 연결하여 무게의 덧셈과 뺄셈을 할 수 있다.,"실생활 문제 상황을 무게의 덧셈과 뺄셈으로 나타내어 계산하고, 그 과정을 설명할 수 있다.","실생활 문제 상황을 무게의 덧셈과 뺄셈으로 나타내고, 그 계산을 할 수 있다.",안내된 절차에 따라 간단한 무게의 덧셈과 뺄셈을 할 수 있다.,
3~4,수학,도형과 측정,,⋅각도(  ˚  ),[4수03-24],"각의 크기의 단위인 1도(°)를 알고, 각도기를 이용하여 각의 크기를 측정하고 어림할 수 있다.","각도기를 이용하여 여러 가지 각의 크기를 측정하거나 어림하고, 그 방법을 설명할 수 있다.","각의 크기의 단위인 1도(°)를 알고, 각도기를 이용하여 주어진 각의 크기를 측정하거나 어림할 수 있다.",안내된 절차에 따라 각도기를 이용하여 간단한 각의 크기를 측정할 수 있다.,
3~4,수학,도형과 측정,,,[4수03-25],"여러 가지 방법으로 삼각형과 사각형의 내각의 크기의 합을 추론하고, 자신의 추론 과정을 설명할 수 있다.","삼각형과 사각형의 내각의 크기의 합을 여러 가지 방법으로 추론하고, 그 방법을 설명할 수 있다.","구체물이나 그림을 이용하여 삼각형과 사각형의 내각의 크기의 합이 각각 180°, 360°임을 설명할 수 있다.","삼각형과 사각형의 내각의 크기의 합이 각각 180°, 360°임을 말할 수 있다.",
3~4,수학,자료와가능성 ,"⋅자료를 수집, 정리, 해석하는 통계는 자료의 특징을 파악하고 두 집단을 비교하며 자료의 관계를 탐구하는 데 활용된다.
⋅사건이 일어날 가능성을 여러 가지 방법으로 표현하는 것은 불확실성을 이해하는 데 도움이 되며, 가능성을 확률로 수치화하면 불확실성을 수학적으로 다룰 수 있게 된다.
⋅자료를 이용하여 통계적 문제해결 과정을 실천하고 생활 속의 가능성을 탐구하는 것은 미래를 예측하고 합리적인 의사 결정을 하는 데 기반이 된다.","⋅그림그래프
⋅막대그래프 ",[4수04-01],자료를 수집하여 그림그래프나 막대그래프로 나타내고 해석할 수 있다.,"실생활 자료를 수집하여 그림그래프나 막대그래프로 나타내고, 그래프를 해석할 수 있다.","주어진 자료를 그림그래프나 막대그래프로 나타내고, 그래프에서 여러 가지 사실을 찾을 수 있다.","안내된 절차에 따라 일부가 제시된 그림그래프나 막대그래프를 완성하고, 그래프에서 간단한 사실을 찾을 수 있다.",
3~4,수학,자료와가능성 ,,⋅꺾은선그래프,[4수04-02],자료를 수집하여 꺾은선그래프로 나타내고 해석할 수 있다.,"실생활 자료를 수집하여 꺾은선그래프로 나타내고, 그래프를 해석할 수 있다.","주어진 자료를 꺾은선그래프로 나타내고, 그래프에서 여러 가지 사실을 찾을 수 있다.","안내된 절차에 따라 일부가 제시된 꺾은선그래프를 완성하고, 그래프에서 간단한 사실을 찾을 수 있다.",
3~4,수학,자료와가능성 ,,"⋅막대그래프 
⋅꺾은선그래프",[4수04-03],"탐구 문제를 해결하기 위해 자료를 수집, 정리하여 막대그래프나 꺾은선그래프로 나타내고 해석할 수 있다.","탐구 문제를 해결하기 위해 자료를 수집, 정리하여 막대그래프나 꺾은선그래프로 나타내고, 그 그래프를 해석할 수 있다.","자료를 정리하여 막대그래프나 꺾은선그래프로 나타내고, 그래프에서 여러 가지 사실을 찾을 수 있다.","안내된 절차에 따라 주어진 자료를 막대그래프나 꺾은선그래프로 나타내고, 그래프에서 간단한 사실을 찾을 수 있다.","[4수04-03] 여러 가지 문제를 해결하기 위해 자료를 수집, 정리하고 그래프로 나타내어 해석하는 일련의 과정을 직접 경험하게 한다. 자료의 크기를 비교할 때는 막대그래프로, 시간에 따른 변화의 경향을 알아볼 때는 꺾은선그래프로 나타내는 것이 편리함을 알고, 자료의 특성에 따라 목적에 맞는 적절한 그래프를 선택하게 한다."
3~4,과학,운동과 에너지,"⋅자연과 일상생활 속의 여러 가지 힘은 물체의 속력과 운동 방향을 변화시키고, 물체의 운동은 힘과 에너지를 통해 예측할 수 있으며, 이는 안전한 일상생활의 토대가 된다.
⋅전하와 전류는 다양한 전기와 자기 현상을 일으키고, 전기와 자기에 대한 성질은 전구, 전동기 등 여러 가지 전기 기구의 작동 원리로 유용하게 활용된다.
⋅열은 온도가 높은 곳에서 낮은 곳으로 이동하며, 일상생활에서는 단열 등 다양한 분야에 물질의 열적 성질이나 열의 이동 방식이 이용된다.
⋅빛과 소리는 반사, 굴절, 진동 등 파동의 특성을 가지며, 그 특성은 거울, 렌즈, 악기, 색의 구현 등 편리하고 심미적인 삶에 도움이 된다.",⋅밀기와 당기기,[4과01-01],"일상생활에서 힘과 관련된 현상에 흥미를 갖고, 물체를 밀거나 당길 때 나타나는 현상을 관찰할 수 있다.","일상생활에서 힘과 관련된 현상에 흥미를 가지고, 무거운 물체와 가벼운 물체를 밀거나 당길 때 드는 힘의 크기를 비교하여 설명할 수 있다.",물체를 밀거나 당길 때 나타나는 현상에 흥미를 가지고 이를 관찰할 수 있다.,물체를 밀거나 당길 때 나타나는 현상에 흥미를 가지고 이를 관찰할 수 있다.,[4과01-01] 무거운 물체를 밀고 당길 때와 가벼운 물체를 밀고 당길 때 드는 힘의 크기를 느끼는 데 중점을 둔다.
3~4,과학,운동과 에너지,,⋅무게 ,[4과01-02],수평잡기 활동을 통해 물체의 무게를 비교할 수 있다.,수평잡기 활동을 통해 무게가 같거나 다른 여러 물체의 무게를 비교할 수 있다.,수평잡기 활동에서 기울어지는 현상을 관찰하여 두 물체 중에서 무거운 물체를 찾을 수 있다.,수평잡기 활동을 통해 물체의 무게가 서로 다름을 알 수 있다.,
3~4,과학,운동과 에너지,,⋅수평잡기,[4과01-03],"무게를 정확히 비교하기 위해서는 저울이 필요함을 알고, 저울을 사용해 무게를 비교할 수 있다.","저울의 필요성을 알고, 저울을 사용해 여러 가지 물체들의 무게를 비교할 수 있으며, 이 과정을 통해 과학의 유용성을 인식한다.","저울의 필요성을 알고, 저울을 사용해 물체의 무게를 측정할 수 있다.",일상생활에서 물체의 무게를 측정하기 위해 저울이 사용되고 있음을 말할 수 있다.,"[4과01-03] 무게와 질량을 구분하지 않으며 무게를 비교하는 단위로 g, ㎏을 사용한다."
3~4,과학,운동과 에너지,,⋅도구의 이용,[4과01-04],"지레, 빗면과 같은 도구를 이용하면 물체를 들어 올릴 때 드는 힘의 크기가 달라짐을 알고, 도구가 일상생활에서 어떻게 쓰이는지 조사하여 공유할 수 있다.","지레, 빗면과 같은 도구를 이용하면 작은 힘으로 물체를 들 수 있음을 알고, 일상생활에서 도구가 사용되는 예를 조사하여 공유할 수 있으며, 이 과정을 통해 도구 사용의 과학적 유용성을 인식한다.","지레, 빗면을 사용하면 작은 힘으로 물체를 들 수 있다는 사실을 알고, 도구가 사용되는 예를 조사할 수 있다.",일상생활에서 물체를 들어 올릴 때 지레와 빗면과 같은 도구가 사용되고 있음을 말할 수 있다.,"[4과01-04] 지레, 빗면과 같은 간단한 도구를 이용할 때 힘의 크기가 달라진다는 점을 관찰하는 데 중점을 두며, 도구의 원리나 구조적 특성을 다루지 않는다."
3~4,과학,생명,"⋅생물은 세포로 이루어져 있고, 여러 구성 단계가 유기적으로 연관되어 있으며, 조화로운 작용을 통해 건강한 몸을 유지한다.
⋅식물은 광합성으로 양분을 만들며, 생물은 호흡을 통해 생명 활동에 필요한 에너지를 얻는다.
⋅동물은 다양한 감각 기관을 통해 자극을 받아들이고, 신경계와 호르몬의 작용을 통해 반응한다.
⋅생물은 생식을 통해 자손을 생산하고, 생물의 형질은 유전자에 의해 자손에게 전달되며, 생물의 유전 현상은 사람의 가계에서도 관찰된다.
⋅우리 주변의 다양한 생물은 환경과 영향을 주고받으며 밀접한 관계를 맺고 있으며, 생물다양성은 생태계와 인간의 삶과도 밀접하게 관련되어 있다.",⋅동물의 생김새,[4과02-01],여러 가지 동물을 관찰하여 특징에 따라 동물을 분류할 수 있다.,여러 가지 동물을 관찰하고 특징에 따라 분류 기준을 정하여 동물을 분류할 수 있다.,여러 가지 동물을 관찰하여 공통된 특징과 구별되는 특징을 말할 수 있다.,여러 가지 동물을 관찰하여 그 특징을 말할 수 있다.,[4과02-01] 동물의 형태적 특징을 찾고 그 특징에 따라 분류 기준을 정하여 분류하는 활동을 하도록 하며 생물학적 분류 체계는 다루지 않는다.
3~4,과학,생명,,⋅동물의 생김새,[4과02-02],다양한 환경에 서식하는 동물을 조사하여 동물의 생김새와 생활 방식이 환경과 관련되어 있음을 설명할 수 있다.,다양한 환경에 서식하는 동물을 조사하여 동물의 생김새와 생활 방식이 사는 환경과 어떻게 관련되어 있는지 설명할 수 있다.,다양한 환경에 따라 동물의 생김새와 생활 방식이 다름을 발표할 수 있다.,다양한 환경에 사는 동물의 생김새를 말할 수 있다.,"[4과02-02] 서식지에 따른 동물의 생김새와 생활 방식의 다양성을 다루고, 적응 개념은 다루지 않는다."
3~4,과학,생명,,⋅동물의 생김새,[4과02-03],동물의 특징을 이용하여 일상생활에서 활용할 수 있는 생활용품을 설계하여 협력적으로 소통할 수 있다.,동물의 특징을 이용하여 일상생활에서 활용할 수 있는 생활용품을 독창적인 아이디어로 설계하고 협력적으로 소통할 수 있다.,동물의 특징을 이용하여 일상생활에서 활용할 수 있는 생활용품을 설계하고 발표할 수 있다.,동물의 특징을 이용하여 설계한 생활용품을 말할 수 있다.,
3~5,과학,생명,,⋅식물의 생김새,[4과03-01],여러 가지 식물을 관찰하여 특징에 따라 식물을 분류할 수 있다.,여러 가지 식물을 관찰하고 특징에 따라 분류 기준을 정하여 식물을 분류할 수 있다.,여러 가지 식물을 관찰하여 공통된 특징과 구별되는 특징을 말할 수 있다.,여러 가지 식물을 관찰하여 그 특징을 말할 수 있다.,[4과03-01] 여러 가지 식물의 잎을 채집해 생김새 등과 같은 외형적 특징에 따라 기준을 세워 분류하는 활동을 하며 생물학적 분류 체계는 다루지 않는다.
3~6,과학,생명,,⋅식물의 생김새,[4과03-02],다양한 환경에 서식하는 식물을 조사하여 식물의 생김새와 생활 방식이 환경과 관련되어 있음을 설명할 수 있다.,다양한 환경에 서식하는 식물을 조사하여 식물의 생김새와 생활 방식이 서식하는 환경과 어떻게 관련되어 있는지 설명할 수 있다.,다양한 환경에 따라 식물의 생김새와 생활 방식이 다름을 발표할 수 있다.,다양한 환경에 서식하는 식물의 생김새를 말할 수 있다.,"[4과03-02] 서식지에 따른 식물의 생김새와 생활 방식의 다양성을 다루고, 적응 개념은 다루지 않는다."
3~7,과학,생명,,⋅식물의 생김새,[4과03-03],식물의 특징을 이용하여 일상생활에서 활용할 수 있는 생활용품을 설계하여 협력적으로 소통할 수 있다.,식물의 특징을 이용하여 일상생활에서 활용할 수 있는 생활용품을 독창적인 아이디어로 설계하고 협력적으로 소통할 수 있다.,식물의 특징을 이용하여 일상생활에서 활용할 수 있는 생활용품을 설계하고 발표할 수 있다.,식물의 특징을 이용하여 설계한 생활용품을 말할 수 있다.,
3~4,과학,생명,,⋅동물의 생김새,[4과04-01],"동물의 한살이를 직접 관찰하고, 관찰한 내용을 글과 그림으로 표현할 수 있다.","동물을 직접 기르면서 동물의 한살이를 관찰하고, 관찰한 내용을 글과 그림으로 표현하여 관찰 보고서를 쓸 수 있다.",곤충의 한살이를 관찰하여 곤충의 모습이 달라짐을 말할 수 있다.,곤충의 한살이를 관찰할 수 있다.,
3~4,과학,생명,,⋅식물의 생김새,[4과04-02],식물이 자라는 데 필요한 조건을 찾는 실험을 설계하여 수행할 수 있다.,"씨가 싹 트거나 식물이 자라는 데 필요한 조건을 찾는 실험을 설계하여 수행하고, 그 결과를 설명할 수 있다.",식물이 자라는 데 필요한 조건을 찾는 실험을 설계할 수 있다.,식물이 자라는 데 필요한 조건을 말할 수 있다.,"[4과04-02] 씨가 싹트는데 필요한 조건은 물과 온도로 한정하고, 식물이 자라는데 필요한 조건은 물과 햇빛으로 제한한다."
3~4,과학,생명,,"⋅동물의 생김새
⋅식물의 생김새",[4과04-03],생물의 한살이 과정을 조사하여 생물에 따라 한살이의 유형이 다양함을 소개하는 자료를 만들어 공유할 수 있다.,"여러 가지 생물의 한살이 과정을 조사하여 생물에 따라 한살이 유형이 다양함을 이해하고, 이를 소개하는 자료를 만들어 공유할 수 있다.",여러 가지 생물의 한살이 과정을 조사하여 생물에 따라 한살이 유형이 다양함을 말할 수 있다.,여러 가지 생물의 한살이 과정을 조사할 수 있다.,"[4과04-03] 한살이의 유형을 이해하는 생물의 범위는 동물과 식물에 한정하여 다루고, 식물의 한살이 유형은 한해살이와 여러해살이로 구분하여 이해하도록 한다."
3~4,과학,물질,"⋅물질은 여러 가지 상태로 존재하며, 구성 입자의 운동에 따라 물질의 상태와 물리적 성질이 변한다.
⋅물질의 상태 변화 및 화학 반응에는 에너지 출입이 수반되며, 이는 일상생활에 유용하게 활용된다.
⋅물질은 서로 구분할 수 있는 고유한 특성을 가지며, 물질의 특성은 일상생활의 다양한 혼합물 분리에 이용된다.
⋅화학 반응을 통해 물질은 다른 물질로 변하며, 화학 반응의 규칙성은 새로운 물질의 생성 원리가 된다.",⋅물체와 물질,[4과05-01],"물체를 이루는 여러 가지 물질의 성질을 비교하고, 물질의 종류에 따라 물체를 분류할 수 있다.","물체를 이루는 여러 가지 물질의 성질을 비교하여 설명하고, 물질의 종류에 따라 물체를 분류할 수 있다.",물체를 이루는 여러 가지 물질의 성질을 관찰하여 비교할 수 있다.,물체를 이루는 물질이 여러 가지임을 말할 수 있다.,"[4과05-01] 나무, 철, 유리, 플라스틱 등 학생들이 일상생활에서 쉽게 접할 수 있는 물질의 다양한 성질을 관찰하고 비교하는 활동에 중점을 두고, 이를 바탕으로 여러 가지 물체를 물질의 종류에 따라 분류하도록 한다."
3~4,과학,물질,,⋅물질의 세 가지 상태,[4과05-02],"물질의 세 가지 상태인 고체, 액체, 기체의 성질을 관찰하여 비교할 수 있다.","실험을 통해 물질의 세 가지 상태인 고체, 액체, 기체가 가진 성질을 관찰하고, 물질의 세 가지 상태의 성질을 비교하여 설명할 수 있다.","실험을 통해 물질의 세 가지 상태인 고체, 액체, 기체의 성질을 관찰하여 말할 수 있다.","우리 주변에 물질의 세 가지 상태인 고체, 액체, 기체가 있다는 것을 말할 수 있다.","[4과05-02] 물질의 세 가지 상태인 고체, 액체, 기체의 성질을 관찰하고 비교하는 활동에 중점을 두고, 한 가지 물질이 여러 가지 상태로 존재한다는 것은 다루지 않는다."
3~4,과학,물질,,,[4과05-03],다양한 물질의 성질을 이용하여 쓰임새 있는 물체를 설계할 수 있다.,"물체의 쓰임새에 적합한 성질을 가진 물질을 이용하여 물체를 설계하고, 물체의 쓰임새와 물질의 성질을 관련지어 설명할 수 있다.",물체의 쓰임새에 적합한 물질을 선택하여 물체를 설계할 수 있다.,다양한 물질의 성질을 이용하여 만들어진 물체를 찾아 말할 수 있다.,
3~4,과학,지구와 우주,"⋅지구계는 지권, 수권, 기권, 생물권 등으로 구성되며, 이러한 지구계 구성 요소들이 상호작용을 통해 에너지와 물질을 교환하는 과정에서 다양한 자연 현상들이 발생한다.
⋅암석과 화석, 지구 내부를 탐구함으로써 지질시대 동안 지구 환경과 생물의 변천 과정을 밝혀낼 수 있다.
⋅물은 땅과 바다, 대기 등으로 끊임없이 순환하면서 지표의 특징을 변화시키고 지하구조를 만든다.
⋅지구의 기후시스템은 태양 복사와 지구 복사, 인간 활동 등의 영향을 받으며, 이러한 요인들이 복합적으로 상호작용하여 나타난 기상 현상과 기후변화는 우리 생활과 지속가능성에 영향을 미친다.
⋅태양계는 행성 및 소천체 등으로 구성되며, 생성 과정에 따라 태양계 천체의 표면은 다양하게 나타난다.
⋅별의 표면 온도, 크기, 질량, 거리 등을 결정하는 데 관측 자료와 증거 기반 해석 등이 활용된다.","⋅지구의 대기
⋅바다의 특징",[4과06-01],"지구가 대기로 둘러싸여 있음을 알고, 지구 표면을 구성하는 육지와 바다의 특징을 비교할 수 있다.","지구가 대기로 둘러싸여 있음을 알고, 지구 표면을 구성하는 육지와 바다의 면적과 특징을 비교할 수 있다.","지구가 대기로 둘러싸여 있음을 알고, 지구 표면을 구성하는 육지와 바다의 면적을 비교할 수 있다.","지구에 대기, 육지, 바다가 있다는 것을 말할 수 있다.",
3~4,과학,지구와 우주,,"⋅바다의 특징
⋅바닷가 주변 지형
⋅파도",[4과06-02],"바닷물의 특징을 육지의 물과 비교하고, 바닷가에서 볼 수 있는 다양한 지형을 조사할 수 있다.","육지의 물과 바닷물을 가열하여 남는 물질을 탐구하는 활동을 통해 바닷물의 특징을 육지의 물과 비교하고, 바닷가에서 볼 수 있는 다양한 지형을 조사하여 발표할 수 있다.","육지의 물과 바닷물을 가열하여 남는 물질을 비교하고, 바닷가에서 볼 수 있는 다양한 지형을 조사할 수 있다.",육지의 물과 바닷물을 가열하여 남는 물질을 관찰할 수 있다.,"[4과06-02] 바닷물의 침식, 운반, 퇴적 작용에 대해서는 다루지 않는다."
3~4,과학,지구와 우주,,"⋅밀물과 썰물
⋅갯벌 보전",[4과06-03],"밀물과 썰물의 차이를 알고, 갯벌의 가치와 보전의 필요성을 설득⋅홍보할 수 있다.","밀물과 썰물의 차이를 설명하고, 갯벌의 가치와 보전의 필요성을 설득･홍보할 수 있는 홍보물을 제작할 수 있다.","밀물과 썰물 현상을 구별하고, 갯벌의 가치와 보전의 필요성을 말할 수 있다.","밀물과 썰물 현상이 있음을 알고, 갯벌의 소중함에 관심을 가진다.","[4과06-03] 밀물과 썰물은 바닷물의 높이 변화를 다루는 수준이며, 조석 용어와 원인에 대해서는 다루지 않는다."
3~4,과학,운동과 에너지,"⋅자연과 일상생활 속의 여러 가지 힘은 물체의 속력과 운동 방향을 변화시키고, 물체의 운동은 힘과 에너지를 통해 예측할 수 있으며, 이는 안전한 일상생활의 토대가 된다.
⋅전하와 전류는 다양한 전기와 자기 현상을 일으키고, 전기와 자기에 대한 성질은 전구, 전동기 등 여러 가지 전기 기구의 작동 원리로 유용하게 활용된다.
⋅열은 온도가 높은 곳에서 낮은 곳으로 이동하며, 일상생활에서는 단열 등 다양한 분야에 물질의 열적 성질이나 열의 이동 방식이 이용된다.
⋅빛과 소리는 반사, 굴절, 진동 등 파동의 특성을 가지며, 그 특성은 거울, 렌즈, 악기, 색의 구현 등 편리하고 심미적인 삶에 도움이 된다.",⋅소리의 발생,[4과07-01],"여러 가지 물체를 이용하여 소리를 내보고, 소리가 나는 물체는 떨림이 있음을 설명할 수 있다.","여러 가지 물체를 이용하여 소리를 내보고, 소리가 나는 현상을 관찰하여 소리가 나는 물체는 떨림이 있음을 설명할 수 있다.",소리굽쇠를 관찰하여 소리가 나는 소리굽쇠는 떨림이 있음을 설명할 수 있다.,"소리가 나는 물체의 예를 들고, 물체를 이용하여 소리를 낼 수 있다.",
3~4,과학,운동과 에너지,,"⋅소리의 세기
⋅소리의 높낮이",[4과07-02],"큰 소리와 작은 소리, 높은 소리와 낮은 소리를 구분하고, 세기와 높낮이가 다른 소리를 낼 수 있다.","물체의 길이에 따른 소리의 높낮이를 비교하고, 큰 소리와 작은 소리, 높은 소리와 낮은 소리를 내는 방법을 알고 소리를 낼 수 있다.","다양한 소리를 듣고, 큰 소리와 작은 소리, 높은 소리와 낮은 소리로 구분할 수 있다.",물체에 따라 다양한 소리가 나는 것을 말할 수 있다.,
3~4,과학,운동과 에너지,,⋅소리의 전달,[4과07-03],"여러 가지 물질을 통하여 소리가 전달되는 것을 관찰하고, 소음을 줄이는 방법을 찾아 일상생활에서 실천할 수 있다.","소리가 여러 가지 물질을 통하여 전달되는 것을 이해하고, 일상생활에서 소음을 줄이는 방법을 조사하여 실천할 수 있다.","여러 가지 물질을 통하여 소리가 전달되는 것을 관찰하고, 일상생활에서 소음을 줄이는 방법을 조사할 수 있다.","소리가 전달되고 있음을 알고, 일상생활에서 소음과 관련된 예를 들 수 있다.","[4과07-03] 소리가 여러 가지 물질을 통해 전달되는 현상을 관찰하는 데 중점을 두며, 소리 전달의 과학적 원리는 다루지 않도록 한다."
3~4,과학,과학과 사회,"⋅과학 탐구를 통해 얻은 과학기술은 질병의 발생 원인 규명과 예방법 마련 등 인류 복지에 기여하고, 인류가 처한 여러 가지 재난 상황 극복에 활용된다.
⋅과학기술은 자원과 에너지 등의 효율적 이용 방안을 제공하여 지속가능한 사회에 기여한다.
⋅과학기술의 발달은 미래 사회의 모습과 직업에 영향을 미치며, 개인은 이러한 미래 사회의 모습과 새로운 진로를 탐색하며 자신의 삶을 준비한다.","`⋅질병과 예방
⋅감염병과 건강한 생활",[4과08-01],"생활 속 감염병의 사례를 알고, 다양한 질병과 그 위험성에 대해 토의할 수 있다.",생활 속 감염병의 사례를 조사하여 다양한 질병과 그 위험성에 대해 토의할 수 있다.,생활 속 감염병 사례를 조사하여 질병의 위험성을 발표할 수 있다.,생활 속 감염병 사례를 조사하여 말할 수 있다.,[4과08-01] 질병은 예방접종이나 범유행 상황 등 학생이 경험하거나 인지할 수 있는 생활 속 질병을 다룬다.
3~4,과학,과학과 사회,,,[4과08-02],"감염병으로부터 안전한 사회에 관심을 가지고, 여러 감염 과정을 통해 생활 습관과 감염병 유행과의 연관성을 설명할 수 있다.","감염병으로부터 안전한 사회에 관심을 가지고, 여러 감염 과정과 관련지어 감염 예방 방법을 탐구하여 생활 습관과 감염병 유행이 연관되어 있음을 설명할 수 있다.","감염병에 대해 인식하고, 여러 감염 과정을 통해 감염병에 걸릴 수 있음을 이해하고, 감염을 예방하는 생활 습관에 대해 말할 수 있다.","감염병에 걸릴 수 있음을 알고, 이를 예방하는 생활 습관에 대해 말할 수 있다.","[4과08-02] 감염 과정은 생활 습관과 관련지을 수 있는 접촉 감염, 비말 감염, 공기 감염, 수인 감염, 타액 감염 등의 사례로 한정하여 다루며, 감염병의 특성과 면역 반응을 구체적으로 다루지 않는다."
3~4,과학,과학과 사회,,,[4과08-03],"건강한 생활을 위해 필요한 감염병 예방 수칙을 공유하고, 생활 속에서 실천할 수 있다.","건강한 생활을 위해 필요한 감염병 예방 수칙을 토의하여 공유하고, 생활 속에서 감염병 예방 수칙의 중요성을 인식하고 이를 실천할 수 있다.",건강한 생활을 위해 감염병 예방 수칙을 알고 공유할 수 있다.,건강한 생활을 위해 감염병 예방 수칙이 필요함을 말할 수 있다.,
3~4,과학,운동과 에너지,"⋅자연과 일상생활 속의 여러 가지 힘은 물체의 속력과 운동 방향을 변화시키고, 물체의 운동은 힘과 에너지를 통해 예측할 수 있으며, 이는 안전한 일상생활의 토대가 된다.
⋅전하와 전류는 다양한 전기와 자기 현상을 일으키고, 전기와 자기에 대한 성질은 전구, 전동기 등 여러 가지 전기 기구의 작동 원리로 유용하게 활용된다.
⋅열은 온도가 높은 곳에서 낮은 곳으로 이동하며, 일상생활에서는 단열 등 다양한 분야에 물질의 열적 성질이나 열의 이동 방식이 이용된다.
⋅빛과 소리는 반사, 굴절, 진동 등 파동의 특성을 가지며, 그 특성은 거울, 렌즈, 악기, 색의 구현 등 편리하고 심미적인 삶에 도움이 된다.
","⋅자석과 물체 사이의 힘
⋅자석과 자석 사이의 힘",[4과09-01],"자석과 여러 가지 물체를 가까이했을 때 나타나는 현상을 관찰하고, 자석과 자석에 붙는 물체 사이에 작용하는 힘의 특징을 말할 수 있다.",자석과 여러 가지 물체를 가까이했을 때 나타나는 다양한 현상을 통해 자석과 자석에 붙는 물체 사이에 작용하는 힘의 특징을 설명할 수 있다.,자석과 여러 가지 물체를 가까이했을 때 나타나는 현상을 관찰하여 자석에 붙는 물체들의 공통점을 찾을 수 있다.,자석과 여러 가지 물체를 가까이했을 때 나타나는 현상을 관찰하여 자석에 붙는 물체와 자석에 붙지 않는 물체를 분류할 수 있다.,"[4과09-01∼02] 자석과 물체, 자석과 자석 사이의 상호작용을 다루되, 자기장의 개념은 도입하지 않는다."
3~4,과학,운동과 에너지,,⋅자석의 극,[4과09-02],자석과 자석을 가까이했을 때 나타나는 현상을 관찰하여 그 특징을 자석의 극과 관련지어 설명할 수 있다.,"자석과 자석을 가까이했을 때 나타나는 현상을 관찰하여 같은 극과 다른 극 사이에서 나타나는 힘을 구분하여 이해하고, 이를 활용해 나침반과 자석 사이에 나타나는 현상을 설명할 수 있다.","자석에 두 극이 있음을 알고, 자석과 자석 사이에서 밀거나 당기는 힘이 작용함을 말할 수 있다.",자석과 자석을 가까이했을 때 나타나는 현상을 관찰할 수 있다.,"[4과09-01∼02] 자석과 물체, 자석과 자석 사이의 상호작용을 다루되, 자기장의 개념은 도입하지 않는다."
3~4,과학,운동과 에너지,,⋅자석의 이용,[4과09-03],자석을 이용하여 일상생활을 편리하게 하는 장치를 설계할 수 있다.,"자석의 성질을 이용하여 일상생활에 편리한 장치를 설계할 수 있고, 이 과정에서 과학의 유용성을 인식한다.",자석의 성질을 이용한 장치를 설계할 수 있다.,일상생활에서 자석을 이용한 장치를 보고 자석의 성질과 관련된 부분을 말할 수 있다.,
3~4,과학,물질,"⋅물질은 여러 가지 상태로 존재하며, 구성 입자의 운동에 따라 물질의 상태와 물리적 성질이 변한다.
⋅물질의 상태 변화 및 화학 반응에는 에너지 출입이 수반되며, 이는 일상생활에 유용하게 활용된다.
⋅물질은 서로 구분할 수 있는 고유한 특성을 가지며, 물질의 특성은 일상생활의 다양한 혼합물 분리에 이용된다.
⋅화학 반응을 통해 물질은 다른 물질로 변하며, 화학 반응의 규칙성은 새로운 물질의 생성 원리가 된다.",⋅물의 상태 변화,[4과10-01],"물이 세 가지 상태로 변할 수 있음을 알고, 우리 주변에서 예를 찾을 수 있다.","물이 수증기나 얼음으로 변할 수 있음을 말하고, 그 사례를 우리 주변에서 찾아 설명할 수 있다.",물의 세 가지 상태를 우리 주변에서 찾고 물이 수증기나 얼음으로 변할 수 있음을 말할 수 있다.,물의 세 가지 상태를 우리 주변에서 찾아 말할 수 있다.,"[4과10-01] 물의 상태 변화는 관찰 가능한 현상 수준에서만 다루고, 물의 상태가 변하는 까닭은 다루지 않는다."
3~4,과학,물질,,⋅물의 상태 변화,[4과10-02],"물이 얼 때, 얼음이 녹을 때, 물이 증발할 때와 끓을 때, 수증기가 응결할 때의 변화를 관찰할 수 있다.","실험을 통해 물이 얼 때와 얼음이 녹을 때, 물이 증발할 때와 끓을 때, 수증기가 응결할 때의 변화를 관찰하여 설명할 수 있다.","실험을 통해 물이 얼 때와 얼음이 녹을 때, 물이 증발할 때와 끓을 때의 변화를 관찰하여 설명할 수 있다.",실험을 통해 물이 얼 때와 얼음이 녹을 때의 변화를 관찰하여 말할 수 있다.,[4과10-02] 물이 얼 때와 얼음이 녹을 때의 부피 변화는 물기둥의 높이 변화로 관찰하도록 한다. 물의 증발과 끓음을 비교할 때는 물이 수증기로 상태가 변하는 현상이라는 공통점에 중점을 둔다.
3~4,과학,물질,,⋅물의 상태 변화,[4과10-03],물의 상태 변화를 이용하여 물을 얻을 수 있는 장치를 설계하고 만들 수 있다.,"물 부족의 심각성을 공감하고, 물의 상태 변화를 이용하여 물을 얻는 장치를 설계하고 제작할 수 있다.","물의 중요성을 인식하고, 물의 상태 변화를 이용하여 물을 얻는 장치를 설계할 수 있다.","물을 얻는 장치를 설계하는 과정에 참여하고, 물의 중요성을 말할 수 있다.",
3~4,과학,지구와 우주,"⋅지구계는 지권, 수권, 기권, 생물권 등으로 구성되며, 이러한 지구계 구성 요소들이 상호작용을 통해 에너지와 물질을 교환하는 과정에서 다양한 자연 현상들이 발생한다.
⋅암석과 화석, 지구 내부를 탐구함으로써 지질시대 동안 지구 환경과 생물의 변천 과정을 밝혀낼 수 있다.
⋅물은 땅과 바다, 대기 등으로 끊임없이 순환하면서 지표의 특징을 변화시키고 지하구조를 만든다.
⋅지구의 기후시스템은 태양 복사와 지구 복사, 인간 활동 등의 영향을 받으며, 이러한 요인들이 복합적으로 상호작용하여 나타난 기상 현상과 기후변화는 우리 생활과 지속가능성에 영향을 미친다.
⋅태양계는 행성 및 소천체 등으로 구성되며, 생성 과정에 따라 태양계 천체의 표면은 다양하게 나타난다.
⋅별의 표면 온도, 크기, 질량, 거리 등을 결정하는 데 관측 자료와 증거 기반 해석 등이 활용된다.",⋅강 주변 지형,[4과11-01],흐르는 물의 작용과 강 주변 지형의 특징을 관련지을 수 있다.,"흙 언덕을 만들고 물을 흘려보낸 후, 흙이 깎이는 곳과 쌓이는 곳을 관찰하여 흐르는 물의 침식, 운반, 퇴적 작용을 이해하고, 강 주변 지형의 특징을 물의 작용과 관련지어 설명할 수 있다.","흙 언덕을 만들고 물을 흘려보낸 후, 흙이 깎이는 곳과 쌓이는 곳을 관찰하여 흐르는 물의 침식, 운반, 퇴적 작용을 설명할 수 있다.","흙 언덕을 만들고 물을 흘려보낸 후, 흙이 깎이는 곳과 쌓이는 곳을 찾아 말할 수 있다.","[4과11-01] 강 주변 지형은 흐르는 물에 의한 침식, 운반, 퇴적 작용을 중심으로 다룬다."
3~4,과학,지구와 우주,,⋅화산 활동,[4과11-02],"화산의 의미와 화산 활동으로 나오는 물질을 알고, 화산 활동을 모형으로 표현할 수 있다.","화산의 의미와 화산 활동으로 나오는 물질을 알고, 화산 활동을 모형으로 표현하여 설명할 수 있다.","화산의 의미를 알고, 화산 활동 모형에서 화산 활동으로 나오는 물질을 찾을 수 있다.","화산의 의미를 알고, 화산 활동 모형 만들기 활동에 참여할 수 있다.",[4과11-02] 화산 활동과 화산 분출물을 중심으로 학습한다.
3~4,과학,지구와 우주,,⋅화성암,[4과11-03],화성암을 관찰하고 분류할 수 있다.,"화성암이 화산 활동과 관련되어 있음을 알고, 현무암과 화강암을 관찰하여 특징에 따라 분류할 수 있다.","현무암과 화강암을 관찰하고, 알갱이의 크기에 따라 분류할 수 있다.","현무암과 화강암을 관찰하고, 색을 비교할 수 있다.",[4과11-03] 화성암은 현무암과 화강암만 다룬다.
3~4,과학,지구와 우주,,⋅지진 대처 방법,[4과11-04],"화산 활동과 지진이 우리 생활에 미치는 영향을 조사하여, 대처 방법을 실천할 수 있다.","화산 활동과 지진이 우리 생활에 미치는 영향을 조사하고, 화산 활동과 지진에 안전하게 대처하는 방법을 찾아 실천할 수 있다.","화산 활동과 지진으로부터 안전한 사회에 관심을 가지고, 지진의 피해를 줄이기 위한 대처 방법을 찾아 실천할 수 있다.",지진의 피해를 줄이기 위한 대처 방법을 말할 수 있다.,"[4과11-04] 화산 활동의 피해와 이로운 점을 함께 다루며, 지진 발생 원인은 다루지 않는다."
3~4,과학,생명,"⋅생물은 세포로 이루어져 있고, 여러 구성 단계가 유기적으로 연관되어 있으며, 조화로운 작용을 통해 건강한 몸을 유지한다.
⋅식물은 광합성으로 양분을 만들며, 생물은 호흡을 통해 생명 활동에 필요한 에너지를 얻는다.
⋅동물은 다양한 감각 기관을 통해 자극을 받아들이고, 신경계와 호르몬의 작용을 통해 반응한다.
⋅생물은 생식을 통해 자손을 생산하고, 생물의 형질은 유전자에 의해 자손에게 전달되며, 생물의 유전 현상은 사람의 가계에서도 관찰된다.
⋅우리 주변의 다양한 생물은 환경과 영향을 주고받으며 밀접한 관계를 맺고 있으며, 생물다양성은 생태계와 인간의 삶과도 밀접하게 관련되어 있다.","⋅균류, 원생생물, 세균의 특징",[4과12-01],균류⋅원생생물⋅세균을 관찰하여 특징과 사는 곳을 설명할 수 있다.,"균류･원생생물･세균을 디지털현미경이나 실체현미경, 사진 자료 등을 활용하여 관찰하고, 생물의 특징과 사는 곳을 설명할 수 있다.","균류･원생생물･세균을 관찰하고, 그 특징을 말할 수 있다.",균류･원생생물･세균의 종류를 말할 수 있다.,
3~4,과학,생명,,"⋅균류, 원생생물, 세균의 특징",[4과12-02],균류⋅원생생물⋅세균이 우리 생활에 미치는 영향을 조사하여 발표할 수 있다.,균류･원생생물･세균이 우리 생활에 미치는 긍정적인 영향과 부정적인 영향을 조사하여 발표할 수 있다.,균류･원생생물･세균이 우리 생활에 미치는 영향을 조사할 수 있다.,균류･원생생물･세균이 우리 생활에 영향을 미친다는 것을 말할 수 있다.,
3~4,과학,생명,,"⋅균류, 원생생물, 세균의 특징",[4과12-03],우리 생활에 생명과학이 이용되는 사례를 소개하는 자료를 만들어 공유할 수 있다.,"우리 생활에 생명과학이 이용되는 사례를 조사하여 소개하는 자료를 만들어 공유하고, 이 과정에서 과학의 유용성을 인식할 수 있다.","우리 생활에 생명과학이 이용되는 사례를 조사하여 소개하는 자료를 만들고, 이 과정에서 생명과학에 흥미와 호기심을 가진다.","우리 생활에 생명과학이 이용되는 사례를 조사하고, 이 과정에서 생명과학에 관심을 가진다.","[4과12-03] 우리 생활에 생명과학이 이용되는 사례는 균류, 원생생물, 세균을 중심으로 학생들이 생활 속에서 경험하고 인지할 수 있는 수준으로 다룬다."
3~4,과학,지구와 우주,"⋅지구계는 지권, 수권, 기권, 생물권 등으로 구성되며, 이러한 지구계 구성 요소들이 상호작용을 통해 에너지와 물질을 교환하는 과정에서 다양한 자연 현상들이 발생한다.
⋅암석과 화석, 지구 내부를 탐구함으로써 지질시대 동안 지구 환경과 생물의 변천 과정을 밝혀낼 수 있다.
⋅물은 땅과 바다, 대기 등으로 끊임없이 순환하면서 지표의 특징을 변화시키고 지하구조를 만든다.
⋅지구의 기후시스템은 태양 복사와 지구 복사, 인간 활동 등의 영향을 받으며, 이러한 요인들이 복합적으로 상호작용하여 나타난 기상 현상과 기후변화는 우리 생활과 지속가능성에 영향을 미친다.
⋅태양계는 행성 및 소천체 등으로 구성되며, 생성 과정에 따라 태양계 천체의 표면은 다양하게 나타난다.
⋅별의 표면 온도, 크기, 질량, 거리 등을 결정하는 데 관측 자료와 증거 기반 해석 등이 활용된다.","⋅달의 모양과 표면
⋅달의 위상변화",[4과13-01],"달의 모양과 표면, 달의 위상변화를 관찰하여 밤하늘 관찰에 흥미를 가질 수 있다.","달의 모양과 표면, 여러 날 동안 보이는 달의 위상 변화를 관찰하여 달의 모양이 주기적으로 바뀌는 것을 알고, 밤하늘 관찰에 흥미를 가진다.","여러 날 동안 보이는 달의 모양을 관찰하고, 밤하늘 관찰에 흥미를 가진다.",달을 관찰하고 밤하늘 관찰에 관심을 가진다.,"[4과13-01] 달의 위상변화 원인을 다루지 않고, 달의 모양이 주기적으로 바뀌는 현상을 관찰하여 확인하는 데 초점을 둔다."
3~4,과학,지구와 우주,,⋅태양계 행성,[4과13-02],"태양계 구성원을 알고, 태양과 행성을 조사할 수 있다.","태양계 구성원을 알고, 태양과 행성의 표면적 특징을 조사하여 태양계 행성 모형을 만들 수 있다.","태양계 구성원을 알고, 태양계 행성의 특징을 말할 수 있다.",태양계 구성원을 조사할 수 있다.,"[4과13-02] 태양계를 구성하는 행성들의 표면적인 특징 위주로 조사하고, 태양과 행성의 실제 크기나 태양에서 행성까지의 실제 거리, 행성의 질량, 자전 속도, 대기 성분 등과 같은 구체적인 물리량은 다루지 않는다."
3~4,과학,지구와 우주,,⋅별과 별자리,[4과13-03],"별의 정의를 알고, 북극성 주변의 별자리를 관찰할 수 있다.","별의 정의를 행성과 비교하여 설명하고, 북극성 주변의 별자리를 관찰하여 별자리 이름을 말할 수 있다.","별의 정의를 설명하고, 북극성 주변의 별자리 이름을 말할 수 있다.",별이 행성과 다르다는 것을 말할 수 있다.,"[4과13-03] 별의 정의는 행성과 비교하여 스스로 빛을 내는 천체라는 수준에서만 다룬다. 별자리는 학생들이 쉽게 관찰할 수 있는 북극성 주변의 별자리를 다루며, 계절별 별자리와 관련짓지 않는다."
3~4,과학,생명,"⋅생물은 세포로 이루어져 있고, 여러 구성 단계가 유기적으로 연관되어 있으며, 조화로운 작용을 통해 건강한 몸을 유지한다.
⋅식물은 광합성으로 양분을 만들며, 생물은 호흡을 통해 생명 활동에 필요한 에너지를 얻는다.
⋅동물은 다양한 감각 기관을 통해 자극을 받아들이고, 신경계와 호르몬의 작용을 통해 반응한다.
⋅생물은 생식을 통해 자손을 생산하고, 생물의 형질은 유전자에 의해 자손에게 전달되며, 생물의 유전 현상은 사람의 가계에서도 관찰된다.
⋅우리 주변의 다양한 생물은 환경과 영향을 주고받으며 밀접한 관계를 맺고 있으며, 생물다양성은 생태계와 인간의 삶과도 밀접하게 관련되어 있다.",⋅생물 요소와 비생물 요소,[4과14-01],생태계의 구성 요소를 조사하여 생물 요소와 비생물 요소로 분류할 수 있다.,"생태계의 구성 요소를 조사하여 생물 요소와 비생물 요소로 분류하고, 양분을 얻는 방법에 따라 생물 요소를 분류하여 설명할 수 있다.","생태계의 구성 요소를 조사하여 생물 요소와 비생물 요소가 있음을 알고, 생물 요소가 양분을 얻는 방법이 다르다는 것을 말할 수 있다.",생태계의 구성 요소를 조사하여 이를 말할 수 있다.,"[4과14-01] 숲, 바다, 강 등 다양한 생태계를 다루고, 각 생태계에서 생물 요소와 비생물 요소를 분류할 수 있게 한다."
3~4,과학,생명,,⋅먹이사슬과 먹이그물,[4과14-02],생물 요소들의 먹고 먹히는 관계를 조사하여 먹이그물로 표현할 수 있다.,"생물 요소들의 먹고 먹히는 관계를 조사하여 먹이 관계 모형의 특징을 이해하고, 이를 먹이그물로 표현할 수 있다.","생물 요소들의 먹고 먹히는 관계를 조사하여, 이를 먹이사슬로 표현할 수 있다.","생물 요소의 먹고 먹히는 관계가 있음을 알고, 먹고 먹히는 관계의 한 예를 말이나 글로 표현할 수 있다.",[4과14-02] 생태계에서 다양한 먹이 관계를 알아보고 먹이 관계가 복잡할수록 생물이 생존하는 데 유리함을 이해하게 한다.
3~4,과학,생명,,"⋅환경오염이 생물에 미치는 영
",[4과14-03],"인간 활동이 생태계에 미치는 영향을 조사하고, 생태계 보전을 위해 우리가 할 수 있는 일을 토의하여 실천할 수 있다.","인간 활동이 생태계에 미치는 영향을 조사하고, 생태계 보전을 위해 우리가 할 수 있는 일을 토의하여 실천함으로써 생태계 보전의 중요성을 알고 생태계를 소중히 여기는 태도를 가진다.","인간 활동이 생태계에 미치는 영향을 조사하고, 생태계 보전을 위한 실천 방법을 탐색할 수 있다.",인간 활동이 생태계에 영향을 미친다는 것을 말할 수 있다.,"[4과14-03] 대기오염, 수질오염, 토양오염 등의 환경오염에 관한 사례를 중심으로 다루고, 생태계 보전을 위해 우리가 해야 할 일을 조사하여 실천함으로써 생태계 보전에 대한 의식을 가지게 한다."
3~4,과학,물질,"⋅물질은 여러 가지 상태로 존재하며, 구성 입자의 운동에 따라 물질의 상태와 물리적 성질이 변한다.
⋅물질의 상태 변화 및 화학 반응에는 에너지 출입이 수반되며, 이는 일상생활에 유용하게 활용된다.
⋅물질은 서로 구분할 수 있는 고유한 특성을 가지며, 물질의 특성은 일상생활의 다양한 혼합물 분리에 이용된다.
⋅화학 반응을 통해 물질은 다른 물질로 변하며, 화학 반응의 규칙성은 새로운 물질의 생성 원리가 된다.",⋅기체의 무게,[4과15-01],실험을 통해 기체가 무게가 있음을 설명할 수 있다.,"기체가 무게가 있음을 알아보는 실험을 수행하고, 실험 결과를 바탕으로 기체는 무게가 있음을 설명할 수 있다.",기체가 무게가 있음을 알아보는 실험을 수행할 수 있다.,기체가 무게가 있음을 말할 수 있다.,[4과15-01] 부피가 같은 용기에 공기를 1기압으로 담은 상태와 이 상태에서 공기를 넣거나 뺀 상태의 무게를 비교하는 실험을 바탕으로 기체가 무게가 있음을 설명한다.
3~4,과학,물질,,⋅온도와 압력에 따른 기체의 부피 변화,[4과15-02],"온도나 압력에 따라 기체의 부피가 달라지는 현상을 관찰하고, 우리 주변에서 예를 찾을 수 있다.","온도나 압력에 따라 기체의 부피가 달라지는 현상을 관찰하고, 우리 주변에서 관련된 사례를 찾아 설명할 수 있다.",온도나 압력에 따라 기체의 부피가 달라지는 현상을 관찰하고 설명할 수 있다.,온도나 압력에 따라 기체의 부피가 달라짐을 말할 수 있다.,"[4과15-02] 온도를 높일 때와 낮출 때 공기의 부피 변화, 압력을 높일 때와 낮출 때 공기의 부피 변화를 관찰하도록 한다. 온도나 압력에 따라 기체의 부피가 어떻게 변하는지를 정성적으로 이해하도록 하고, 입자 모형으로 기체의 부피가 변하는 까닭은 설명하지 않는다."
3~4,과학,물질,,⋅온도와 압력에 따른 기체의 부피 변화,[4과15-03],"일상생활에서 이용되는 기체의 종류와 성질을 조사하고, 여러 가지 기체에 대해 흥미를 느낄 수 있다.","일상생활에서 이용하는 기체의 종류와 성질을 조사하여 설명하고, 여러 가지 기체에 흥미를 가진다.","일상생활에서 이용하는 기체의 종류를 조사하고, 여러 가지 기체에 흥미를 가진다.",일상생활에서 여러 가지 기체가 이용되고 있음을 말할 수 있다.,
3~4,과학,물질,,⋅온도와 압력에 따른 기체의 부피 변화,[4과15-04],기체의 성질을 이용하여 작동시킬 수 있는 장치를 설계하고 만들 수 있다.,"기체의 성질을 이해하고, 이를 이용하여 작동시킬 수 있는 장치를 설계하고 만들 수 있다.","기체의 성질을 이해하고, 이를 이용하여 작동시킬 수 있는 장치를 설계할 수 있다.",기체의 성질을 이용하여 작동시킬 수 있는 장치를 통해 기체의 성질을 말할 수 있다.,
3~4,과학,과학과 사회,"⋅과학 탐구를 통해 얻은 과학기술은 질병의 발생 원인 규명과 예방법 마련 등 인류 복지에 기여하고, 인류가 처한 여러 가지 재난 상황 극복에 활용된다.
⋅과학기술은 자원과 에너지 등의 효율적 이용 방안을 제공하여 지속가능한 사회에 기여한다.
⋅과학기술의 발달은 미래 사회의 모습과 직업에 영향을 미치며, 개인은 이러한 미래 사회의 모습과 새로운 진로를 탐색하며 자신의 삶을 준비한다.",⋅기후변화 사례,[4과16-01],"기후변화 현상의 예를 알고, 기후변화가 인간의 활동과 관련되어 있음을 토의할 수 있다.","다양한 기후변화 현상의 예를 알고, 기후변화에 영향을 주는 인간의 활동을 찾아 증거에 기반하여 토의할 수 있다.","기후변화 현상의 예를 알고, 기후변화와 인간의 활동 사이의 관계를 조사할 수 있다.",기후변화에 따른 현상을 찾아 말할 수 있다.,"[4과16-01] 기후변화의 과학적 원인은 다루지 않으며 기온, 강수량 등 기후요소가 평년값에 비해 현저히 높거나 낮은 사례(가뭄, 폭설, 폭염, 한파, 홍수 등)를 탐구하도록 한다."
3~4,과학,과학과 사회,,⋅기후변화 사례,[4과16-02],"기후변화의 심각성에 관심을 가지고, 기후변화가 우리 생활과 환경에 미치는 영향을 설명할 수 있다.","기후변화의 심각성에 관심을 가지고, 해수면 상승으로 인한 피해 모형실험을 통해 기후변화가 우리 생활과 환경에 미치는 영향을 설명할 수 있다.","기후변화에 관심을 가지고, 기후변화가 우리 생활과 환경에 미치는 영향을 해수면 상승과 관련지어 말할 수 있다.",해수면 상승이 기후변화와 관련이 있다는 것을 말할 수 있다.,"[4과16-02] 인간의 삶에 부정적인 영향을 미치는 기후변화 현상의 사례를 모형이나 실험 활동을 통해 알아보고, 이에 기반하여 기후변화로 인한 인간의 피해를 예측하고 설명할 수 있도록 한다."
3~4,과학,과학과 사회,,⋅기후위기 대응,[4과16-03],"기후변화 대응 방법을 조사하고, 생활 속에서 기후변화 대응 방법을 실천할 수 있다.","지속가능한 사회에 관심을 가지고, 기후변화 대응 방법을 조사하여 생활 속에서 대응 방법을 실천한다.","지속가능한 사회에 관심을 가지고, 생활 속에서 실천할 수 있는 기후변화 대응 방법을 조사할 수 있다.",생활 속에서 실천할 수 있는 기후변화 대응 방법을 조사할 수 있다.,
3~4,체육,운동,"⋅운동은 체력과 건강을 관리하는 주요 방법으로, 생애 전반에 걸쳐 건강한 삶의 토대가 된다.
⋅체력은 건강의 기초가 되며, 건강은 신체적 특성에 맞는 운동과 생활 습관을 계획하고 관리함으로써 증진된다.
⋅인간은 생활 속에서 운동을 즐기고, 심신의 건강을 유지하며, 행복한 삶을 영위한다.",,[4체01-01],운동과 체력의 의미를 이해하고 관계를 파악한다.,"운동이 신체 변화와 체력 증진에 미치는 영향을 명확하게 알고, 운동 전후의 다양한 신체 변화 및 체력 증진의 사례를 들어 구체적으로 설명할 수 있다.","운동이 신체 변화와 체력 증진에 미치는 영향을 대략적으로 알고, 운동 전후의 신체 변화 및 체력 증진 중 일부를 사례를 들어 설명할 수 있다.","운동이 신체 변화나 체력 증진에 미치는 영향을 대략적으로 알고, 운동 전후의 체력 변화 중 일부를 제시할 수 있다.",[4체01-01]은 운동이 신체 변화와 체력 증진에 미치는 영향을 이해하기 위해 설정하였다. 운동과 체력의 의미를 이해하고 운동 전후의 신체 및 체력의 변화와 특성을 파악하여 운동의 중요성을 인식하도록 한다.
3~4,체육,운동,,,[4체01-02],기본 체력운동의 방법과 절차를 익히며 자신의 수준에 맞는 운동을 시도한다.,"체력 증진을 위한 기본 운동 방법과 절차를 명확하게 알고 수행하며, 자신의 신체 특성과 체력 수준에 맞는 다양한 운동을 시도할 수 있다.","체력 증진을 위한 기본 운동 방법과 절차를 대략적으로 알고 수행하고, 자신의 신체 특성과 체력 수준에 맞는 운동을 시도할 수 있다.","체력 증진을 위한 기본 운동 방법을 대략적으로 알고 수행하고, 자신의 신체 특성이나 체력 수준에 맞는 운동을 부분적으로 시도할 수 있다.","[4체01-02]는 체력 증진을 위한 기본 운동 방법과 절차를 체험하며 자신의 신체 특성과 체력 수준에 맞게 운동하기 위해 설정하였다. 준비 운동, 본 운동, 정리 운동의 단계별 목적과 주안점을 파악하면서 운동 방법과 절차를 익히고, 자신의 신체 특성과 체력 수준에 적합한 운동을 선택하여 안전하게 시도하도록 한다."
3~4,체육,운동,,,[4체01-03],운동과 건강의 의미를 이해하고 관계를 파악한다.,"건강의 의미와 운동이 건강을 유지ㆍ증진하는 데 미치는 영향을 명확하게 알고, 운동의 필요성을 다양한 사례를 들어 구체적으로 설명할 수 있다.","건강의 의미와 운동이 건강을 유지ㆍ증진하는 데 미치는 영향을 대략적으로 알고, 운동의 필요성 중 일부를 사례를 들어 설명할 수 있다.","운동이 건강에 미치는 영향을 대략적으로 알고, 운동의 필요성 중 일부를 제시할 수 있다.","[4체01-03]은 운동과 건강의 관계를 이해하기 위해 설정하였다. 건강의 의미와 운동이 건강을 유지, 증진하는 데 미치는 영향을 탐색하고 운동의 필요성을 파악하도록 한다."
3~4,체육,운동,,,[4체01-04],건강을 위한 바른 생활 습관을 이해하고 생활 속에서 규칙적으로 실천한다.,"건강한 생활 습관의 필요성과 실천 방법을 명확하게 알고, 일상생활 전반에서 규칙적으로 실천할 수 있다.","건강한 생활 습관의 필요성과 실천 방법을 대략적으로 알고, 일상생활에서 일부 규칙적으로 실천할 수 있다.","건강한 생활 습관의 필요성을 대략적으로 알고, 일상생활에서 일부 실천할 수 있다.","[4체01-04]는 건강을 유지하는 바른 생활 습관을 이해하고 일상생활에서 적극적으로 실천하는 습관을 기르기 위해 설정하였다. 건강한 생활 습관이 신체적 건강뿐만 아니라 정신적, 사회적 건강에도 영향을 미친다는 점을 이해하고, 건강 증진을 위한 생활 태도와 행동을 가정, 학교, 지역사회에서 규칙적으로 실천하도록 한다."
3~4,체육,운동,,,[4체01-05],자신의 신체적 특징을 긍정적으로 인식하고 운동 계획을 세워 안전하게 활동한다.,"자신의 체격ㆍ체형ㆍ체력적 특징 전반을 긍정적으로 인식하고, 이를 종합적으로 고려한 운동 계획을 구체적으로 세워 안전하게 활동할 수 있다.","자신의 체격ㆍ체형ㆍ체력적 특징 중 일부를 긍정적으로 인식하고, 이를 부분적으로 고려한 운동 계획을 세워 안전하게 활동할 수 있다.","자신의 체격ㆍ체형ㆍ체력적 특징 중 일부를 인식하고, 이를 부분적으로 고려한 운동 계획에 따라 안전하게 활동할 수 있다.","[4체01-05]는 기본 체력운동을 통해 자신에게 적합한 운동 계획을 세우고 실천하기 위해 설정하였다. 체격, 체형, 체력 등 개인마다 다른 신체 특성을 긍정적으로 인식하고 자신의 신체 특성에 맞는 운동을 안전하고 효과적으로 수행하도록 한다."
3~4,체육,운동,,,[4체01-06],운동과 건강한 생활 습관 형성에 관심을 갖고 적극적으로 실천한다.,운동과 건강한 생활 습관 형성에 꾸준히 관심을 갖고 일상생활 전반에서 적극적으로 실천할 수 있다.,운동과 건강한 생활 습관 형성에 꾸준히 관심을 갖고 일상생활에서 일부 실천할 수 있다.,운동과 건강한 생활 습관 형성에 간헐적으로 관심을 갖고 일상생활에서 일부 실천할 수 있다.,"[4체01-06]은 운동을 통한 건강한 생활 습관 형성의 의지를 기르기 위해 설정하였다. 자신의 운동 및 생활 습관을 점검해 보고, 건강 유지, 증진의 저해 요인을 삼가며, 적절한 운동과 바람직한 생활 태도에 관심을 갖고 적극적으로 실천할 수 있는 의지를 갖도록 한다."
3~4,체육,스포츠,"⋅스포츠는 인간이 제도화된 규범과 움직임 기술을 바탕으로 타인 및 주변 세계와 소통하며 바람직한 구성원으로 성장하는 데 이바지한다.
⋅스포츠는 인간이 환경과 상호작용하고 다양한 기술과 창의적인 전략을 발휘하며 한계를 극복하는 과정에서 발달한다.
⋅인간은 스포츠를 다양한 방식으로 체험함으로써 움직임의 즐거움을 느끼고 활동적인 삶의 태도를 배운다.",,[4체02-01],스포츠의 의미와 유형을 파악한다.,"스포츠의 의미와 유형을 명확하게 알고, 기술형ㆍ전략형ㆍ생태형 스포츠의 특성을 예를 들어 구체적으로 설명할 수 있다.","스포츠의 의미와 유형을 대략적으로 알고, 기술형ㆍ전략형ㆍ생태형 스포츠의 특성을 설명할 수 있다.","스포츠의 의미를 대략적으로 알고, 기술형ㆍ전략형ㆍ생태형 스포츠의 종류를 구별할 수 있다.","[4체02-01]은 스포츠의 의미와 유형을 이해하기 위해 설정하였다. 일정한 규칙과 방법에 따라 경기 기술을 수행하고 환경과의 상호작용을 통해 발달한 스포츠의 개념과 기술형, 전략형, 생태형 스포츠의 유형별 특성을 이해하도록 한다."
3~4,체육,스포츠,,,[4체02-02],기본 움직임 기술의 의미와 종류를 이해하고 스포츠와의 관계를 파악한다.,"이동ㆍ비이동ㆍ조작 움직임 기술의 종류와 각각의 의미를 명확하게 알고, 다양한 스포츠에서 활용되는 여러 가지 기본 움직임 기술을 예를 들어 구체적으로 설명할 수 있다.","이동ㆍ비이동ㆍ조작 움직임 기술의 종류와 각각의 의미를 대략적으로 알고, 스포츠에서 활용되는 기본 움직임 기술을 설명할 수 있다.","이동ㆍ비이동ㆍ조작 움직임 기술의 종류를 대략적으로 알고, 스포츠에서 활용되는 일부 기본 움직임 기술을 제시할 수 있다.","[4체02-02]는 기본 움직임 기술의 의미, 종류(이동 움직임, 비이동 움직임, 조작 움직임)와 특성을 파악하기 위해 설정하였다. 기본 움직임 기술의 종류를 다양하게 탐색하면서 스포츠 활동에 기초가 되는 기본 움직임 기술의 특성과 스포츠 활동 수행과의 관계를 파악하도록 한다."
3~4,체육,스포츠,,,[4체02-03],움직임 요소에 따른 기본 움직임 기술의 수행 방법을 파악하고 시도한다.,신체ㆍ노력ㆍ공간ㆍ관계 요소를 전반적으로 고려한 여러 가지 기본 움직임 기술의 수행 방법을 명확히 파악하고 다양한 상황에서 시도할 수 있다.,신체ㆍ노력ㆍ공간ㆍ관계 요소를 전반적으로 고려한 여러 가지 기본 움직임 기술의 수행 방법을 대략적으로 파악하고 시도할 수 있다.,신체ㆍ노력ㆍ공간ㆍ관계 중 일부 요소를 고려한 기본 움직임 기술의 수행 방법을 대략적으로 파악하고 부분적으로 시도할 수 있다.,"[4체02-03]은 움직임 요소의 의미를 이해하고, 기본 움직임 기술을 다양한 상황에서 시도하기 위해 설정하였다. 이동 움직임, 비이동 움직임, 조작 움직임 기술을 단계적으로 익히고, 움직임 요소(신체, 노력, 공간, 관계)에 변화를 주어 안전하고 효과적으로 기본 움직임 기술을 수행하도록 한다."
3~4,체육,스포츠,,,[4체02-04],기본 움직임 기술을 연결한 복합적인 움직임 기술을 파악하고 시도한다.,기본 움직임을 연결한 여러 가지 복합적인 움직임 기술을 명확히 파악하고 다양한 게임 상황에서 시도할 수 있다.,기본 움직임을 연결한 여러 가지 복합적인 움직임 기술을 대략적으로 파악하고 게임 상황에서 시도할 수 있다.,기본 움직임을 연결한 일부 움직임 기술을 대략적으로 파악하고 게임 상황에서 부분적으로 시도할 수 있다.,"[4체02-04]는 기본 움직임 기술을 연결하여 다양하고 복합적인 움직임 기술을 수행하기 위해 설정하였다. 움직임 기술의 종류별(이동 움직임 기술 내 호핑과 스키핑의 연결 등), 종류 간(조작 움직임 기술의 치기와 이동 움직임 기술의 달리기의 연결 등)에 기본 움직임을 다양한 방식으로 연결하여 기본 움직임보다 심화된 복합적인 움직임 기술을 익히고, 간단한 게임 상황에서 시도하도록 한다."
3~4,체육,스포츠,,,[4체02-05],기술형 스포츠에 적합한 기본 움직임 기술을 파악하고 시도한다.,기술형 스포츠에 적합한 여러 가지 기본 움직임 기술을 구체적으로 파악하고 다양한 게임 상황에서 시도할 수 있다.,기술형 스포츠에 적합한 여러 가지 기본 움직임 기술을 대략적으로 파악하고 게임 상황에서 시도할 수 있다.,기술형 스포츠에 적합한 일부 기본 움직임 기술을 대략적으로 파악하고 게임 상황에서 부분적으로 시도할 수 있다.,"[4체02-05]는 기술형 스포츠 유형에 적합한 움직임 기술을 탐색하고 수행하기 위해 설정하였다. 움직임 기술의 수월성을 겨루는 기술형 스포츠 활동에서 활용되는 다양한 기능과 관련된 움직임 기술의 효과적 수행 방법(앞뒤 구르기, 옆돌기, 전력 달리기, 헤엄치기, 발차기 등)을 익히고, 간단한 게임 상황에서 시도하도록 한다."
3~4,체육,스포츠,,,[4체02-06],전략형 스포츠에 적합한 기본 움직임 기술을 파악하고 시도한다.,전략형 스포츠에 적합한 여러 가지 기본 움직임 기술을 구체적으로 파악하고 다양한 게임 상황에서 기본적인 전략을 세워 시도할 수 있다.,전략형 스포츠에 적합한 여러 가지 기본 움직임 기술을 대략적으로 파악하고 게임 상황에서 시도할 수 있다.,전략형 스포츠에 적합한 일부 기본 움직임 기술을 대략적으로 파악하고 게임 상황에서 부분적으로 시도할 수 있다.,"[4체02-06]은 전략형 스포츠 유형에 적합한 움직임 기술을 탐색하고 수행하기 위해 설정하였다. 움직임 기술과 전략에 따라 승패가 결정되는 전략형 스포츠 활동의 다양한 기능과 관련된 움직임 기술의 효과적 수행 방법(공던지기와 잡기, 공몰기, 공차기와 멈추기, 공치기와 받기, 라켓으로 치기 등)을 익히고, 기본적인 전략을 세워 간단한 게임 상황에서 시도하도록 한다."
3~4,체육,스포츠,,,[4체02-07],생태형 스포츠에 적합한 기본 움직임 기술을 파악하고 시도한다.,생태형 스포츠에 적합한 여러 가지 기본 움직임 기술을 구체적으로 파악하고 다양한 활동 상황에서 시도할 수 있다.,생태형 스포츠에 적합한 여러 가지 기본 움직임 기술을 대략적으로 파악하고 활동 상황에서 시도할 수 있다.,생태형 스포츠에 적합한 일부 기본 움직임 기술을 대략적으로 파악하고 활동 상황에서 부분적으로 시도할 수 있다.,"[4체02-07]은 생태형 스포츠 유형에 적합한 움직임 기술을 탐색하고 수행하기 위해 설정하였다. 생활 주변과 자연환경에서 이루어지는 다양한 생태형 스포츠 활동과 관련된 움직임 기술의 수행 방법(균형 잡고 이동하기, 타고 버티기, 잡고 오르기 등)을 익히고, 간단한 활동 상황에서 안전하게 시도하도록 한다."
3~4,체육,스포츠,,,[4체02-08],움직임 기술 수행에 자신감을 갖고 적극적으로 시도한다.,움직임 기술 수행에 항상 자신감을 갖고 다양한 활동 상황에서 적극적으로 시도할 수 있다.,움직임 기술 수행에 자신감을 갖고 활동 상황에서 시도할 수 있다.,움직임 기술 수행에 자신감을 갖고자 노력하며 활동 상황에서 부분적으로 시도할 수 있다.,"[4체02-08]은 기본 움직임 기술의 지속적인 시도를 통해 움직임 기술 수행에 대한 자신감을 기르기 위해 설정하였다. 기본 움직임 기술을 체계적으로 숙달하고, 간단한 규칙을 적용한 활동 상황에서 적극적으로 시도하며 움직임 기술 수행에 대한 자신감을 갖도록 한다."
3~4,체육,스포츠,,,[4체02-09],게임 활동에 최선을 다하고 규칙을 지킨다.,다양한 게임 활동에서 최선을 다하고 합의된 규칙을 일관되게 지키며 게임 활동에 참여할 수 있다.,일부 게임 활동에서 최선을 다하고 합의된 규칙을 지키며 게임 활동에 참여할 수 있다.,일부 게임 활동에 열심히 참여하고 합의된 규칙을 부분적으로 지킬 수 있다.,"[4체02-09]는 게임 활동을 수행하며 정해진 규칙을 지키고 최선을 다하는 태도를 기르기 위해 설정하였다. 다양한 유형의 스포츠 활동에 임하는 마음가짐, 구성원에 대한 태도, 규칙 준수의 필요성, 최선의 가치 등을 실제 활동 과정에서 느끼고 실천하도록 한다."
3~4,체육,스포츠,,,[4체02-10],다양한 스포츠 환경에 개방적인 태도를 갖고 적극적이고 안전하게 스포츠 활동에 참여한다.,"다양한 스포츠 환경에 개방적인 태도를 갖고 이를 적극적으로 실천할 수 있으며, 여러 가지 스포츠 활동에 안전하게 참여할 수 있다.","일부 스포츠 환경에 개방적인 태도를 갖고 이를 실천할 수 있으며, 스포츠 활동에 안전하게 참여할 수 있다.","일부 스포츠 환경에 개방적인 태도를 갖고 이를 실천하기 위해 노력하며, 스포츠 활동에 부분적으로 안전하게 참여할 수 있다.","[4체02-10]은 스포츠 활동을 즐길 수 있는 환경에 개방적인 태도를 갖고 적극적이고 안전하게 활동하는 태도를 기르기 위해 설정하였다. 가정, 학교, 지역사회 체육 시설, 자연환경 등 다양하고 도전적인 스포츠 환경을 적극적으로 수용하고 활용하되, 안전 수칙을 숙지하여 안전사고를 예방하는 태도를 실천하도록 한다."
3~4,체육,표현,"⋅표현 활동은 인간이 신체 움직임에 생각과 감정을 담아 심미적으로 표현하는 과정에서 창의적인 삶의 태도를 형성하고, 예술적 신체활동 문화를 향유할 수 있도록 한다.
⋅표현 활동은 기본 움직임에 표현 원리가 적용되어 다양한 유형으로 구현되며, 구성 및 창작의 과정을 통해 발달한다.
⋅인간은 다양한 표현 활동을 체험함으로써 움직임의 심미적 가치를 내면화하며 자유롭고 주체적으로 사는 방법을 터득한다.",,[4체03-01],표현 활동의 의미와 기본 움직임 기술과의 관계를 파악한다.,"표현 활동의 의미를 명확하게 알고, 표현과 기본 움직임 기술과의 관계를 예를 들어 구체적으로 설명할 수 있다.","표현 활동의 의미를 대략적으로 알고, 표현과 기본 움직임 기술과의 관계를 예를 들어 설명할 수 있다.","표현 활동의 의미를 대략적으로 알고, 표현과 기본 움직임 기술과의 관계를 일부 제시할 수 있다.","[4체03-01]은 표현 활동의 의미, 표현 활동과 기본 움직임 기술과의 관계를 이해하기 위해 설정하였다. 표현 활동에서의 움직임 기술과 운동 및 스포츠 영역에서의 움직임 기술의 차이를 이해함으로써 표현 활동에서 움직임 기술의 창의적이고 심미적인 특성을 이해하도록 한다."
3~4,체육,표현,,,[4체03-02],움직임 요소에 따른 기본 움직임 기술의 표현 방법을 파악하고 시도한다.,"움직임 요소에 따른 기본 움직임 기술의 다양한 표현 방법을 명확하게 알고, 여러 가지 상황에서 아름답게 표현할 수 있다.","움직임 요소에 따른 기본 움직임 기술의 다양한 표현 방법을 대략적으로 알고, 여러 가지 상황에서 표현할 수 있다.","움직임 요소에 따른 기본 움직임 기술의 표현 방법 중 일부를 대략적으로 알고, 주어진 상황에서 부분적으로 표현할 수 있다.","[4체03-02]는 움직임 요소에 따른 다양한 기본 움직임 기술을 학습함으로써 표현 활동의 기본 수행 능력을 기르기 위해 설정하였다. 이동 움직임, 비이동 움직임, 조작 움직임 기술을 체험하되 신체, 노력, 공간, 관계 등 움직임 요소의 변화에 따라 기본 움직임 기술을 창의적이고 심미적으로 표현하도록 한다."
3~4,체육,표현,,,[4체03-03],기본 움직임 기술을 활용하여 사물이나 자연을 모방하여 표현한다.,다양한 기본 움직임 기술을 종합적으로 활용하여 사물이나 자연의 여러 가지 모양 또는 움직임을 모방해 아름답게 표현할 수 있다.,일부 기본 움직임 기술을 활용하여 사물이나 자연의 모양 또는 움직임을 모방해 표현할 수 있다.,일부 기본 움직임 기술을 부분적으로 활용하여 사물이나 자연의 모양 또는 움직임을 모방해 표현할 수 있다.,"[4체03-03]은 기본 움직임 기술을 활용한 모방 표현 능력을 기르기 위해 설정하였다. 기본 움직임 기술을 활용하여 사물, 인물, 자연 현상 등의 모양과 움직임을 모방하여 표현하는 방법을 탐색하고 그 특징을 살려 표현하도록 한다."
3~4,체육,표현,,,[4체03-04],기본 움직임 기술을 활용하여 느낌이나 생각을 표현한다.,여러 기본 움직임 기술을 활용하여 자신의 느낌이나 생각을 창의적으로 표현할 수 있다.,일부 기본 움직임 기술을 활용하여 자신의 느낌이나 생각을 표현할 수 있다.,일부 기본 움직임 기술을 활용하여 자신의 느낌이나 생각을 부분적으로 표현할 수 있다.,[4체03-04]는 기본 움직임 기술을 활용한 추상 표현 능력을 기르기 위해 설정하였다. 기본 움직임 기술을 활용하여 느낌과 생각 등을 동작으로 표현하는 방법을 탐색하고 창의적으로 표현하도록 한다.
3~4,체육,표현,,,[4체03-05],기본 움직임 기술을 리듬에 맞춰 표현한다.,"리듬에 맞춰 표현하는 여러 가지 방법을 구체적으로 탐색하고, 다양한 기본 움직임 기술을 활용하여 리듬감을 살려 표현할 수 있다.","리듬에 맞춰 표현하는 여러 가지 방법을 대략적으로 탐색하고, 일부 기본 움직임 기술을 활용하여 리듬감을 살려 표현할 수 있다.","리듬에 맞춰 표현하는 방법을 대략적으로 탐색하고, 일부 기본 움직임 기술을 부분적으로 활용하여 리듬감을 표현할 수 있다.","[4체03-05]는 기본 움직임 기술을 활용한 리듬 표현 능력을 기르기 위해 설정하였다. 기본 움직임 기술을 활용하여 박자, 강약, 빠르기, 패턴에 맞춰 표현하는 방법을 탐색하고 리듬감을 살려 표현하도록 한다."
3~4,체육,표현,,,[4체03-06],기본 움직임 기술을 도구를 활용하여 표현한다.,"도구를 활용하여 표현하는 여러 가지 방법을 구체적으로 탐색하고, 다양한 기본 움직임 기술과 연결하여 아름답게 표현할 수 있다.","도구를 활용하여 표현하는 여러 가지 방법을 대략적으로 탐색하고, 일부 기본 움직임 기술과 연결하여 아름답게 표현할 수 있다.","도구를 활용하여 표현하는 방법을 대략적으로 탐색하고, 일부 기본 움직임 기술을 부분적으로 연결하여 표현할 수 있다.","[4체03-06]은 기본 움직임 기술을 활용한 도구 표현 능력을 기르기 위해 설정하였다. 기본 움직임 기술을 활용하여 줄, 공, 천, 훌라후프 등 도구의 특성을 활용한 표현 방법을 탐색하고 도구의 조작과 움직임을 연결하여 표현하도록 한다."
3~4,체육,표현,,,[4체03-07],움직임의 심미적 표현에 대한 호기심과 감수성을 나타낸다.,다양한 기본 움직임 기술로 아름답게 표현하는 여러 가지 활동에 깊은 관심을 갖고 감수성을 적극적으로 나타낼 수 있다.,다양한 기본 움직임 기술로 아름답게 표현하는 일부 활동에 관심을 갖고 감수성을 나타낼 수 있다.,기본 움직임 기술로 아름답게 표현하는 일부 활동에 부분적으로 관심을 갖고 감수성을 나타낼 수 있다.,[4체03-07]은 움직임을 심미적으로 표현하는 것에 대한 호기심과 감수성을 갖도록 설정하였다. 기본 움직임 기술을 아름답게 표현하며 움직임을 심미적으로 표현하는 다양한 자극에 관심을 갖고 운동이나 스포츠 기술과는 다른 감성을 느낄 수 있도록 한다.
3~4,음악,연주,"⋅음악은 고유한 방식과 원리에 따라 인간의 느낌, 생각, 경험을 다양한 소리의 어울림으로 표현한 것이다.
⋅개인적 혹은 협력적 음악 연주는 인간의 감수성과 사회⋅문화적 배경에 따라 다양한 행위 과정으로 나타난다.
⋅인간은 생활 속에서 다양한 음악 매체와 표현 방법을 활용하여 함께 경험하며 소통한다.",⋅자세와 주법,[4음01-01],바른 자세와 주법을 익혀 노래 부르거나 악기로 연주한다.,바른 자세와 주법을 충분히 이해하여 자연스럽게 노래 부르거나 악기로 연주한다.,바른 자세와 주법을 이해하여 노래 부르거나 악기로 연주한다.,바른 자세와 주법을 부분적으로 이해하여 노래 부르거나 악기로 연주한다.,
3~4,음악,연주,,"⋅기초적인 음악 요소
⋅느낌, 여러 소리",[4음01-02],기초적인 음악 요소를 살려 노래 부르거나 악기로 연주하고 느낌을 이야기한다.,기초적인 음악 요소를 충분히 이해하여 그 특징을 전체적으로 살려 노래 부르거나 악기로 연주하고 연주를 통해 알게 된 점과 연주에 대한 자신의 느낌을 이야기한다.,기초적인 음악 요소를 이해하여 그 특징을 살려 노래 부르거나 악기로 연주하고 연주에 대한 자신의 느낌을 이야기한다.,기초적인 음악 요소를 부분적으로 이해하여 그 특징을 일부 살려 노래 부르거나 악기로 연주하고 연주에 대한 자신의 느낌을 이야기하려고 노력한다.,"[4음01-02] 이 성취기준은 노래나 악기 연주를 통해 기초적인 음악 요소를 표현하도록 하기 위해 설정하였다. 기초적인 수준의 음악 요소를 익혀 다양한 악곡을 연주하고, 이를 통해 알게 된 점이나 느낌 등을 이야기해 봄으로써 음악 개념과 활동을 의미 있게 연결 짓도록 하는 데 중점을 둔다."
3~4,음악,연주,,,[4음01-03],노래와 악기 연주에 어울리는 신체표현이나 놀이를 하며 음악을 즐긴다.,노래와 악기 연주의 특성을 충분히 이해하여 악곡에 어울리는 신체표현이나 놀이를 하며 적극적인 태도로 음악을 즐긴다.,노래와 악기 연주의 특성을 이해하여 악곡에 어울리는 신체표현이나 놀이를 하며 음악을 즐긴다.,노래와 악기 연주의 특성을 부분적으로 이해하여 신체표현이나 놀이를 하며 음악을 즐기려고 노력한다.,"[4음01-03] 이 성취기준은 다양한 노래나 악기 연주의 특성을 탐색하고 관련지어 자유롭게 신체나 놀이로 표현하도록 하기 위해 설정하였다. 학습자의 발달 단계에 적합한 흥미로운 신체표현을 통해 음악을 즐기고, 음악을 활용하여 전통과 현대의 다양한 놀이를 하도록 함으로써 노래, 연주 등의 음악 활동이 음악 외의 여러 활동과 연결되도록 하는 데 중점을 둔다."
3~4,음악,연주,,⋅생활 속의 음악,[4음01-04],생활 속에서 음악을 경험하며 연주에 관심을 가지고 참여한다.,생활 속의 음악을 충분히 이해하여 음악을 경험하며 연주 활동에 관심을 가지고 적극적으로 참여한다.,생활 속의 음악을 이해하여 음악을 경험하며 연주 활동에 관심을 가지고 참여한다.,생활 속의 음악을 부분적으로 이해하여 음악을 경험하며 연주 활동에 참여하려고 노력한다.,"[4음02-01] 이 성취기준은 감상곡에 포함된 기초적인 음악 요소를 청각적으로 인식하도록 하기 위해 설정하였다. 음악을 들으며 기초적인 수준의 음악 요소를 탐색해 보고, 노래, 악기, 신체, 언어, 그림 등 다양한 방법으로 자신의 반응을 자유롭게 표현하도록 하는 데 중점을 둔다."
3~4,음악,감상,"⋅ 음악은 고유한 방식과 원리에 따라 다양한 속성을 청각적 형태로 구현한 것이다.
⋅ 음악적 수용과 반응은 인간의 감수성과 사회⋅문화적 배경에 따라 다양하게 나타난다.
⋅ 인간은 생활 속에서 다양한 음악 경험을 통해 미적 가치와 의미를 발견하고 공감한다.","⋅기초적인 음악 요소
⋅음악적 특징",[4음02-01],음악을 듣고 기초적인 음악 요소를 탐색하며 반응한다.,음악을 듣고 기초적인 음악 요소를 적극적으로 탐색하며 음악 요소의 특성에 따라 적절하게 반응한다.,음악을 듣고 기초적인 음악 요소를 탐색하며 음악 요소의 특성에 따라 반응한다.,음악을 듣고 기초적인 음악 요소에 대해 반응하려고 노력한다.,[4음02-02] 이 성취기준은 음악의 종류나 주제 등에 따른 음악의 전반적 특징을 발견하며 감상하는 능력을 기르도록 하기 위해 설정하였다. 다양한 음악을 감상하며 음악적 특징을 발표하고 공유하는 활동을 통해 다양한 주제가 감상곡에서 어떤 음악적 특징으로 나타나는지 살펴 청각적 인식과 음악적 이해를 연결 짓도록 하는 데 중점을 둔다.
3~4,음악,감상,,"⋅다양한 종류의 음악
⋅음악적 특징",[4음02-02],다양한 음악을 듣고 음악적 특징을 발견한다.,다양한 음악을 듣고 음악의 종류나 주제에 따른 음악적 특징을 발견하고 종합적으로 연관지어 구체적으로 이야기한다.,다양한 음악을 듣고 음악의 종류나 주제에 따른 음악적 특징을 발견하고 연관지어 이야기한다.,다양한 음악을 듣고 음악의 종류나 주제 등에 따른 음악적 특징을 발견하고 부분적으로 연관지어 이야기한다.,"[4음02-03] 이 성취기준은 다양한 분위기와 쓰임을 가진 음악을 듣고 경험하도록 함으로써 음악을 활용할 수 있는 능력을 기르도록 하기 위해 설정하였다. 악곡과 관련된 느낌과 감정, 분위기나 장면 등을 떠올려 보고, 이를 노래, 악기 연주, 신체표현, 그림, 영상, 글쓰기 등의 방법으로 묘사해 본다. 나아가 놀이, 의식, 노동 등 생활 속에서 다양하게 쓰이는 음악에 관해 이야기해 보며 음악 감상을 통한 경험을 확장하도록 하는 데 중점을 둔다."
3~4,음악,감상,,"⋅다양한 종류의 음악
⋅느낌, 분위기, 쓰임",[4음02-03],다양한 종류의 음악을 듣고 음악의 분위기를 묘사하거나 쓰임을 이야기한다.,다양한 분위기나 쓰임을 가진 여러 종류의 음악을 듣고 주어진 조건에 따라 음악의 분위기를 구체적으로 묘사하거나 쓰임에 대해 정확하게 이야기한다.,다양한 분위기나 쓰임을 가진 여러 종류의 음악을 듣고 주어진 조건에 따라 음악의 분위기를 묘사하거나 쓰임에 대해 이야기한다.,다양한 분위기나 쓰임을 가진 여러 종류의 음악을 듣고 주어진 조건에 따라 음악의 분위기를 간단하게 묘사하거나 쓰임에 대해 이야기하려고 노력한다.,"[4음02-04] 이 성취기준은 일상생활 속에서 호기심을 가지고 다양한 음악을 들으며 친숙함을 느끼도록 하기 위해 설정하였다. 국악, 서양음악, 세계음악, 대중매체에서 접하는 음악 등을 열린 마음으로 수용하고 즐김으로써 음악 감상을 생활화하도록 하는 데 중점을 둔다."
3~4,음악,감상,,"⋅느낌, 분위기, 쓰임",[4음02-04],생활 속에서 음악을 들으며 느낌과 호기심을 갖고 즐긴다.,생활 속에서 호기심을 가지고 다양한 음악을 듣고 음악을 친숙하게 느끼며 적극적으로 즐긴다.,생활 속에서 호기심을 가지고 음악을 듣고 음악을 친숙하게 느끼며 즐긴다.,생활 속에서 음악을 듣고 음악을 느끼며 즐기려고 노력한다.,"[4음02-05] 이 성취기준은 지역에 전승되어 오는 음악 문화유산에 관심을 갖고 찾아 들으며, 생활 속에서 국악을 즐기는 태도를 가질 수 있도록 하기 위해 설정하였다. 타 교과의 지역 학습과 연계하여 지역의 음악 문화유산을 통해 자신이 속한 지역 문화에 대한 이해를 높이고, 지역에 전승되어 오는 음악 문화유산에 호기심을 가지게 함으로써 생활 속에서 국악을 즐기는 태도를 함양하는 데 중점을 둔다."
3~4,음악,감상,,⋅지역의 음악 문화유산,[4음02-05],우리 지역의 음악 문화유산을 찾아 듣고 국악을 즐기는 태도를 갖는다.,우리 지역의 음악 문화유산을 적극적으로 찾아 듣고 음악 문화유산을 충분히 이해하여 국악을 즐기는 태도를 갖는다.,우리 지역의 음악 문화유산을 찾아 듣고 음악 문화유산을 이해하여 국악을 즐기는 태도를 갖는다.,우리 지역의 음악 문화유산을 듣고 음악 문화유산을 부분적으로 이해하여 국악을 즐기는 태도를 가지려 노력한다.,"[4음03-01] 이 성취기준은 주변 경험과 관련된 느낌이나 상상한 바를 음악으로 나타냄으로써 음악적 상상력을 기르도록 하기 위하여 설정하였다. 자신의 느낌이나 상상을 일정한 틀이나 형식에 얽매이지 않고 목소리, 악기, 신체, 물체 등을 활용하여 즉흥적인 소리나 음악으로 표현하는 활동을 하며 자신과 다른 사람의 자유로운 표현을 즐기고 음악에 관한 흥미를 갖도록 하는 데 중점을 둔다."
3~4,음악,창작,"⋅음악은 고유한 방식과 원리에 따라 인간의 무한한 상상과 가능성을 탐구하여 만들어낸 것이다.
⋅개인적 혹은 협력적 음악 창작은 인간의 감수성과 사회⋅문화적 배경에 따라 다양한 과정과 결과물로 나타난다.
⋅인간은 생활 속에서 다양한 매체와 방법을 활용하여 자기 주도적으로 음악을 구성하며 기여한다.","⋅느낌, 상상",[4음03-01],느낌과 상상을 즉흥적으로 표현하며 음악에 대한 흥미를 갖는다.,경험에 관련된 느낌과 상상한 바를 어울리는 소리나 음악으로 즉흥적으로 표현하고 적극적으로 표현 활동하며 음악에 흥미를 갖는다.,경험에 관련된 느낌과 상상한 바를 소리나 음악으로 즉흥적으로 표현하며 음악에 대한 흥미를 갖는다.,"경험에 관련된 느낌과 상상한 바를 소리나 음악으로 즉흥적으로 표현하는 데 관심을 보이며, 음악에 대한 흥미를 가지려고 노력한다.","[4음03-02] 이 성취기준은 노랫말 등 악곡의 일부를 바꾸어 표현하고 음악을 기록하는 다양한 방법에 대해 기초적인 수준에서 이해하도록 하기 위해 설정하였다. 음⋅음표, 그림, 기호, 숫자, 문자 등을 활용하여 악보로 나타내고 창작과 공유의 즐거움을 경험하도록 하는 데 중점을 둔다."
3~4,음악,창작,,⋅간단한 악보,[4음03-02],악곡의 일부를 바꾸어 표현하고 간단한 악보로 나타낸다.,악곡의 특성을 충분히 이해하여 그 일부를 바꾸어 표현하고 음표·기호·숫자 등을 적절히 활용하여 간단한 악보로 나타낸다.,악곡의 특성을 이해하여 그 일부를 바꾸어 표현하고 음표·기호·숫자 등을 활용하여 간단한 악보로 나타낸다.,악곡의 특성을 부분적으로 이해하여 그 일부를 바꾸어 표현하고 음표·기호·숫자 등을 일부 활용하여 간단한 악보로 나타내려고 노력한다.,[4음03-03] 이 성취기준은 음악 요소에 관한 이해를 바탕으로 소리나 음악을 창작하는 기초적인 능력을 기르도록 하기 위해 설정하였다. 기초적인 수준의 음악 요소를 활용하여 짧고 간단한 소리나 음악으로 자유롭게 표현하며 음악 요소에 따른 음악적 효과와 특징을 스스로 인식하도록 하는 데 중점을 둔다.
3~4,음악,창작,,"⋅기초적인 음악 요소
⋅소리와 음악",[4음03-03],기초적인 음악 요소를 활용하여 소리나 음악으로 표현한다.,기초적인 음악 요소를 적절하게 활용하여 음악 요소의 특징이 잘 나타나도록 소리나 음악으로 창의적으로 표현한다.,기초적인 음악 요소를 활용하여 음악 요소의 특징이 나타나도록 소리나 음악으로 표현한다.,기초적인 음악 요소를 활용하여 소리나 음악으로 표현하려고 노력한다.,"[4음03-04] 이 성취기준은 생활 주변의 소리에 민감하게 반응하고 새로운 음악을 만들어가며 즐길 수 있도록 하기 위해 설정하였다. 일상에서 경험할 수 있는 다양한 소리나 장면을 음악의 관점에서 탐색해 보고 이를 모방하여 노래, 악기 연주, 신체표현 등의 다양한 방법으로 나타내도록 한다. 학습자마다 산출해낸 다양한 결과물을 서로 공유하며 새로운 표현과 그 가능성을 즐기도록 하는 데 중점을 둔다."
3~4,음악,창작,,⋅소리와 음악,[4음03-04],생활 주변의 소리나 장면을 모방하며 음악의 새로움을 즐기는 태도를 갖는다.,생활 주변의 소리나 장면의 특징을 살려 실감나게 모방하며 새로운 음악적 표현을 적극적으로 즐기는 태도를 갖는다.,생활 주변의 소리나 장면의 특징을 살려 모방하며 새로운 음악적 표현을 즐기는 태도를 갖는다.,생활 주변의 소리나 장면을 모방하며 새로운 음악적 표현을 즐기려고 노력한다.,
3~4,미술,미적 체험,"⋅미적 체험은 감각을 깨워 미적 감수성을 풍부하게 하며 미적 가치를 발견하도록 한다.
⋅대상과 현상을 관찰하고 지각하는 경험은 앎을 확장하고 자신을 성찰하게 한다. 
⋅이미지에 대한 비판적 이해는 시각적 소통과 문화적 참여의 토대가 된다. ",⋅자신의 감각,[4미01-01],자연물과 인공물을 탐색하는 데 다양한 감각을 활용할 수 있다.,자연물과 인공물을 탐색하는 데 쓰이는 자신의 다양한 감각을 이해하고 적극적으로 활용할 수 있다.,자연물과 인공물을 탐색하는 데 쓰이는 자신의 다양한 감각을 발견하고 활용할 수 있다.,자연물과 인공물을 탐색하는 데 자신의 다양한 감각을 제한적으로 활용할 수 있다.,
3~4,미술,미적 체험,,⋅생활 속 미술,[4미01-02],주변 대상을 체험하며 떠오른 느낌과 생각을 다양한 방법으로 나타낼 수 있다.,주변 대상을 체험하며 떠오른 느낌과 생각을 구체적이고 다양한 방법으로 나타낼 수 있다.,주변 대상을 체험하며 떠오른 느낌과 생각을 다양한 방법으로 나타낼 수 있다.,주변 대상을 체험하며 떠오른 느낌과 생각을 부분적으로 나타낼 수 있다.,
3~4,미술,미적 체험,,⋅대상의 특징,[4미01-03],미적 탐색에 호기심을 갖고 참여하며 자신의 감각으로 대상의 특징을 이해할 수 있다.,미적 탐색에 호기심을 갖고 적극적으로 참여하며 자신의 감각으로 대상의 특징을 이해하고 설명할 수 있다.,미적 탐색에 호기심을 갖고 참여하며 자신의 감각으로 대상의 특징을 이해할 수 있다.,미적 탐색에 관심을 보이며 자신의 감각으로 대상의 특징을 부분적으로 이해할 수 있다.,"[4미01-03] 성취기준은 객관적 지식을 적용하거나 고정 관념에 따라 대상을 이해하는 방식에서 벗어나 몸의 다양한 감각으로 직접 대상을 탐색하는 데 호기심을 갖고 참여하며 자신의 감각을 바탕으로 대상의 특징을 이해하는 데 중점을 둔다. 같은 대상이라도 지각하고 반응하는 방식은 학생마다 다를 수 있다. 대상을 지각하며 자연스럽게 떠올린 자신의 감정, 느낌, 생각 등을 나타내고 친구들의 다양한 반응을 접하며 자신만의 고유한 감각을 통해 대상이 지닌 다채로운 특징을 이해한다."
3~4,미술,미적 체험,,⋅생활 속 미술,[4미01-04],생활 속에서 활용되는 미술에 관심을 가지고 미술의 특징과 역할을 발견할 수 있다.,생활 속에서 활용되는 미술에 지속적인 관심을 가지고 여러 사례를 조사하여 미술의 특징과 역할을 다양하게 발견할 수 있다.,생활 속에서 활용되는 미술에 관심을 가지고 사례를 찾아 미술의 특징과 역할을 발견할 수 있다.,생활 속에서 활용되는 미술에 관심을 보이며 미술의 특징과 역할을 발견하고자 노력한다.,
3~4,미술,표현,"⋅표현은 자신의 느낌과 생각을 시각화하는 창의적 사고와 성찰의 순환 과정으로 이루어진다.
⋅다양한 발상은 아이디어와 주제를 발전시키고 표현의 토대가 된다.
⋅작품 제작은 표현 재료와 방법, 조형 요소와 원리 등을 선택하고 활용하여 창의적으로 문제를 해결하는 과정을 통해 예술적 성취를 경험하게 한다. ",⋅표현 주제,[4미02-01],관찰과 상상으로 아이디어를 떠올려 표현 주제를 구체화할 수 있다.,관찰과 상상으로 다양한 아이디어를 떠올려 표현 주제를 구체화할 수 있다.,관찰과 상상으로 아이디어를 떠올려 표현 주제를 구체화할 수 있다.,관찰과 상상으로 아이디어를 떠올려 표현 주제를 나타낼 수 있다.,
3~4,미술,표현,,⋅기본적인 표현 재료와 용구,[4미02-02],기본적인 표현 재료와 용구의 특성을 이해하고 사용 방법을 익힐 수 있다.,기본적인 표현 재료와 용구의 특성을 이해하고 설명하며 적절한 사용 방법을 익힐 수 있다.,기본적인 표현 재료와 용구의 특성을 이해하고 사용 방법을 익힐 수 있다.,기본적인 표현 재료와 용구의 특성을 부분적으로 이해하고 사용 방법을 익히고자 노력한다.,"[4미02-02] 성취기준은 기본적인 표현 재료의 물성을 경험하고 표현 용구의 사용법을 충분히 익히는 활동에 중점을 둔다. 표현 재료와 용구는 단순히 표현 수단을 넘어 그 자체로서 학생들에게 새로운 느낌과 생각을 가지게 한다. 초등학교 3~4학년 수준에서 다룰 수 있는 기본적인 표현 재료에는 종이류(도화지, 색종이, 한지 등), 드로잉 재료(연필, 펜 등), 채색 재료(크레파스, 파스텔, 수채화물감, 아크릴물감, 먹 등), 조소 재료(찰흙, 종이죽, 공예용 철사 등)가 있으며 그 밖에 생활 속에서 익숙하게 다루고 있는 다양한 생활용품 및 디지털 매체를 활용할 수 있다."
3~4,미술,표현,,⋅조형 요소의 특징,[4미02-03],조형 요소의 특징을 자유롭게 탐색하며 주제 표현에 알맞게 활용할 수 있다.,"조형 요소의 다양한 특징을 자유롭게 탐색하여 이해하고 설명하며, 주제 표현에 적합한 조형 요소를 찾아 알맞게 활용할 수 있다.",조형 요소의 특징을 자유롭게 탐색하여 이해하고 주제 표현에 알맞게 활용할 수 있다.,조형 요소의 일부 특징을 알고 주제 표현에 활용하려고 시도할 수 있다.,"[4미02-03] 성취기준은 미술 표현에 기초가 되는 조형 요소의 특징을 탐색하고 표현 주제와 연결 지어 조형 요소를 활용하는 데 중점을 둔다. 조형 요소에는 선, 형과 형태, 색, 질감, 양감 등이 있다. 각 조형 요소를 탐색하여 시각적 특징을 발견하고 표현하고자 하는 주제와 어울리는 조형 요소를 찾아 주제 표현에 활용한다."
3~4,미술,표현,,"⋅표현 주제
",[4미02-04],표현 의도를 가지고 작품을 제작하며 자기 작품을 소중히 여길 수 있다.,분명한 표현 의도를 가지고 주도적으로 작품을 제작하며 자기 작품을 소중히 여기는 태도를 실천한다.,표현 의도를 가지고 작품을 제작하며 자기 작품을 소중히 여기는 태도를 가진다.,표현 의도를 작품 제작에 반영하고자 시도하며 자기 작품을 소중히 여기는 태도를 가지려고 노력한다.,"[4미02-04] 성취기준은 작품 제작을 위한 계획 단계부터 작품을 완성한 후 발표 및 전시에 이르기까지 학생들의 제작 의도와 작품을 대하는 태도에 중점을 둔다. 작품 제작에 분명한 의도를 갖는 것은 주도적으로 작품을 제작하는 바탕이 되어 표현 재료와 용구, 조형 요소의 특징을 탐색하여 작품에 활용하는 일련의 과정을 이끈다. 또한, 자신의 의도에 따라 주도적으로 제작한 작품에는 특별한 의미가 부여되어 작품을 소중히 여기는 태도로 이어질 수 있다."
3~4,미술,표현,,,[4미02-05],미술과 타 교과를 관련지어 주제를 표현하는데 흥미를 가질 수 있다.,다양한 탐색을 통해 미술과 타 교과를 관련지어 주제를 표현하는 데 지속적으로 흥미를 가진다.,미술과 타 교과를 관련지어 주제를 표현하는 데 흥미를 가진다.,미술과 타 교과를 관련지어 주제를 표현하는 데 흥미를 가지려고 노력한다.,
3~4,미술,감상,"⋅감상은 다양한 삶과 문화가 반영된 미술과의 만남으로 자신과 공동체의 문화를 이해하게 한다.
⋅작품의 내용과 형식에 관한 맥락적 이해와 비평은 미적 판단 능력을 높인다.
⋅감상은 서로 다른 관점을 이해하여 삶에서 미술 문화의 다원적 가치를 존중하도록 한다. ","⋅미술 작품과 미술가",[4미03-01],미술 작품을 자세히 보고 작품과 미술가에 관해 질문할 수 있다.,미술 작품을 자세히 보고 작품과 미술가에 관해 다양하게 질문할 수 있다.,미술 작품을 자세히 보고 작품과 미술가에 관해 질문할 수 있다.,미술 작품을 보고 작품과 미술가에 관해 일부 질문을 시도할 수 있다.,"[4미03-01] 성취기준은 작품에 대한 교사의 질문이나 조사에 의존하는 감상 방식에서 벗어나 학생들이 작품을 충분히 보고 자신의 느낌과 생각을 바탕으로 질문을 만들어 상호 작용하는 데 중점을 둔다. 질문하기를 통한 감상은 작품과 나누는 대화의 시작이다. 작품 정보를 활용한 질문, 작품의 내용이나 형식에 관한 질문, 작가의 입장이 되어 던지는 질문 등 다양한 질문을 통하여 학생들이 감상에 흥미를 느끼고 감상 관점을 기르도록 한다."
3~4,미술,감상,,"⋅미술 작품의 특징",[4미03-02],미술 작품의 특징과 작품에 관한 자신의 느낌과 생각을 설명할 수 있다.,미술 작품의 다양한 특징과 작품에 관한 자신의 느낌과 생각을 구체적으로 설명할 수 있다.,미술 작품의 특징과 작품에 관한 자신의 느낌과 생각을 설명할 수 있다.,미술 작품의 특징과 작품에 관한 자신의 느낌과 생각을 부분적으로 설명할 수 있다.,
3~4,미술,감상,,⋅미술 전시,[4미03-03],미술 문화에 관심을 가지고 전시 및 행사에 참여할 수 있다.,다양한 미술 문화에 관심을 가지고 미술 전시 및 행사에 주도적으로 참여할 수 있다.,미술 문화에 관심을 가지고 미술 전시 및 행사에 참여할 수 있다.,미술 문화에 일부 관심을 가지고 미술 전시 및 행사에 제한적으로 참여할 수 있다.,
3~4,미술,감상,,,[4미03-04],작품 감상에 흥미를 가지고 참여하며 작품에 대한 자신의 감상 관점을 존중할 수 있다.,작품 감상에 흥미를 가지고 적극적으로 참여하며 작품에 대한 자신의 감상 관점을 존중하는 태도를 내면화할 수 있다.,작품 감상에 흥미를 가지고 참여하며 작품에 대한 자신의 감상 관점을 존중할 수 있다.,작품 감상에 참여하며 작품에 대한 자신의 감상 관점을 가지려고 노력한다.,
3~4,영어,이해,"⋅의사소통 목적과 상황에 맞게 배경지식을 활용하고 관점, 목적과 맥락을 파악함으로써 담화나 글을 이해하는 능력을 함양한다. 
⋅적절한 사고 과정 및 전략을 활용하여 담화나 글의 의미를 파악하고 분석한다.
⋅담화나 글을 이해하는 활동은 협력적이고 포용적으로 화자나 필자의 의도를 이해하는 태도를 길러 준다. ",,[4영01-01],알파벳과 쉽고 간단한 단어의 소리를 듣고 식별한다.,알파벳과 쉽고 간단한 단어의 소리를 듣고 정확하게 식별할 수 있다.,알파벳과 쉽고 간단한 단어의 소리를 듣고 대체로 식별할 수 있다.,알파벳과 매우 쉽고 간단한 단어의 소리를 반복하여 듣고 부분적으로 식별할 수 있다.,
3~4,영어,이해,,,[4영01-02],알파벳 대소문자를 식별하여 읽는다.,알파벳 대소문자를 식별하여 정확하게 읽을 수 있다.,알파벳 대소문자를 식별하여 대체로 읽을 수 있다.,알파벳 대소문자를 식별하여 부분적으로 읽을 수 있다.,
3~4,영어,이해,,,[4영01-03],"쉽고 간단한 단어, 어구, 문장을 듣고 강세, 리듬, 억양을 식별한다.","쉽고 간단한 단어, 어구, 문장을 듣고 강세, 리듬, 억양을 정확하게 식별할 수 있다.","쉽고 간단한 단어, 어구, 문장을 듣고 강세, 리듬, 억양을 대체로 식별할 수 있다.","매우 쉽고 간단한 단어, 어구, 문장을 반복하여 듣고 강세, 리듬, 억양을 부분적으로 식별할 수 있다.",
3~4,영어,이해,,,[4영01-04],"소리와 철자의 관계를 이해하며 쉽고 간단한 단어, 어구, 문장을 소리 내어 읽는다.","소리와 철자의 관계를 이해하며 쉽고 간단한 단어, 어구, 문장을 정확하게 소리 내어 읽을 수 있다.","소리와 철자의 관계를 이해하며 쉽고 간단한 단어, 어구, 문장을 대체로 소리 내어 읽을 수 있다.","소리와 철자의 관계를 이해하며 매우 쉽고 간단한 단어, 어구, 문장을 부분적으로 소리 내어 읽을 수 있다.","[4영01-04] 이 성취기준은 단어, 어구, 문장을 개별 소리와 철자 관계에 주목하며 소리 내어 읽음으로써 독자적인 문자 해독의 기초를 형성하는 데 초점이 있다. 초기 학습 단계에서는 소리와 철자 관계가 규칙적이면서 친숙한 단어를 읽고, 나아가 두음이나 각운이 같은 단어를 포함한 어구나 문장, 의미를 알고 있는 어구나 문장을 반복하여 읽으며 소리와 철자 관계를 이해하는 것을 의미한다."
3~4,영어,이해,,,[4영01-05],"쉽고 간단한 단어, 어구, 문장의 의미를 이해한다.","쉽고 간단한 단어, 어구, 문장을 듣거나 읽고 의미를 정확하게 이해할 수 있다.","쉽고 간단한 단어, 어구, 문장을 듣거나 읽고 의미를 대체로 이해할 수 있다.","매우 쉽고 간단한 단어, 어구, 문장을 반복하여 듣거나 읽고 시각 자료 등의 도움을 받아 의미를 부분적으로 이해할 수 있다.",
3~4,영어,이해,,,[4영01-06],자기 주변 주제에 관한 담화의 주요 정보를 파악한다.,"자기 주변 주제에 관한 담화를 듣거나 읽고 모습, 크기, 색깔, 인물, 장소, 시간 등의 주요 정보를 정확하게 파악할 수 있다.","자기 주변 주제에 관한 담화를 듣거나 읽고 모습, 크기, 색깔, 인물, 장소, 시간 등의 주요 정보를 대체로 파악할 수 있다.","자기 주변 주제에 관한 쉽고 간단한 담화를 반복하여 듣거나 읽고 모습, 크기, 색깔, 인물, 장소, 시간 등의 주요 정보를 시각 자료 등의 도움을 받아 부분적으로 파악할 수 있다.","[4영01-06] 이 성취기준은 말이나 대화를 듣고 명시적이고 구체적으로 언급된 정보를 파악하는 사실적 이해의 수준을 말하며, 담화의 상황과 내용을 이해하는 데 가장 핵심이 되는 한두 가지의 정보를 파악하는 것을 의미한다."
3~4,영어,이해,,,[4영01-07],적절한 전략을 활용하여 담화나 문장을 듣거나 읽는다.,적절한 전략을 다양하게 활용하여 담화나 문장을 듣거나 읽을 수 있다.,적절한 전략을 일부 활용하여 담화나 문장을 듣거나 읽을 수 있다.,예시를 참고하여 적절한 전략을 일부 활용하여 담화나 문장을 듣거나 읽을 수 있다.,"[4영01-07] 이 성취기준은 영어 듣기와 읽기 전략에 관한 것으로 실물, 그림, 동작 등의 시각 정보를 활용하여 담화의 상황이나 내용, 문장의 의미를 파악하는 것을 의미한다."
3~4,영어,이해,,,[4영01-08],다양한 매체로 표현된 담화나 문장을 흥미를 가지고 듣거나 읽는다.,다양한 매체로 표현된 담화나 문장을 높은 흥미를 가지고 스스로 찾아 듣거나 읽는다.,다양한 매체로 표현된 담화나 문장을 대체로 흥미를 가지고 듣거나 읽는다.,다양한 매체로 표현된 담화나 문장을 흥미를 가지려고 노력하며 듣거나 읽는다.,
3~4,영어,이해,,,[4영01-09],"시, 노래, 이야기를 공감하며 듣는다.","시, 노래, 이야기를 스스로 찾아 들으면서 화자의 기쁨, 슬픔 등의 감정을 느끼고 적극적으로 공감하는 태도를 보인다.","시, 노래, 이야기를 들으면서 화자의 기쁨, 슬픔 등의 감정을 느끼고 공감하는 태도를 보인다.","시, 노래, 이야기를 들으면서 화자의 기쁨, 슬픔 등의 감정을 느끼고 공감하는 태도를 가지려고 노력한다.","[4영01-09] 이 성취기준은 시, 노래, 이야기 등 문학이나 예술적 감성을 불러일으키는 듣기 자료를 통해 기쁨, 슬픔 등의 감정을 느끼고 공감하는 것을 의미한다."
3~4,영어,이해,,,[4영01-10],자기 주변 주제나 문화에 관한 담화나 문장을 존중의 태도로 듣거나 읽는다.,자기 주변 주제나 문화에 관한 담화나 문장을 듣거나 읽을 때 다양한 생각을 존중하는 적극적인 태도를 보인다.,자기 주변 주제나 문화에 관한 담화나 문장을 듣거나 읽을 때 다양한 생각을 존중하는 태도를 보인다.,자기 주변 주제나 문화에 관한 담화나 문장을 듣거나 읽을 때 다양한 생각을 존중하는 태도를 가지려고 노력한다.,
3~4,영어,표현,"⋅의사소통 목적과 상황에 맞게 적절한 매체를 활용하여 자신의 감정이나 의견을 담화나 글로 표현하는 능력을 함양한다.
⋅적절한 사고 과정 및 전략을 활용하여 의미를 표현하거나 교환한다.
⋅담화나 글로 표현하는 활동은 다양한 문화와 관점에 대한 이해를 바탕으로 협력적이고 포용적으로 상호 소통하며 의미를 표현하거나 교환하는 태도를 길러 준다. ",,[4영02-01],"쉽고 간단한 단어, 어구, 문장을 강세, 리듬, 억양에 맞게 따라 말한다.","쉽고 간단한 단어, 어구, 문장을 듣고 강세, 리듬, 억양에 맞게 정확하게 따라 말할 수 있다.","쉽고 간단한 단어, 어구, 문장을 듣고 강세, 리듬, 억양에 맞게 대체로 따라 말할 수 있다.","매우 쉽고 간단한 단어, 어구, 문장을 반복하여 듣고 강세, 리듬, 억양에 맞게 부분적으로 따라 말할 수 있다.",
3~4,영어,표현,,,[4영02-02],알파벳 대소문자를 구별하여 쓴다.,알파벳 대소 문자를 구별하여 정확하게 쓸 수 있다.,알파벳 대소 문자를 구별하여 대체로 쓸 수 있다.,알파벳 대소 문자를 구별하여 부분적으로 쓸 수 있다.,
3~4,영어,표현,,,[4영02-03],소리와 철자의 관계를 바탕으로 쉽고 간단한 단어를 쓴다.,소리와 철자의 관계를 바탕으로 쉽고 간단한 단어를 정확하게 쓸 수 있다.,소리와 철자의 관계를 바탕으로 쉽고 간단한 단어를 대체로 쓸 수 있다.,소리와 철자의 관계를 바탕으로 매우 쉽고 간단한 단어를 부분적으로 쓸 수 있다.,[4영02-03] 이 성취기준은 단어를 쓰는 단계에서 학습자가 기계적으로 철자를 외워서 쓰는 것이 아니라 단어의 개별 소리에 대응하는 철자를 생각해 보며 쓰도록 하는 것을 의미한다.
3~4,영어,표현,,,[4영02-04],"실물, 그림, 동작 등을 보고 쉽고 간단한 문장으로 말하거나 단어나 어구를 쓴다.","실물, 그림, 동작 등을 보고 적절한 단어와 언어 형식을 사용하여 쉽고 간단한 문장으로 말하거나 단어나 어구를 정확하게 쓸 수 있다.","실물, 그림, 동작 등을 보고 적절한 단어를 사용하여 쉽고 간단한 문장으로 대체로 말하거나 단어나 어구를 대체로 쓸 수 있다.","실물, 그림, 동작 등을 보고 주어진 단어를 사용하여 매우 쉽고 간단한 문장으로 부분적으로 말하거나 주어진 철자를 사용하여 단어나 어구를 부분적으로 쓸 수 있다.",
3~4,영어,표현,,,[4영02-05],"자신, 주변 사람이나 사물의 소개나 묘사를 쉽고 간단한 문장으로 말하거나 보고 쓴다.","자신, 주변 사람이나 사물을 소개 또는 묘사하는 말을 적절한 단어와 언어 형식을 사용하여 쉽고 간단한 문장으로 말하거나 제시된 문장을 정확하게 보고 쓸 수 있다.","자신, 주변 사람이나 사물을 소개 또는 묘사하는 말을 적절한 단어를 사용하여 쉽고 간단한 문장으로 대체로 말하거나 제시된 문장을 대체로 보고 쓸 수 있다.","자신, 주변 사람이나 사물을 소개 또는 묘사하는 말을 주어진 도움 자료를 참고하여 매우 쉽고 간단한 문장으로 부분적으로 말하거나 제시된 문장을 부분적으로 보고 쓸 수 있다.","[4영02-05] 이 성취기준은 간단한 인사말과 함께 자신과 가족, 친구 등의 이름이나 외모, 주변의 물건이나 동물 등의 특징을 쉬운 언어 형식의 한두 문장으로 말하거나 제시된 문장을 그대로 보고 쓰는 것을 의미한다."
3~4,영어,표현,,,[4영02-06],행동 지시를 쉽고 간단한 문장으로 말하거나 보고 쓴다.,행동을 지시하는 말을 적절한 단어와 언어 형식을 사용하여 쉽고 간단한 문장으로 말하거나 제시된 문장을 정확하게 보고 쓸 수 있다.,행동을 지시하는 말을 적절한 단어를 사용하여 쉽고 간단한 문장으로 대체로 말하거나 제시된 문장을 대체로 보고 쓸 수 있다.,주어진 도움 자료를 사용하여 행동을 지시하는 말을 매우 쉽고 간단한 문장으로 부분적으로 말하거나 제시된 문장을 부분적으로 보고 쓸 수 있다.,
3~4,영어,표현,,,[4영02-07],자신의 감정을 쉽고 간단한 문장으로 말하거나 보고 쓴다.,자신의 감정을 적절한 단어와 언어 형식을 사용하여 쉽고 간단한 문장으로 말하거나 제시된 문장을 정확하게 보고 쓸 수 있다.,자신의 감정을 적절한 단어를 사용하여 쉽고 간단한 문장으로 대체로 말하거나 제시된 문장을 대체로 보고 쓸 수 있다.,주어진 도움 자료를 사용하여 자신의 감정을 매우 쉽고 간단한 문장으로 부분적으로 말하거나 제시된 문장을 부분적으로 보고 쓸 수 있다.,
3~4,영어,표현,,,[4영02-08],자기 주변 주제에 관한 담화의 주요 정보를 묻거나 답한다.,자기 주변 주제에 관한 담화의 주요 정보를 적절한 단어와 언어 형식에 맞게 묻거나 답할 수 있다.,자기 주변 주제에 관한 담화의 주요 정보를 적절한 단어를 사용하여 대체로 묻거나 답할 수 있다.,자기 주변 주제에 관한 담화의 주요 정보를 주어진 단어를 참고하여 부분적으로 묻거나 답할 수 있다.,
3~4,영어,표현,,,[4영02-09],적절한 매체나 전략을 활용하여 창의적으로 의미를 표현한다.,적절한 매체나 전략을 다양하게 활용하여 창의적으로 의미를 표현할 수 있다.,적절한 매체나 전략을 일부 활용하여 창의적으로 의미를 표현할 수 있다.,예시를 참고하여 적절한 매체나 전략을 일부 활용하여 창의적으로 의미를 표현할 수 있다.,"[4영02-09] 이 성취기준은 의사소통 과정에서 사진, 그림, 디지털 매체 등을 활용하여 다양한 방식으로 의미를 전달하거나 교환하는 것을 말한다. 이는 표정, 몸짓, 동작 등의 비언어적 수단을 수반하여 말하는 것과 함께 그림 글자나 단어 쓰기, 고안 철자(invented spelling) 쓰기, 철자 점검하며 다시 쓰기 등의 전략을 적절하게 사용하는 것을 의미한다."
3~4,영어,표현,,,[4영02-10],의사소통 활동에 흥미와 자신감을 가지고 대화 예절을 지키며 참여한다.,의사소통 활동에 높은 흥미와 자신감을 가지고 상대방을 배려하고 차례를 지키며 대화에 적극적으로 참여한다.,의사소통 활동에 대체로 흥미와 자신감을 가지고 상대방을 배려하고 차례를 지키며 대화에 참여하는 태도를 보인다.,의사소통 활동에 일부 흥미와 자신감을 가지고 상대방을 배려하고 차례를 지키며 참여하려고 노력한다.,"[4영02-10] 이 성취기준은 말하기⋅쓰기 활동 및 과업을 수행하는 과정에서 학습자가 흥미와 자신감을 가지고 능동적으로 참여하도록 다양한 학습 경험을 제공하는 데 초점이 있으며, 대화 상대자의 영어 사용 수준이나 문화적 차이를 고려하여 상대방을 배려하고 차례를 지키며 대화에 참여하도록 하는 것을 의미한다."
3~4,,,,,,,,,,
3~4,,,,,,,,,,
3~4,,,,,,,,,,
3~4,,,,,,,,,,
3~4,,,,,,,,,,
3~4,,,,,,,,,,
3~4,,,,,,,,,,
3~4,,,,,,,,,,
3~4,,,,,,,,,,
3~4,,,,,,,,,,
3~4,,,,,,,,,,
3~4,,,,,,,,,,
3~4,,,,,,,,,,
3~4,,,,,,,,,,
3~4,,,,,,,,,,
3~4,,,,,,,,,,
3~4,,,,,,,,,,
3~4,,,,,,,,,,
3~4,,,,,,,,,,
3~4,,,,,,,,,,
3~4,,,,,,,,,,
3~4,,,,,,,,,,
3~4,,,,,,,,,,
3~4,,,,,,,,,,
3~4,,,,,,,,,,
3~4,,,,,,,,,,
3~4,,,,,,,,,,
3~4,,,,,,,,,,
3~4,,,,,,,,,,
3~4,,,,,,,,,,
3~4,,,,,,,,,,
3~4,,,,,,,,,,
3~4,,,,,,,,,,
3~4,,,,,,,,,,
3~4,,,,,,,,,,
3~4,,,,,,,,,,
3~4,,,,,,,,,,
3~4,,,,,,,,,,
3~4,,,,,,,,,,
3~4,,,,,,,,,,
3~4,,,,,,,,,,
3~4,,,,,,,,,,
3~4,,,,,,,,,,
3~4,,,,,,,,,,
3~4,,,,,,,,,,
3~4,,,,,,,,,,
3~4,,,,,,,,,,
3~4,,,,,,,,,,
3~4,,,,,,,,,,
3~4,,,,,,,,,,
3~4,,,,,,,,,,
3~4,,,,,,,,,,
3~4,,,,,,,,,,
3~4,,,,,,,,,,
3~4,,,,,,,,,,
3~4,,,,,,,,,,
3~4,,,,,,,,,,
3~4,,,,,,,,,,
3~4,,,,,,,,,,
3~4,,,,,,,,,,
3~4,,,,,,,,,,
3~4,,,,,,,,,,
3~4,,,,,,,,,,
3~4,,,,,,,,,,
3~4,,,,,,,,,,
3~4,,,,,,,,,,
3~4,,,,,,,,,,
3~4,,,,,,,,,,
3~4,,,,,,,,,,
3~4,,,,,,,,,,
3~4,,,,,,,,,,
3~4,,,,,,,,,,
3~4,,,,,,,,,,
3~4,,,,,,,,,,
3~4,,,,,,,,,,
3~4,,,,,,,,,,
3~4,,,,,,,,,,
3~4,,,,,,,,,,
3~4,,,,,,,,,,
3~4,,,,,,,,,,
3~4,,,,,,,,,,
3~4,,,,,,,,,,
3~4,,,,,,,,,,
3~4,,,,,,,,,,
3~4,,,,,,,,,,
3~4,,,,,,,,,,
3~4,,,,,,,,,,
3~4,,,,,,,,,,
3~4,,,,,,,,,,
3~4,,,,,,,,,,
3~4,,,,,,,,,,
3~4,,,,,,,,,,
3~4,,,,,,,,,,
3~4,,,,,,,,,,
3~4,,,,,,,,,,
3~4,,,,,,,,,,
3~4,,,,,,,,,,
3~4,,,,,,,,,,
3~4,,,,,,,,,,
3~4,,,,,,,,,,
3~4,,,,,,,,,,
3~4,,,,,,,,,,
3~4,,,,,,,,,,
3~4,,,,,,,,,,
3~4,,,,,,,,,,
3~4,,,,,,,,,,
3~4,,,,,,,,,,
3~4,,,,,,,,,,
3~4,,,,,,,,,,
3~4,,,,,,,,,,
3~4,,,,,,,,,,
3~4,,,,,,,,,,
3~4,,,,,,,,,,
3~4,,,,,,,,,,
3~4,,,,,,,,,,
3~4,,,,,,,,,,
3~4,,,,,,,,,,
3~4,,,,,,,,,,
3~4,,,,,,,,,,
3~4,,,,,,,,,,
3~4,,,,,,,,,,
3~4,,,,,,,,,,
3~4,,,,,,,,,,
3~4,,,,,,,,,,
3~4,,,,,,,,,,
3~4,,,,,,,,,,
3~4,,,,,,,,,,
3~4,,,,,,,,,,
,,,,,,,,,,
,,,,,,,,,,
,,,,,,,,,,
,,,,,,,,,,
,,,,,,,,,,
,,,,,,,,,,
,,,,,,,,,,
,,,,,,,,,,
,,,,,,,,,,
,,,,,,,,,,
,,,,,,,,,,
,,,,,,,,,,
,,,,,,,,,,
,,,,,,,,,,
,,,,,,,,,,
,,,,,,,,,,
,,,,,,,,,,
,,,,,,,,,,
,,,,,,,,,,
,,,,,,,,,,
,,,,,,,,,,
,,,,,,,,,,
,,,,,,,,,,
,,,,,,,,,,
,,,,,,,,,,
,,,,,,,,,,
,,,,,,,,,,
,,,,,,,,,,
,,,,,,,,,,
,,,,,,,,,,
,,,,,,,,,,
,,,,,,,,,,
,,,,,,,,,,
,,,,,,,,,,
,,,,,,,,,,
,,,,,,,,,,
,,,,,,,,,,
,,,,,,,,,,
,,,,,,,,,,
,,,,,,,,,,
,,,,,,,,,,
,,,,,,,,,,
,,,,,,,,,,
,,,,,,,,,,
,,,,,,,,,,
,,,,,,,,,,
,,,,,,,,,,
,,,,,,,,,,
,,,,,,,,,,
,,,,,,,,,,
,,,,,,,,,,
,,,,,,,,,,
,,,,,,,,,,
,,,,,,,,,,
,,,,,,,,,,
,,,,,,,,,,
,,,,,,,,,,
,,,,,,,,,,
,,,,,,,,,,
,,,,,,,,,,
,,,,,,,,,,
,,,,,,,,,,
,,,,,,,,,,
,,,,,,,,,,
,,,,,,,,,,
,,,,,,,,,,
,,,,,,,,,,
,,,,,,,,,,
,,,,,,,,,,
,,,,,,,,,,
,,,,,,,,,,
,,,,,,,,,,
,,,,,,,,,,
,,,,,,,,,,
,,,,,,,,,,
,,,,,,,,,,
,,,,,,,,,,
,,,,,,,,,,
,,,,,,,,,,
,,,,,,,,,,
,,,,,,,,,,
,,,,,,,,,,
,,,,,,,,,,
,,,,,,,,,,
,,,,,,,,,,
,,,,,,,,,,
,,,,,,,,,,
,,,,,,,,,,
,,,,,,,,,,
,,,,,,,,,,
,,,,,,,,,,
,,,,,,,,,,
,,,,,,,,,,
,,,,,,,,,,
,,,,,,,,,,
,,,,,,,,,,
,,,,,,,,,,
,,,,,,,,,,
,,,,,,,,,,
,,,,,,,,,,
,,,,,,,,,,
,,,,,,,,,,
,,,,,,,,,,
,,,,,,,,,,
,,,,,,,,,,
,,,,,,,,,,
,,,,,,,,,,
,,,,,,,,,,
,,,,,,,,,,
,,,,,,,,,,
,,,,,,,,,,
,,,,,,,,,,
,,,,,,,,,,
,,,,,,,,,,
,,,,,,,,,,
,,,,,,,,,,
,,,,,,,,,,
,,,,,,,,,,
,,,,,,,,,,
,,,,,,,,,,
,,,,,,,,,,
,,,,,,,,,,
,,,,,,,,,,
,,,,,,,,,,
,,,,,,,,,,
,,,,,,,,,,
,,,,,,,,,,
,,,,,,,,,,
,,,,,,,,,,
,,,,,,,,,,
,,,,,,,,,,
,,,,,,,,,,
,,,,,,,,,,
,,,,,,,,,,
,,,,,,,,,,
,,,,,,,,,,
,,,,,,,,,,
,,,,,,,,,,
,,,,,,,,,,
,,,,,,,,,,
,,,,,,,,,,
,,,,,,,,,,
,,,,,,,,,,
,,,,,,,,,,
,,,,,,,,,,
,,,,,,,,,,
,,,,,,,,,,
,,,,,,,,,,
,,,,,,,,,,
,,,,,,,,,,
,,,,,,,,,,
,,,,,,,,,,
,,,,,,,,,,
,,,,,,,,,,
,,,,,,,,,,
,,,,,,,,,,
,,,,,,,,,,
,,,,,,,,,,
,,,,,,,,,,
,,,,,,,,,,
,,,,,,,,,,
,,,,,,,,,,
,,,,,,,,,,
,,,,,,,,,,
,,,,,,,,,,
,,,,,,,,,,
,,,,,,,,,,
,,,,,,,,,,
,,,,,,,,,,
,,,,,,,,,,
,,,,,,,,,,
,,,,,,,,,,
,,,,,,,,,,
,,,,,,,,,,
,,,,,,,,,,
,,,,,,,,,,
,,,,,,,,,,
,,,,,,,,,,
,,,,,,,,,,
,,,,,,,,,,
,,,,,,,,,,
,,,,,,,,,,
,,,,,,,,,,
,,,,,,,,,,
,,,,,,,,,,
,,,,,,,,,,
,,,,,,,,,,
,,,,,,,,,,
,,,,,,,,,,
,,,,,,,,,,
,,,,,,,,,,
,,,,,,,,,,
,,,,,,,,,,
,,,,,,,,,,
,,,,,,,,,,
,,,,,,,,,,
,,,,,,,,,,
,,,,,,,,,,
,,,,,,,,,,
,,,,,,,,,,
,,,,,,,,,,
,,,,,,,,,,
,,,,,,,,,,
,,,,,,,,,,
,,,,,,,,,,
,,,,,,,,,,
,,,,,,,,,,
,,,,,,,,,,
,,,,,,,,,,
,,,,,,,,,,
,,,,,,,,,,
,,,,,,,,,,
,,,,,,,,,,
,,,,,,,,,,
,,,,,,,,,,
,,,,,,,,,,
,,,,,,,,,,
,,,,,,,,,,
,,,,,,,,,,
,,,,,,,,,,
,,,,,,,,,,
,,,,,,,,,,
,,,,,,,,,,
,,,,,,,,,,
,,,,,,,,,,
,,,,,,,,,,
,,,,,,,,,,
,,,,,,,,,,
,,,,,,,,,,
,,,,,,,,,,
,,,,,,,,,,
,,,,,,,,,,
,,,,,,,,,,
,,,,,,,,,,
,,,,,,,,,,
,,,,,,,,,,
,,,,,,,,,,
,,,,,,,,,,
,,,,,,,,,,
,,,,,,,,,,
,,,,,,,,,,
,,,,,,,,,,
,,,,,,,,,,
,,,,,,,,,,
,,,,,,,,,,
,,,,,,,,,,
,,,,,,,,,,
,,,,,,,,,,
,,,,,,,,,,
,,,,,,,,,,
,,,,,,,,,,
,,,,,,,,,,
,,,,,,,,,,
,,,,,,,,,,
,,,,,,,,,,
,,,,,,,,,,
,,,,,,,,,,
,,,,,,,,,,
,,,,,,,,,,
,,,,,,,,,,
,,,,,,,,,,
,,,,,,,,,,
,,,,,,,,,,
,,,,,,,,,,
,,,,,,,,,,
,,,,,,,,,,
,,,,,,,,,,
,,,,,,,,,,
,,,,,,,,,,
,,,,,,,,,,
,,,,,,,,,,
,,,,,,,,,,
,,,,,,,,,,
,,,,,,,,,,
,,,,,,,,,,
,,,,,,,,,,
,,,,,,,,,,
,,,,,,,,,,
,,,,,,,,,,
,,,,,,,,,,
,,,,,,,,,,
,,,,,,,,,,
,,,,,,,,,,
,,,,,,,,,,
,,,,,,,,,,
,,,,,,,,,,
,,,,,,,,,,
,,,,,,,,,,
,,,,,,,,,,
,,,,,,,,,,
,,,,,,,,,,
,,,,,,,,,,
,,,,,,,,,,
,,,,,,,,,,
,,,,,,,,,,
,,,,,,,,,,
,,,,,,,,,,
,,,,,,,,,,
,,,,,,,,,,
,,,,,,,,,,
,,,,,,,,,,
,,,,,,,,,,
,,,,,,,,,,
,,,,,,,,,,
,,,,,,,,,,
,,,,,,,,,,
,,,,,,,,,,
,,,,,,,,,,
,,,,,,,,,,
,,,,,,,,,,
,,,,,,,,,,
,,,,,,,,,,
,,,,,,,,,,
,,,,,,,,,,
,,,,,,,,,,
,,,,,,,,,,
,,,,,,,,,,
,,,,,,,,,,
,,,,,,,,,,
,,,,,,,,,,
,,,,,,,,,,
,,,,,,,,,,
,,,,,,,,,,
,,,,,,,,,,
,,,,,,,,,,
,,,,,,,,,,
,,,,,,,,,,
,,,,,,,,,,
,,,,,,,,,,
,,,,,,,,,,
,,,,,,,,,,
,,,,,,,,,,
,,,,,,,,,,
,,,,,,,,,,
,,,,,,,,,,
,,,,,,,,,,
,,,,,,,,,,
,,,,,,,,,,
,,,,,,,,,,
,,,,,,,,,,
,,,,,,,,,,
,,,,,,,,,,
,,,,,,,,,,
,,,,,,,,,,
,,,,,,,,,,
,,,,,,,,,,
,,,,,,,,,,
,,,,,,,,,,
,,,,,,,,,,
,,,,,,,,,,
,,,,,,,,,,
,,,,,,,,,,
,,,,,,,,,,
,,,,,,,,,,
,,,,,,,,,,
,,,,,,,,,,
,,,,,,,,,,
,,,,,,,,,,
,,,,,,,,,,
,,,,,,,,,,
,,,,,,,,,,
,,,,,,,,,,
,,,,,,,,,,
,,,,,,,,,,
,,,,,,,,,,
,,,,,,,,,,
,,,,,,,,,,
,,,,,,,,,,
,,,,,,,,,,
,,,,,,,,,,
,,,,,,,,,,
,,,,,,,,,,
,,,,,,,,,,
,,,,,,,,,,
,,,,,,,,,,
,,,,,,,,,,
,,,,,,,,,,
,,,,,,,,,,
,,,,,,,,,,
,,,,,,,,,,
,,,,,,,,,,
,,,,,,,,,,
,,,,,,,,,,
,,,,,,,,,,
,,,,,,,,,,
,,,,,,,,,,
,,,,,,,,,,
,,,,,,,,,,
,,,,,,,,,,
,,,,,,,,,,
,,,,,,,,,,
,,,,,,,,,,
,,,,,,,,,,
,,,,,,,,,,
,,,,,,,,,,
,,,,,,,,,,
,,,,,,,,,,
,,,,,,,,,,
,,,,,,,,,,
,,,,,,,,,,
,,,,,,,,,,
,,,,,,,,,,
,,,,,,,,,,
,,,,,,,,,,
,,,,,,,,,,
,,,,,,,,,,
,,,,,,,,,,
,,,,,,,,,,
,,,,,,,,,,
,,,,,,,,,,
,,,,,,,,,,
,,,,,,,,,,
,,,,,,,,,,
,,,,,,,,,,
,,,,,,,,,,
,,,,,,,,,,
,,,,,,,,,,
,,,,,,,,,,
,,,,,,,,,,
,,,,,,,,,,
,,,,,,,,,,
,,,,,,,,,,
,,,,,,,,,,
,,,,,,,,,,
,,,,,,,,,,
,,,,,,,,,,
,,,,,,,,,,
,,,,,,,,,,
,,,,,,,,,,
,,,,,,,,,,
,,,,,,,,,,
,,,,,,,,,,
,,,,,,,,,,
,,,,,,,,,,
,,,,,,,,,,
,,,,,,,,,,
,,,,,,,,,,
,,,,,,,,,,
,,,,,,,,,,
,,,,,,,,,,
,,,,,,,,,,
,,,,,,,,,,
,,,,,,,,,,
,,,,,,,,,,
,,,,,,,,,,
,,,,,,,,,,
,,,,,,,,,,
,,,,,,,,,,
,,,,,,,,,,
,,,,,,,,,,
,,,,,,,,,,
,,,,,,,,,,
,,,,,,,,,,
,,,,,,,,,,
,,,,,,,,,,
,,,,,,,,,,
,,,,,,,,,,
,,,,,,,,,,
,,,,,,,,,,
,,,,,,,,,,
,,,,,,,,,,
,,,,,,,,,,
,,,,,,,,,,
,,,,,,,,,,
,,,,,,,,,,
,,,,,,,,,,
,,,,,,,,,,
,,,,,,,,,,
,,,,,,,,,,
,,,,,,,,,,
,,,,,,,,,,
,,,,,,,,,,
,,,,,,,,,,
,,,,,,,,,,
,,,,,,,,,,
,,,,,,,,,,
,,,,,,,,,,
,,,,,,,,,,
,,,,,,,,,,
,,,,,,,,,,
,,,,,,,,,,
,,,,,,,,,,
,,,,,,,,,,
,,,,,,,,,,
,,,,,,,,,,
,,,,,,,,,,
,,,,,,,,,,
,,,,,,,,,,
,,,,,,,,,,
,,,,,,,,,,
,,,,,,,,,,
,,,,,,,,,,
,,,,,,,,,,
,,,,,,,,,,
,,,,,,,,,,
,,,,,,,,,,
,,,,,,,,,,
,,,,,,,,,,
,,,,,,,,,,
,,,,,,,,,,
,,,,,,,,,,
,,,,,,,,,,
,,,,,,,,,,
,,,,,,,,,,
,,,,,,,,,,
,,,,,,,,,,
,,,,,,,,,,
,,,,,,,,,,
,,,,,,,,,,
,,,,,,,,,,
,,,,,,,,,,
,,,,,,,,,,
,,,,,,,,,,
,,,,,,,,,,
,,,,,,,,,,
,,,,,,,,,,
,,,,,,,,,,
,,,,,,,,,,
,,,,,,,,,,
,,,,,,,,,,
,,,,,,,,,,
,,,,,,,,,,
,,,,,,,,,,
,,,,,,,,,,
,,,,,,,,,,
,,,,,,,,,,
,,,,,,,,,,
,,,,,,,,,,
,,,,,,,,,,
,,,,,,,,,,
,,,,,,,,,,
,,,,,,,,,,
,,,,,,,,,,
,,,,,,,,,,
,,,,,,,,,,
,,,,,,,,,,
,,,,,,,,,,
,,,,,,,,,,
,,,,,,,,,,
,,,,,,,,,,
,,,,,,,,,,
,,,,,,,,,,
,,,,,,,,,,
,,,,,,,,,,
,,,,,,,,,,
,,,,,,,,,,
,,,,,,,,,,
,,,,,,,,,,
,,,,,,,,,,
,,,,,,,,,,
,,,,,,,,,,
,,,,,,,,,,
,,,,,,,,,,
,,,,,,,,,,
,,,,,,,,,,
,,,,,,,,,,
,,,,,,,,,,
,,,,,,,,,,
,,,,,,,,,,
,,,,,,,,,,
,,,,,,,,,,
,,,,,,,,,,
,,,,,,,,,,
,,,,,,,,,,
,,,,,,,,,,
,,,,,,,,,,
,,,,,,,,,,
,,,,,,,,,,
,,,,,,,,,,
,,,,,,,,,,
,,,,,,,,,,
,,,,,,,,,,
,,,,,,,,,,
,,,,,,,,,,
,,,,,,,,,,
,,,,,,,,,,
,,,,,,,,,,
,,,,,,,,,,
,,,,,,,,,,
,,,,,,,,,,
,,,,,,,,,,
,,,,,,,,,,
,,,,,,,,,,
,,,,,,,,,,
,,,,,,,,,,
,,,,,,,,,,
,,,,,,,,,,
,,,,,,,,,,
,,,,,,,,,,
,,,,,,,,,,
,,,,,,,,,,
,,,,,,,,,,
,,,,,,,,,,
,,,,,,,,,,
,,,,,,,,,,
,,,,,,,,,,
,,,,,,,,,,
,,,,,,,,,,
,,,,,,,,,,
,,,,,,,,,,
,,,,,,,,,,
,,,,,,,,,,
,,,,,,,,,,
,,,,,,,,,,
,,,,,,,,,,
,,,,,,,,,,
,,,,,,,,,,
,,,,,,,,,,
,,,,,,,,,,
,,,,,,,,,,
,,,,,,,,,,
,,,,,,,,,,
,,,,,,,,,,
,,,,,,,,,,
,,,,,,,,,,
,,,,,,,,,,
,,,,,,,,,,
,,,,,,,,,,
,,,,,,,,,,
,,,,,,,,,,
,,,,,,,,,,
,,,,,,,,,,
,,,,,,,,,,
,,,,,,,,,,
,,,,,,,,,,
,,,,,,,,,,
,,,,,,,,,,
,,,,,,,,,,
,,,,,,,,,,
,,,,,,,,,,
,,,,,,,,,,
,,,,,,,,,,
,,,,,,,,,,
,,,,,,,,,,
,,,,,,,,,,
,,,,,,,,,,
,,,,,,,,,,
,,,,,,,,,,
,,,,,,,,,,
,,,,,,,,,,
,,,,,,,,,,
,,,,,,,,,,
,,,,,,,,,,
,,,,,,,,,,
,,,,,,,,,,
,,,,,,,,,,
,,,,,,,,,,
학년군,교과,영역,"핵심
아이디어",내용요소 (지식/이해만),성취기준 코드,성취기준,성취수준(A),성취수준(B),성취수준(C),해설
5~6,국어,듣기·말하기,"⋅듣기⋅말하기는 언어, 준언어, 비언어, 매체 등을 활용하여 서로의 생각과 감정을 주고받는 행위이다.
⋅화자와 청자는 상황 맥락 및 사회⋅문화적 맥락 속에서 의사소통 목적을 달성하기 위하여 다양한 유형의 담화를 듣고 말한다.
⋅화자와 청자는 의사소통 과정에 협력적으로 참여하고 듣기⋅말하기 과정에서의 문제를 해결하기 위해 적절한 전략을 사용하여 듣고 말한다.
⋅화자와 청자는 듣기⋅말하기에 흥미를 가지고 적극적으로 참여하면서 담화 공동체 구성원으로 성장하고, 상호 존중하고 공감하는 소통 문화를 만들어 간다.","⋅상황 맥락
⋅사회⋅문화적 맥락
⋅대화",[6국01-01],대화에서 생략된 내용을 추론하며 듣는다.,대화에서 들은 내용에 담긴 정보와 맥락을 적극적으로 활용하여 드러나지 않거나 생략된 내용을 적절하게 추론하며 들을 수 있다.,대화에서 들은 내용에 담긴 정보와 맥락을 활용하여 드러나지 않거나 생략된 내용을 추론하며 들을 수 있다.,대화에서 들은 내용에 담긴 정보와 맥락을 제한적으로 활용하여 드러나지 않거나 생략된 내용을 부분적으로 추론하며 듣는다.,
5~6,국어,듣기·말하기,,"⋅상황 맥락
⋅사회⋅문화적 맥락
⋅토의
⋅토론",[6국01-02],주장을 파악하고 이유나 근거가 타당한지 평가하며 듣는다.,"상대의 주장, 이유, 근거를 정확하게 파악하고, 이유나 근거가 주장을 타당하게 뒷받침하는지 적극적으로 평가하며 들을 수 있다.","상대의 주장, 이유, 근거를 파악하고, 이유나 근거가 주장을 타당하게 뒷받침하는지 평가하며 들을 수 있다.","상대의 주장, 이유, 근거를 제한적으로 파악하고, 이유나 근거를 부분적으로 평가하며 듣는다.","이 성취기준은 대화를 나눌 때 자신의 감정을 적절하게 표현함으로써 타인과의 관계를 형성하고 유지하며 발전시키는 능력을 기르기 위해 설정하였다. 기쁨, 슬픔, 사랑, 미움 등 다양한 감정과 관련된 표현 알기, 감정을 표현하는 과정에서 바르고 고운 말을 사용하기, 상대의 감정을 이해하고 수용하기 등을 학습한다."
5~6,국어,듣기·말하기,," ⋅상황 맥락
⋅사회⋅문화적 맥락
⋅대화
⋅면담
⋅발표
⋅토의
⋅토론",[6국01-03],주제와 관련하여 궁금한 내용을 질문하며 적극적으로 듣고 말한다.,"듣기 목적에 맞게 주제와 관련하여 궁금한 내용에 대해 분명한 표현으로 질문하며, 적극적으로 듣고 말할 수 있다.","듣기 목적에 맞게 주제와 관련하여 궁금한 내용에 대해 질문하며, 적극적으로 듣고 말할 수 있다.",주제와 관련하여 궁금한 내용에 대해 제한적으로 질문하며 듣고 말한다.,"이 성취기준은 구어 의사소통의 상호 교섭성을 인식하는 출발점으로, 대화 상황에서 상대의 말에 집중하여 그 내용을 이해하고 순서를 교대하며 구어 의사소통에 참여하는 기본 능력을 기르기 위해 설정하였다. 상대의 말을 집중하여 듣기, 다음 말할 사람을 선택하여 다음 말할 사람을 선택하여 부르거나, 고갯짓, 시선, 억양 등의 말차례 교환 신호를 활용하여 다음 사람이 말차례를 알아차릴 수 있도록 하기, 말차례 교환 신호를 확인하여 자신의 말차례 지키기 등을 학습한다."
5~6,국어,듣기·말하기,,"⋅상황 맥락
⋅사회⋅문화적 맥락
⋅면담",[6국01-04],면담의 절차를 이해하고 상대와 매체를 고려하여 면담한다.,"면담의 절차를 이해하여 상황에 맞게 적절하게 적용하고, 상대와 매체를 고려하여 효과적으로 면담할 수 있다.","면담의 절차를 이해하여 단계적으로 수행하고, 상대와 매체를 고려하여 면담할 수 있다.",면담의 절차를 부분적으로 이해하고 상대와 매체를 일부 고려하여 면담한다.,"이 성취기준은 교실에서 자신의 경험이나 생각을 바른 자세로 표현하고 학습에 참여할 수 있는 기본 능력을 기르기 위해 설정하였다. 자신의 경험이나 생각을 동료 학습자들 앞에서 간단히 말하기, 자신의 경험이나 배경지식을 바탕으로 말하기, 수업 시간에 바른 자세로 서서 말하기, 듣는 사람을 바라보며 말하기, 적절한 크기의 소리로 말하기 등을 학습한다."
5~6,국어,듣기·말하기,,"⋅상황 맥락
⋅사회⋅문화적 맥락
⋅발표",[6국01-05],자료를 선별하여 핵심 정보를 중심으로 내용을 구성하고 매체를 활용하여 발표한다.,"말하기 목적과 주제를 고려하여 선별한 자료에서 핵심 정보를 중심으로 내용을 효과적으로 구성하고, 말하기 상황과 내용에 적합한 매체를 활용하여 발표할 수 있다.","선별한 자료에서 핵심 정보를 중심으로 내용을 구성하고, 말하기 상황과 내용에 적절한 매체를 활용하여 발표할 수 있다.","수집한 자료에서 발표 내용을 제한적으로 구성하고, 매체를 부분적으로 활용하여 발표한다.","이 성취기준은 삶에서 듣기⋅말하기의 즐거움을 느끼고 듣기⋅말하기의 중요성을 인식하도록 하기 위해 설정하였다. 듣기⋅말하기가 다양한 생각과 감정을 나누며 의사소통하기 위한 기본적인 도구임을 인식하기, 듣기⋅말하기의 역할과 중요성을 직접 경험해 보기, 다양한 놀이를 통해 듣기⋅말하기에 흥미 가지기 등을 학습한다."
5~6,국어,듣기·말하기,,"⋅상황 맥락
⋅사회⋅문화적 맥락
⋅토의",[6국01-06],토의에 협력적으로 참여하며 서로의 의견을 비교하고 조정한다.,"다른 사람의 의견을 경청하고 자신의 의견을 타당하게 제시하며 토의 활동에 협력적으로 참여하고, 서로의 의견을 종합적으로 검토하고 비교하여 조정할 수 있다.","다른 사람의 의견을 경청하고 자신의 의견을 제시하며 토의 활동에 협력적으로 참여하고, 서로의 의견을 검토하고 비교하여 조정할 수 있다.",토의에 제한적으로 참여하며 서로의 의견을 부분적으로 비교한다.,
5~6,국어,듣기·말하기,,"⋅상황 맥락
⋅사회⋅문화적 맥락
⋅토론",[6국01-07],절차와 규칙을 지키고 타당한 이유와 근거를 제시하며 토론한다.,"토론의 절차와 규칙을 정확하게 지키며, 주장에 대한 타당한 이유와 근거를 명확하게 제시하며 토론할 수 있다.","토론의 절차와 규칙을 지키며, 주장에 대한 타당한 이유와 근거를 제시하며 토론할 수 있다.","토론의 절차와 규칙을 제한적으로 따르며, 주장에 대한 이유나 근거를 일부 제시하며 토론에 참여한다.",
5~6,국어,읽기,"⋅읽기는 독자가 자신의 배경지식이나 경험을 활용하여 언어를 비롯한 다양한 기호나 매체로 표현된 글의 의미를 능동적으로 구성하는 행위이다.
⋅독자는 다양한 상황 맥락과 사회⋅문화적 맥락 속에서 자신의 읽기 목적을 달성하기 위하여 다양한 유형의 글을 읽는다.
⋅독자는 읽기 과정을 점검⋅조정하며 읽기 과정에서 부딪히는 문제를 해결하기 위해 적절한 읽기 전략을 사용하여 글을 읽는다. 
⋅독자는 읽기 경험을 통해 읽기에 대한 긍정적 정서를 형성하고 삶과 공동체의 문제 해결을 위해 공동체 구성원과 함께 독서를 통해 소통함으로써 사회적 독서 문화를 만들어 간다.","⋅상황 맥락
⋅사회⋅문화적 맥락
⋅일상적 화제나 사회⋅ 
문화적 화제의 글
⋅다양한 설명 방법을 
활용하여 주제를 
제시한 글
⋅주장이 명시적이고 
다양한 이유와 근거가 
제시된 글
⋅생각이나 감정이 
함축적으로 제시된 글",[6국02-01],글의 구조를 고려하며 주제나 주장을 파악하고 글 내용을 요약한다.,글의 구조를 고려하며 주제나 주장을 정확하게 파악하고 글의 내용을 자신의 언어로 중심 내용이 잘 드러나게 요약할 수 있다.,글의 구조를 고려하며 주제나 주장을 파악하고 글의 내용을 자신의 언어로 요약할 수 있다.,글의 구조를 고려하며 글의 내용을 부분적으로 파악하고 이를 요약한다.,
5~6,국어,읽기,,"⋅상황 맥락
⋅사회⋅문화적 맥락
⋅생각이나 감정이 
함축적으로 제시된 글",[6국02-02],글에서 생략된 내용이나 함축된 표현을 문맥을 고려하여 추론한다.,"글의 문맥을 고려하여 의미를 이해할 수 있으며 생략된 내용이나 이어질 내용, 함축된 표현을 정확하게 추론할 수 있다.",글의 문맥을 고려하여 생략된 내용이나 함축된 표현을 추론할 수 있다.,글의 문맥을 일부 고려하며 글에서 생략된 내용과 함축된 표현을 제한적으로 추론한다.,"이 성취기준은 글을 의미 단위에 알맞게 띄어 읽으며 글의 의미를 파악하는 능력을 기르기 위해 설정하였다. 글을 읽으면서 의미 단위를 인식하고 이에 맞게 띄어 읽는 것은 글의 의미를 정확하게 파악하고 읽기 유창성을 높이는 데 중요한 요소이다. 글의 의미를 이해하기 위해 의미 단위에 따른 어구나 어절 단위 등으로 띄어 읽기, 주어부와 서술어부 등을 단위로 하여 띄어 읽기, 문장 부호에 따라 문장 단위를 인식하면서 띄어 읽기, 쉬는 지점, 쉼의 길이에 유의하며 띄어 읽기 등을 학습한다."
5~6,국어,읽기,,"⋅상황 맥락
⋅사회⋅문화적 맥락
⋅일상적 화제나 사회⋅ 
문화적 화제의 글
⋅다양한 설명 방법을 
활용하여 주제를 
제시한 글
⋅주장이 명시적이고 
다양한 이유와 근거가 
제시된 글
⋅생각이나 감정이 
함축적으로 제시된 글",[6국02-03],글이나 자료를 읽고 내용의 타당성과 표현의 적절성을 평가한다.,글이나 자료를 읽고 평가 근거를 토대로 내용의 타당성과 표현의 적절성을 종합적으로 평가할 수 있다.,글이나 자료를 읽고 평가 근거를 토대로 내용의 타당성과 표현의 적절성을 평가할 수 있다.,글이나 자료를 읽고 내용의 타당성이나 표현의 적절성을 부분적으로 평가한다.,
5~6,국어,읽기,,"⋅상황 맥락
⋅사회⋅문화적 맥락
⋅일상적 화제나 사회⋅ 
문화적 화제의 글",[6국02-04],문제 상황과 관련된 다양한 관점의 글을 읽고 이를 문제 해결에 활용한다.,"문제 상황과 관련된 다양한 관점의 글을 읽고, 내용의 타당성과 유용성을 평가하여 문제 해결 방안을 마련하는 데 이를 활용할 수 있다.",문제 상황과 관련된 다양한 관점의 글을 읽고 문제 해결 방안을 마련하는 데 이를 활용할 수 있다.,문제 상황과 관련된 다양한 관점의 글을 읽고 문제 해결 방안을 마련하는 데 이를 제한적으로 활용한다.,"이 성취기준은 글에 등장하는 인물의 마음과 생각을 짐작하는 능력과 타인에 대한 공감 능력을 기르기 위해 설정하였다. 인물의 마음이나 생각을 짐작하는 것은 글의 내용에 대한 이해와 더불어 실제 주변 인물에 대한 이해를 높이는 데 도움이 된다. 인물의 처지나 상황을 파악하기, 자신의 경험에 비추어 인물의 마음이나 생각 짐작하기, 감정을 드러내는 다양한 어휘를 활용하여 인물의 마음이나 생각을 표현하기, 인물의 마음이나 생각과 관련된 자신의 경험이나 생각을 떠올리며 비교하기 등을 학습한다."
5~6,국어,읽기,,,[6국02-05],긍정적인 읽기 동기를 형성하고 적극적으로 읽기에 참여하는 태도를 기른다.,"읽기의 중요성과 가치를 인식하고, 긍정적인 읽기 동기를 형성하며 읽기 활동에 적극적이고 주도적으로 참여하는 태도를 지닌다.",긍정적인 읽기 동기를 형성하며 읽기 활동에 적극적으로 참여하는 태도를 지닌다.,긍정적인 읽기 동기 형성과 읽기 활동에 대한 참여가 제한적이다.,
5~6,국어,쓰기,"⋅쓰기는 언어를 비롯한 다양한 기호나 매체를 활용하여 인간의 생각과 감정을 글로 표현함으로써 의미를 구성하는 행위이다.
⋅필자는 상황 맥락 및 사회⋅문화적 맥락 속에서 자신의 의사소통 목적을 달성하기 위하여 다양한 유형의 글을 쓴다.
⋅필자는 쓰기 과정에서 부딪히는 문제를 해결하기 위하여 적절한 쓰기 전략을 사용하여 글을 쓴다.
⋅필자는 쓰기 경험을 통해 언어 공동체의 구성원으로 성장하고, 쓰기 윤리를 갖추어 독자와 소통함으로써 바람직한 의사소통 문화를 만들어 간다.","⋅상황 맥락
⋅사회⋅문화적 맥락
⋅대상의 특성이 
나타나게 설명하는 글",[6국03-01],알맞은 내용을 선정하여 대상의 특성이 나타나게 설명하는 글을 쓴다.,"설명 대상의 특성을 드러내는 알맞은 내용을 선정하고, 이를 효과적으로 나타낼 수 있는 적절한 설명 방법을 활용하여 독자가 이해하기 쉽게 설명하는 글을 쓸 수 있다.",설명 대상의 특성을 드러내는 알맞은 내용을 선정하고 이를 나타낼 수 있는 설명 방법을 활용하여 설명하는 글을 쓸 수 있다.,설명 대상의 특성을 드러내는 내용을 일부 선정하고 이와 관련된 설명 방법을 부분적으로 활용하여 설명하는 글을 쓴다.,
5~6,국어,쓰기,,"⋅상황 맥락
⋅사회⋅문화적 맥락
⋅적절한 근거를 들어 
주장하는 글",[6국03-02],적절한 근거를 사용하고 인용의 출처를 밝히며 주장하는 글을 쓴다.,주장을 뒷받침하는 이유와 적절한 근거를 들고 인용의 출처를 정확하게 밝히며 자신의 주장을 설득력 있게 제시하는 주장하는 글을 쓸 수 있다.,주장과 관련한 적절한 근거를 들고 인용의 출처를 밝히며 자신의 주장을 명확하게 제시하는 주장하는 글을 쓸 수 있다.,주장과 관련한 근거를 들고 인용의 출처를 부분적으로 밝히며 주장하는 글을 쓴다.,"이 성취기준은 쓰기에 흥미를 가지고 자신의 생각이나 느낌을 문장으로 표현하는 능력을 기르기 위해 설정하였다. 쓰기에 대한 긍정적인 인식을 가지고 문장 쓰기를 수행하는 것은 필자로 성장하기 위한 출발점에 해당한다. 자신의 생각이나 느낌을 문장으로 구성하는 방법, 꾸며 주는 말을 넣어 자신의 생각이나 느낌을 표현하는 방법 등을 학습한다. 이를 통해 학습자가 자신이 쓰고 싶은 화제나 주제를 찾아 다양한 문장으로 표현하는 즐거움을 경험하도록 한다."
5~6,국어,쓰기,,"⋅상황 맥락
⋅사회⋅문화적 맥락
⋅체험에 대한 감상을 
나타내는 글",[6국03-03],체험한 일에 대한 감상을 나타내는 글을 쓴다.,체험한 일과 이에 대한 감상을 풍부하게 나타내는 글을 쓸 수 있다.,체험한 일에 대한 감상을 나타내는 글을 쓸 수 있다.,일상의 체험에 대한 감상을 일부 나타내는 글을 쓴다.,
5~6,국어,쓰기,,,[6국03-04],독자와 매체를 고려하여 내용을 생성하고 표현하며 글을 쓴다.,독자와 매체와 같은 쓰기의 상황 맥락을 전체적으로 고려하여 적절한 내용을 생성하고 효과적으로 표현하며 글을 쓸 수 있다.,독자와 매체와 같은 쓰기의 상황 맥락을 고려하여 내용을 생성하고 표현하며 글을 쓸 수 있다.,독자 또는 매체를 고려하여 내용을 일부 생성하고 표현하며 글을 쓴다.,"이 성취기준은 자신이 겪은 일을 내용이나 형식에 제한 없이 자유롭게 표현하고, 그 과정과 결과를 독자와 공유하는 데에 필요한 능력과 태도를 기르기 위해 설정하였다. 자신이 겪은 일 중 글로 쓰고 싶은 경험 떠올리기, 경험에 대한 자신의 생각이나 느낌 떠올리기, 자유롭게 표현하기, 쓴 글을 함께 읽고 반응하기 등을 학습한다."
5~6,국어,쓰기,,,[6국03-05],"쓰기 과정을 점검·조정하며 글을 쓰고, 글 전체를 대상으로 통일성 있게 고쳐 쓴다.","쓰기 과정을 능동적으로 점검‧조정하며 글을 쓸 수 있고, 다양한 유형의 글에 대해 글 전체의 내용과 표현을 통일성 있게 효과적으로 고쳐 쓸 수 있다.","쓰기 과정을 점검‧조정하며 글을 쓸 수 있고, 글 전체의 내용과 표현을 통일성 있게 고쳐 쓸 수 있다.","쓰기 과정을 부분적으로 점검하면서 글을 쓰고, 일부 유형의 글에 대해 글 전체의 내용이나 표현을 통일성 있게 고쳐 쓴다.",
5~6,국어,쓰기,,,[6국03-06],쓰기에 적극적으로 참여하며 자신의 글을 독자와 공유하는 태도를 지닌다.,쓰기 맥락을 고려하여 쓰기에 적극적이고 주도적으로 참여하며 자신의 글을 다양한 독자와 공유하는 태도를 지닌다.,쓰기 맥락을 고려하여 쓰기에 적극적으로 참여하며 자신의 글을 독자와 공유하는 태도를 지닌다.,쓰기에 참여하며 자신의 글을 독자와 공유하려는 태도를 지닌다.,
5~6,국어,문법,"⋅문법은 국어의 형식과 내용을 이루는 틀로서 규칙과 원리로 구성⋅운영되며, 문법 탐구는 문법에 대해 사고하는 활동으로 국어에 대한 총체적 앎을 이끈다. 
⋅국어는 체계와 구조를 갖춘 의미 생성 자원이자, 사회적으로 구성된 관습적 규약이며, 공동체의 사고와 가치를 표상하는 문화적 산물이다. 
⋅국어 자료는 다양한 맥락에서 만들어지는 의사소통의 결과물로서, 국어 현상을 파악하고 국어 문제를 발견할 수 있는 문법 탐구의 대상이다. 
⋅국어 사용자는 일상생활에서 국어 현상과 국어 문제를 탐구하고 성찰하면서 언어 주체로서의 정체성과 국어 의식을 형성한다.","⋅음성 언어 및 문자 
언어의 특성과 매체",[6국04-01],음성 언어 및 문자 언어의 특성을 이해하고 다양한 매체 자료에서 표현 효과를 평가한다.,음성 언어 및 문자 언어의 특성을 분석하고 다양한 매체 자료에서 표현 효과를 종합적으로 평가할 수 있다.,음성 언어 및 문자 언어의 특성을 이해하고 매체 자료에서 표현 효과를 분석할 수 있다.,음성 언어와 문자 언어의 특성을 확인하고 매체 자료에서 표현 효과를 제한적으로 이해한다.,
5~6,국어,문법,,"⋅지역에 따른 언어와 
표준어",[6국04-02],표준어와 방언의 기능을 파악하고 언어 공동체와 국어생활과의 관계를 이해한다.,표준어와 방언의 다양한 기능을 분석하고 언어 공동체와 국어생활과의 관계를 종합적으로 이해할 수 있다.,표준어와 방언의 기능을 이해하고 언어 공동체와 국어생활과의 관계를 이해할 수 있다.,표준어와 방언의 기능을 확인하고 언어 공동체와 국어생활과의 관계를 제한적으로 이해한다.,
5~6,국어,문법,,"⋅어휘 체계와 고유어
⋅관용 표현",[6국04-03],고유어와 관용 표현의 쓰임과 가치를 이해하고 상황에 맞게 표현한다.,고유어와 관용 표현의 다양한 쓰임과 가치를 분석하고 적절한 표현을 상황에 따라 효과적으로 활용할 수 있다.,고유어와 관용 표현의 쓰임과 가치를 이해하고 이를 상황에 따라 표현할 수 있다.,고유어와 관용 표현의 쓰임과 가치를 확인하고 일부를 상황에 따라 제한적으로 표현한다.,"이 성취기준은 문장으로 의사소통하기 위해 필요한 기초적인 문식성을 기르고, 글자, 단어, 문장을 주의 깊게 관찰하고 탐구하는 자세를 기르기 위해 설정하였다. 자신의 생각을 문장으로 쓰는 것은 의사소통 능력의 핵심으로서, 특히 한글 학습 초기에는 음성 언어와는 다른 문자 언어의 특성을 이해하는 것이 중요하다. 문장 부호의 이름과 쓰임, 평서문⋅의문문⋅감탄문 등 다양한 종류의 문장 쓰기와 그에 따른 문장 부호 사용하기를 다루되, 문장 부호 사용의 필요성을 깨닫고 문장을 비롯하여 문장을 이루는 글자, 단어에도 호기심을 갖도록 한다."
5~6,국어,문법,,⋅문장 성분과 호응,[6국04-04],문장 성분을 이해하고 호응 관계가 올바른 문장을 구성한다.,문장 성분을 분석하고 국어생활에서 호응 관계가 올바른 다양한 문장을 구성할 수 있다.,문장 성분을 이해하고 문장 성분이 호응 관계를 이루는 문장을 구성할 수 있다.,문장 성분을 확인하고 문장 성분이 호응 관계를 이루는 문장을 제한적으로 구성한다.,
5~6,국어,문법,,⋅글과 담화의 시간 표현,[6국04-05],글과 담화에 쓰인 시간 표현을 이해하고 상황에 맞게 표현한다.,글과 담화에 쓰인 다양한 시간 표현을 분석하고 적절한 표현을 상황에 따라 효과적으로 활용할 수 있다.,글과 담화에 쓰인 시간 표현을 이해하고 이를 상황에 따라 표현할 수 있다.,글과 담화에 쓰인 시간 표현을 확인하고 일부를 상황에 따라 제한적으로 표현한다.,
5~6,국어,문법,,"⋅단어와 문장의 정확한 
표기와 사용",[6국04-06],"글과 담화에 쓰인 단어 및 문장, 띄어쓰기를 민감하게 살펴 바르게 고치는 태도를 지닌다.","국어생활에서 글과 담화에 쓰인 단어 및 문장, 띄어쓰기를 민감하게 점검하여 바르게 고치는 태도를 내면화한다.","글과 담화에 쓰인 단어 및 문장, 띄어쓰기를 점검하여 바르게 고치는 태도를 지닌다.","글과 담화에 쓰인 단어 및 문장, 띄어쓰기를 제한적으로 점검하고 바르게 고치는 것에 관심을 가진다.",
5~6,국어,문학,"⋅문학은 인간의 삶을 언어로 형상화한 작품을 통해 즐거움과 깨달음을 얻고 타자와 소통하는 행위이다. 
⋅문학 작품을 통한 소통은 작품의 갈래, 작가와 독자, 사회와 문화, 문학사의 영향 등을 고려하며 이루어진다.
⋅문학 수용⋅생산 능력은 문학의 해석, 감상, 비평, 창작 활동을 통해 향상된다. 
⋅인간은 문학을 향유하면서 자아를 성찰하고 타자를 이해하며 공동체의 일원으로 성장한다.","⋅시
⋅소설
⋅극
⋅수필
⋅작가 맥락",[6국05-01],작가의 의도를 생각하며 작품을 읽는다.,작가의 의도를 적절하게 생각하며 작품을 깊이 있게 읽을 수 있다.,작가의 의도를 생각하며 작품을 읽을 수 있다.,작가의 의도를 부분적으로 생각하며 작품을 읽는다.,"이 성취기준은 흥미로운 말놀이와 분위기를 살린 낭송을 통해 언어 활동의 재미와 즐거움을 느끼며 언어적 감수성을 기르게 하기 위해 설정하였다. 일상에서 쉽게 접할 수 있는 작품은 물론 일상적 대화 등을 통해 언어의 놀이적 성격을 인지하도록 하고, 의성어와 의태어, 규칙적으로 반복되는 소리, 언어유희, 재치 있는 문답, 수수께끼, 끝말잇기 등에서 말놀이의 재미와 가치를 느끼게 한다. 또한 작품의 느낌과 분위기를 살려 낭송해 보면서 목소리 크기나 말의 속도, 어조 등을 달리함에 따라 다양한 느낌을 전달할 수 있음을 알고 문학을 즐겨 향유하도록 한다. "
5~6,국어,문학,,"⋅시
⋅소설
⋅극
⋅수필 
⋅독자 맥락",[6국05-02],비유적 표현의 효과에 유의하여 작품을 감상한다.,비유적 표현의 특성과 효과에 유의하여 작품을 즐겨 감상할 수 있다.,비유적 표현의 효과에 유의하여 작품을 감상할 수 있다.,비유에 대한 부분적인 이해를 바탕으로 비유적 표현을 찾으며 작품을 읽는다.,"이 성취기준은 학습자들이 작품에 대해 느끼거나 생각한 점을 다른 이들과 나누는 과정에서 문학에 대해 더욱 흥미를 느끼고, 주체적으로 작품을 수용하는 능력을 기르게 하기 위해 설정하였다. 학습자의 발달과 정서적 측면을 고려하여 시, 노래, 이야기 등 다양한 갈래의 작품을 제시하고, 학습자가 이들 작품을 대상으로 자신의 생각이나 느낌을 표현할 수 있도록 한다. 이 과정에서 학습자로 하여금 작품에 대한 다른 학습자들의 말을 경청하게 하고, 사람마다 작품을 다르게 받아들일 수 있다는 점을 이해하게 한다."
5~6,국어,문학,,"⋅소설
⋅극
⋅독자 맥락",[6국05-03],"소설이나 극을 읽고 인물, 사건, 배경을 파악한다.","인물, 사건, 배경에 대한 이해를 바탕으로 소설이나 극을 읽고 인물, 사건, 배경을 적절하게 정리할 수 있다.","인물, 사건, 배경에 대한 이해를 바탕으로 소설이나 극을 읽고 인물, 사건, 배경을 찾을 수 있다.","소설이나 극을 읽고 인물, 사건, 배경이 있음을 안다.",
5~6,국어,문학,,"⋅시
⋅소설
⋅극
⋅수필
⋅독자 맥락",[6국05-04],인상적인 부분을 중심으로 작품에 대한 의견을 나눈다.,작품에서 인상적인 부분을 찾아 그 이유를 작품과 연결 지어 구체적으로 설명하고 다른 사람과 의견을 즐겨 나눌 수 있다.,작품에서 인상적인 부분을 찾아 그 이유를 말하면서 다른 사람과 의견을 나눌 수 있다.,작품에서 인상적인 부분을 찾아 자신의 의견을 말한다.,
5~6,국어,문학,,,[6국05-05],"자신의 경험을 시, 소설, 극, 수필 등 적절한 갈래로 표현한다.","일상생활에서의 경험을 시, 소설, 극, 수필 등의 적절한 갈래로 창의적으로 표현할 수 있다.","일상생활에서의 경험을 시, 소설, 극, 수필 등의 갈래로 표현할 수 있다.","일상생활에서의 경험을 시, 소설, 극, 수필 등의 갈래로 간단하게 표현한다.",
5~6,국어,문학,,,[6국05-06],작품을 읽고 자신의 삶과 연관 지어 성찰하는 태도를 지닌다.,작품을 읽고 자신의 삶을 작품과 적절하게 연관 지어 탐색하고 적극적으로 성찰하는 태도를 지닌다.,작품을 읽고 자신의 삶을 작품과 연관 지어 탐색하고 성찰하는 태도를 지닌다.,작품을 읽고 연관된 자신의 경험을 떠올리는 태도를 지닌다.,
5~6,국어,매체,"⋅매체는 소통을 매개하는 도구, 기술, 환경으로 당대 사회의 소통 방식과 소통 문화에 영향을 미친다.
⋅매체 이용자는 매체 자료의 주체적인 수용과 생산을 통해 정체성을 형성하고 사회적 의미 구성 과정에 관여한다.
⋅매체 이용자는 매체 및 매체 소통의 영향력에 대한 이해와 자신과 타인의 권리를 지키기 위한 적극적인 노력을 통해 건강한 소통 공동체를 형성한다. ","⋅상황 맥락
⋅사회⋅문화적 맥락
⋅뉴스 및 각종 정보 
매체 자료",[6국06-01],정보 검색 도구를 활용하여 자신의 목적에 맞는 매체 자료를 찾는다.,정보 검색 도구의 기능과 특성을 이해하고 적절한 정보 검색 전략을 활용하여 목적에 맞는 다양한 매체 자료를 찾고 활용할 수 있다.,정보 검색 도구의 기능이나 특성을 이해하고 정보 검색 도구를 활용하여 목적에 맞는 매체 자료를 찾을 수 있다.,정보 검색 도구를 활용하여 매체 자료를 찾는다.,"이 성취기준은 매체와 관련된 일상 경험을 나눔으로써 매체와 매체 자료에 대한 흥미와 관심을 가지고 매체의 가치와 필요성을 자연스럽게 인식하도록 하기 위해 설정하였다. 매체란 소통을 매개하는 도구, 기술, 환경으로, 책, TV, 스마트폰, 컴퓨터, 태블릿, 인터넷 등이 이에 속하며, 매체 자료에는 그림책, 만화, 뉴스, 광고, 웹툰, 애니메이션, 영화 등이 있다. 이 성취기준에서는 학습자가 친숙한 매체와 매체 자료를 토대로 일상의 경험을 매체와 연결 지어 이야기하여 매체와 매체 자료의 개념과 쓰임을 이해하고 다양한 매체와 매체 자료에 흥미와 관심을 갖도록 한다. "
5~6,국어,매체,,,[6국06-02],뉴스 및 각종 정보 매체 자료의 신뢰성을 평가한다.,정보 매체 자료의 신뢰성 평가 기준을 다각적으로 고려하여 뉴스 및 각종 정보 매체 자료의 신뢰성을 종합적으로 평가할 수 있다.,정보 매체 자료의 신뢰성 평가 기준에 따라 뉴스 및 각종 정보 매체 자료의 신뢰성을 평가할 수 있다.,뉴스나 정보 매체 자료의 신뢰성을 제한적으로 평가한다.,"이 성취기준은 글과 그림으로 자신의 생각과 느낌을 표현하는 즐거움을 경험하도록 하기 위해 설정하였다. 글, 그림(또는 사진, 이모티콘 등)을 활용하여 자신, 친구, 가족, 학교, 교실 등 친숙한 주제에 대해 표현하거나 그림일기를 작성해 보는 활동을 통해 자신의 경험과 생각을 다양한 방식으로 표현해 보는 데 중점을 둔다."
5~6,국어,매체,,,[6국06-03],적합한 양식과 수용자의 반응을 고려하여 복합양식 매체 자료를 제작하고 공유한다.,다양한 매체 및 매체 자료의 양식적 특성과 수용자의 반응을 적극적으로 고려하여 효과적인 복합양식 매체 자료를 제작하고 공유할 수 있다.,다양한 매체 및 매체 자료의 양식적 특성과 수용자의 반응을 고려하여 복합양식 매체 자료를 제작하고 공유할 수 있다.,다양한 매체 및 매체 자료의 양식적 특성을 제한적으로 고려하여 복합양식 매체 자료의 일부를 제작하고 공유한다.,
5~6,국어,매체,,,[6국06-04],자신의 매체 이용 양상에 대해 성찰한다.,자신의 매체 이용 양상을 다양한 측면에서 성찰하고 바람직한 매체 이용 방법을 능동적으로 탐색할 수 있다.,자신의 매체 이용 양상을 성찰하고 바람직한 매체 이용 방법을 탐색할 수 있다.,자신의 매체 이용 양상을 떠올리고 바람직한 매체 이용 방법을 제한적으로 탐색한다.,
5~6,도덕,자신과의 관계,"
⋅성실은 도덕적 가치와 덕목을 일관되게 추구하도록 하여 도덕적 삶으로 이끈다.
⋅자아에 대한 탐구와 성찰은 자신을 존중하는 마음을 기르는 도덕 공부의 기초이다.","⋅자주적으로 살아야 하는 이유는 
무엇일까?
⋅자신의 생활을 반성하는 일은 왜 
중요할까?
⋅자신이 하고 싶은 일을 선택할 
때 어떤 것을 고려해야 할까?",[6도01-01],자주적인 삶에 대한 이해를 바탕으로 자신의 생활계획을 세우고 실천하여 주체적인 삶의 태도를 기른다.,자주적인 삶에 대한 전반적인 이해를 바탕으로 생활 전반에서 자신의 생활계획을 세우고 실천하여 주체적인 삶의 태도를 가진다.,자주적인 삶에 대한 이해를 바탕으로 자신의 생활계획을 세우고 실천하여 주체적인 삶의 태도를 기른다.,자주적인 삶에 대한 부분적인 이해를 바탕으로 자신의 생활계획을 세우고 실천하려고 노력한다.,
5~6,도덕,자신과의 관계,,,[6도01-02],생활 습관에 대한 성찰을 통해 자기 생활을 점검하고 올바른 계획을 세워 이를 실천한다.,전반적인 생활 습관에 대한 성찰을 통해 자기 생활을 다각도로 점검하고 올바른 계획을 세워 지속적으로 실천한다.,생활 습관에 대한 성찰을 통해 자기 생활을 점검하고 올바른 계획을 세워 실천한다.,생활 습관을 살펴봄으로써 자기 생활을 점검하고 올바른 계획을 세우는 것에 관심을 가진다.,"[6도01-02] 이 성취기준의 취지는 자신의 행동에 대한 문제점을 확인하고 재정립하도록 
하여 반성하는 태도를 기르기 위한 것이다. 학생이 스스로 자기 행동의 문제를 인식하고 
개선하려 노력함으로써 바른 도덕 생활의 토대를 마련하도록 한다. "
5~6,도덕,자신과의 관계,,,[6도01-03],자기가 하고 싶은 일을 선택할 때 도덕적 고려의 필요성을 알고 자신의 특기와 적성을 탐색하여 진로계획을 수립한다.,자기가 하고 싶은 일을 선택할 때 도덕적 고려의 필요성을 포괄적으로 이해하고 자신의 특기와 적성을 다각도로 탐색하여 구체적으로 진로계획을 수립한다.,자기가 하고 싶은 일을 선택할 때 도덕적 고려의 필요성을 이해하고 자신의 특기와 적성을 탐색하여 진로계획을 수립한다.,자기가 하고 싶은 일을 선택할 때 도덕적 고려의 필요성을 단편적으로 이해하고 자신의 특기와 적성을 탐색하여 진로계획 수립에 관심을 가진다.,
5~6,도덕,타인과의 관계,,"⋅타인을 왜 도와야 하며, 어떻게 
도울 수 있을까?
⋅서로의 다름을 존중해야 하는 
이유는 무엇일까?
⋅인공지능 로봇과 친구가 될 수 
있을까?",[6도02-01],"봉사의 의미와 중요성을 이해하고, 타인이 처한 상황과 환경에 대한 주의 깊은 관심을 바탕으로 봉사를 실천한다.",봉사의 의미와 중요성을 포괄적으로 이해하고 타인이 처한 상황과 환경에 대한 주의 깊은 관심을 바탕으로 생활 전반에서 봉사를 실천한다.,봉사의 의미와 중요성을 이해하고 타인이 처한 상황과 환경에 대한 관심을 바탕으로 봉사를 실천한다.,봉사의 의미와 중요성을 단편적으로 이해하고 타인이 처한 상황과 환경에 대한 관심을 바탕으로 봉사를 실천하려고 노력한다.,"[6도02-01] 이 성취기준의 취지는 봉사의 의미와 중요성을 지식적으로만 이해하는 것에 
그치지 않고 타인의 환경에 대한 관심을 바탕으로 생활 속에서 자연스럽게 봉사를 실천할 
수 있는 역량을 함양하기 위한 것이다. 타인을 위한 봉사 경험을 통해 학생에게 진정한 이
타심과 봉사 의지를 다지고 고양할 기회를 제공하도록 한다."
5~6,도덕,타인과의 관계,,,[6도02-02],"편견이 발생하는 이유를 탐색하여 해결 방안을 살펴보고, 다양성 존중을 바탕으로 다른 사람과 올바른 관계를 맺기 위한 실천 방안을 탐구한다.",편견이 발생하는 이유를 다각도로 탐색하여 해결 방안을 살펴보고 다양성 존중을 바탕으로 다른 사람과 올바른 관계를 맺기 위한 실천 방안을 다양하게 탐구한다.,편견이 발생하는 이유를 탐색하여 해결 방안을 살펴보고 다양성 존중을 바탕으로 다른 사람과 올바른 관계를 맺기 위한 실천 방안을 탐구한다.,편견이 발생하는 이유를 탐색하여 해결 방안을 살펴보려고 노력하고 다양성 존중을 바탕으로 다른 사람과 올바른 관계 맺기를 위한 실천 방안에 관심을 갖는다.,
5~6,도덕,타인과의 관계,,,[6도02-03],인간과 인공지능 로봇 간의 다양한 관계를 파악하고 도덕에 기반을 둔 관계 형성의 필요성을 탐구한다.,인간과 인공지능 로봇 간의 관계를 다각도로 파악하고 도덕에 기반을 둔 관계 형성의 필요성을 포괄적으로 탐구한다.,인간과 인공지능 로봇 간의 관계를 파악하고 도덕에 기반을 둔 관계 형성의 필요성을 이해한다.,인간과 인공지능 로봇 간의 관계를 파악하려고 노력하고 도덕에 기반을 둔 관계 형성의 필요성에 관심을 가진다.,
5~6,도덕,사회·공동체와의 관계,"⋅배려는 타인에 대한 관심과 공감을 기반으로 타인의 삶을 개선한다.
⋅차이의 존중은 갈등을 평화적으로 해결하고 타인과 더불어 사는 삶으로 이끈다.","⋅인권을 존중해야 하는 이유는 
무엇일까?
⋅정의로운 공동체를 위해 어떻게 
행동해야 하는가?
⋅통일과정과 통일 이후 사회는 
어떤 모습이어야 할까?
⋅다른 나라의 사람들까지 
사랑해야 하는 이유는 
무엇일까?",[6도03-01],인권과 관련된 다양한 사례를 살펴보고 인권에 관한 감수성을 길러 이를 실천하려는 의지를 함양한다.,인권과 관련된 다양한 사례를 살펴보고 생활 전반에서 인권에 관한 감수성을 길러 이를 실천하려는 의지를 가진다.,인권과 관련된 사례를 살펴보고 인권에 관한 감수성을 길러 이를 실천하려는 의지를 가진다.,인권과 관련된 사례에 관심을 갖고 인권에 관한 감수성을 기르려고 노력한다.,
5~6,도덕,사회·공동체와의 관계,,,[6도03-02],정의에 관한 관심을 토대로 공동체 규칙의 중요성을 살펴보고 직접 공정한 규칙을 고안하며 기초적인 시민의식을 기른다.,정의에 관한 관심을 토대로 공동체 규칙의 중요성을 포괄적으로 이해하고 공정한 규칙을 다각도로 고안하며 기초적인 시민의식을 가진다.,정의에 관한 관심을 토대로 공동체 규칙의 중요성을 이해하고 공정한 규칙을 고안하며 기초적인 시민의식을 기른다.,정의에 관한 관심을 토대로 공동체 규칙의 중요성을 단편적으로 이해하고 공정한 규칙을 고안하려고 노력하며 기초적인 시민의식에 관심을 가진다.,
5~6,도덕,사회·공동체와의 관계,,,[6도03-03],통일과정과 통일 이후 사회의 여러 가지 상황을 예상하고 바람직한 통일과정과 통일국가의 사회상을 제시한다.,통일과정과 통일 이후 사회의 여러 가지 상황을 전반적으로 예상하고 바람직한 통일과정과 통일 국가의 사회상을 다각도로 제시한다.,통일과정과 통일 이후 사회의 여러 가지 상황을 예상하고 바람직한 통일과정과 통일 국가의 사회상을 제시한다.,통일과정과 통일 이후 사회의 여러 가지 상황을 부분적으로 예상하고 바람직한 통일과정과 통일 국가의 사회상에 관심을 가진다.,
5~6,도덕,사회·공동체와의 관계,,,[6도03-04],다른 나라 사람들이 처한 여러 가지 상황을 종합적으로 이해하고 해결 방안을 탐구하며 인류애를 기른다.,다른 나라 사람들이 처한 여러 가지 상황을 종합적으로 이해하고 해결 방안을 다각도로 탐구하며 인류애를 가진다.,다른 나라 사람들이 처한 여러 가지 상황을 이해하고 해결 방안을 탐구하며 인류애를 기른다.,다른 나라 사람들이 처한 상황을 부분적으로 이해하고 해결 방안을 탐구하려고 노력하며 인류애에 관심을 가진다.,
5~6,도덕,자연과의 관계,"⋅사회 정의는 시민의 인간다운 삶을 보장하는 도덕공동체의 토대가 된다.
⋅세계시민은 인류의 문제를 이해하고 공감하여 인류 번영과 세계 평화에 기여한다.","⋅환경 위기를 극복하기 위해 어떻게 
해야 하는가?
⋅지속가능한 삶이란 무엇일까?",[6도04-01],"지구의 환경 위기 상황을 이해하고, 이를 극복하기 위한 다양한 방법을 찾아 자신의 일상에서 실천하고자 노력한다.",지구의 환경 위기 상황을 전반적으로 이해하고 이를 극복하기 위한 다양한 방법을 찾아 자신의 일상에서 실천하고자 노력한다.,지구의 환경 위기 상황을 이해하고 이를 극복하기 위한 방법을 찾아 자신의 일상에서 실천하고자 노력한다.,지구의 환경 위기 상황을 부분적으로 이해하고 이를 극복하기 위한 방법을 찾으려고 노력하며 자신의 일상에서 실천에 관심을 가진다.,
5~6,도덕,자연과의 관계,,,[6도04-02],지속가능한 삶의 의미를 탐구하고 미래 세대에 대한 책임을 강화하여 자연의 다양성을 존중하고 생산성을 유지할 수 있는 미래를 위한 실천 방안을 찾는다.,지속가능한 삶의 의미를 포괄적으로 이해하고 미래 세대에 대한 높은 책임감을 바탕으로 자연의 다양성을 존중하고 생산성을 유지할 수 있는 미래를 위한 실천 방안을 다각도로 찾는다.,지속가능한 삶의 의미를 이해하고 미래 세대에 대한 책임감을 바탕으로 자연의 다양성을 존중하고 생산성을 유지할 수 있는 미래를 위한 실천 방안을 찾는다.,지속가능한 삶의 의미를 단편적으로 이해하고 미래 세대에 대한 책임감을 바탕으로 자연의 다양성을 존중하고 생산성을 유지할 수 있는 미래를 위한 실천 방안에 관심을 가진다.,
5~6,사회,자연환경과 인간생활,"⋅지표상에는 다양한 기후 특성이 나타나며, 기후 환경은 특정 지역의 생활양식에 중요하게 작용한다.
⋅우리나라와 세계 각지에 다양한 지형 경관이 나타나고, 해당 지역의 인문환경과 인간생활에 중요한 
영향을 미친다.
⋅인간은 자연환경에 의존하고 적응하며, 자연환경을 변형시키기도 한다.",⋅우리나라의 지형,[6사01-01],"우리나라 산지, 하천, 해안 지형의 위치를 확인하고 지형의 분포 특징을 탐구한다.","우리나라 산지, 하천, 해안 지형의 위치를 다양한 자료를 이용하여 조사하고, 우리나라 지형 분포의 특징을 분석할 수 있다.","우리나라 산지, 하천, 해안 지형의 위치를 지도에서 찾고, 우리나라 지형 분포의 특징을 설명할 수 있다.","우리나라 산지, 하천, 해안 지형을 지도에서 찾고 우리나라 지형 분포의 특징을 말할 수 있다.","• [6사01-01]은 우리나라 주요 산지, 하천, 해안 지형의 위치를 지도에서 확인하고 그 분포 특징을 파악하도록 설정한 것이다. 이를 바탕으로 국토 환경에 대한 기초적인 지식을 기르는 데 중점을 둔다."
5~6,사회,지리 인식,"⋅지표상에 분포하는 모든 사건과 현상은 절대적, 상대적 위치와 다양한 규모의 영역을 차지한다.
⋅장소는 다른 장소와 차별되는 자연적⋅인문적 성격을 지니며, 특정 장소에 따른 장소감은 개인이나 집단에 
따라 다양하다.
⋅지표 세계는 장소적 성격의 동질성, 기능적 상호 관련성, 지역민의 인지 등의 측면에서 다양하게 구분되며, 
이렇게 구분된 지역은 고유한 지역성이 나타난다. 
⋅지도를 비롯한 다양한 공간자료와 도구를 통한 지리 정보 수집은 장소와 지역의 여러 현상과 사건을 
분석하고 해석하며 추론하는 데 필수적이다.","⋅독도의 지리적 특성
⋅독도 역사",[6사01-02],독도의 지리적 특성과 독도에 대한 역사 기록을 바탕으로 영토로서 독도의 중요성을 이해한다.,"독도의 지리적 특성을 분석하고, 주요 역사 기록을 탐구하여 영토로서 독도의 중요성과 가치를 설명할 수 있다.","독도의 지리적 특성과 독도에 대한 역사 기록을 조사하고, 독도의 중요성을 설명할 수 있다.","독도의 지리적 특성을 파악하고 독도에 대한 역사 기록을 제시하며, 독도의 중요성을 인식할 수 있다.","• [6사01-02]는 독도의 위치, 지형, 기후, 동식물 등의 지리적 특성을 파악하고 독도에 대한 역사 기록을 탐구하여 영토 주권 의식을 기르도록 설정한 것이다. 이를 바탕으로 영토로서 독도의 가치를 인식하고 위상을 확인하는 데 주안점을 둔다.
"
5~6,사회,자연환경과 인간생활,"⋅지표상에는 다양한 기후 특성이 나타나며, 기후 환경은 특정 지역의 생활양식에 중요하게 작용한다.
⋅우리나라와 세계 각지에 다양한 지형 경관이 나타나고, 해당 지역의 인문환경과 인간생활에 중요한 
영향을 미친다.
⋅인간은 자연환경에 의존하고 적응하며, 자연환경을 변형시키기도 한다.","⋅우리나라의 계절별 기후
⋅기후변화
⋅자연재해",[6사02-01],"우리나라의 계절별 기후 특징을 자료에서 탐구하고, 기후변화로 인한 자연재해의 심각성을 이해한다.","자료를 바탕으로 우리나라의 계절별 기후 특징을 분석하고, 기후변화로 인해 나타나는 자연재해의 심각성을 설명하며 기후변화에 대응하기 위한 행동에 참여할 수 있다.","자료를 바탕으로 우리나라의 계절별 기후 특징을 조사하고, 기후변화로 인해 나타나는 자연재해의 심각성을 설명할 수 있다.","자료를 바탕으로 우리나라의 계절별 기후 특징을 인식하고, 기후변화로 인해 나타난 자연재해를 제시할 수 있다.","• [6사02-01]은 기후 그래프를 비롯해 디지털 영상 자료와 지도, 통계 자료, 사진 등 다양한 시각 자료를 활용하여 우리나라의 계절별 기후 특징을 기온, 강수, 바람의 측면에서 탐구하도록 설정한 것이다. 또한 기후변화로 자연재해가 심화하고 있음을 파악하고 기후 행동 등에 참여하는 태도를 갖는 데 주안점을 둔다.
"
5~6,사회,인문환경과 인간생활,"⋅자연적, 인문적 특성은 특정 지역의 인구 분포, 인구 구성, 인구 이동에 영향을 미친다.
⋅장소나 지역에 따라 다양한 문화가 형성되고, 문화는 여러 요인에 의해 변동된다.
⋅도시와 촌락은 입지, 기능, 공간 구조와 경관 등의 측면에서 다양한 유형이 존재하며, 여러 요인에 의해 변화한다.
⋅인간의 경제활동은 자원이나 산업구조 등 지역의 특성에 따라 다양한 모습으로 나타나며, 교통과 통신은 시⋅공간적 제약을 감소시키고 지역을 변화시킨다. ","⋅우리나라의 인구 분포와 
문제",[6사02-02],"우리나라의 지역별 인구 분포의 특징을 알아보고, 이에 따른 문제점과 해결 방안을 탐색한다.","우리나라 지역별 인구 분포의 특징을 분석하고, 이에 따른 문제점을 찾아 해결 방안을 조사하고 이와 관련된 사례를 설명할 수 있다.","우리나라 지역별 인구 분포의 특징을 설명하고, 이에 따른 문제점을 찾아 해결 방안을 조사할 수 있다.","우리나라 지역별 인구 분포의 특징을 나열하고, 이에 따른 문제점을 말할 수 있다.","• [6사02-02]는 우리나라의 인구 분포 특징을 수도권 인구 집중과 관련한 자료를 중심으로 탐구하면서 인구 집중의 원인, 문제, 그리고 이를 해결하려는 노력을 알아보도록 설정한 것이다. 이를 통해 인구 분포의 불균형과 인구 문제의 심각성을 이해하여 국토 균형 발전의 중요성을 인식하고 해결 방안을 탐색하는 데 주안점을 둔다. 
"
5~6,사회,법,"⋅우리 사회에는 일상을 규율하는 다양한 법들이 있으며, 사람들은 재판을 통해 권리를 실현할 수 있다.
⋅인권 보장을 위해 헌법에 기본권을 규정하고, 국가와 시민은 기본권 보장을 위해 노력한다. 
⋅헌법에 따라 우리나라의 국가기관은 국회, 대통령과 행정부, 법원과 헌법재판소 등으로 구성된다.","⋅법의 적용 사례
⋅법의 의미와 역할",[6사03-01],"일상 사례에서 법의 의미와 역할을 이해하고, 헌법에 규정된 인권이 일상생활에서 구현되는 사례를 조사하여 인권 친화적 태도를 기른다.","일상생활의 사례를 통해 법의 의미와 역할을 설명하고, 헌법에 규정된 인권이 일상생활에서 구현되는 사례를 조사하며 인권 존중을 실천할 수 있다.","일상생활의 사례와 관련지어 법의 의미와 역할을 이해하고, 헌법에 규정된 인권이 일상생활에서 구현되는 사례를 통해 인권을 존중하는 태도를 가진다.","일상의 사례에서 법의 의미와 역할을 살펴보고, 헌법에 규정된 인권이 일상생활에서 구현되는 사례를 말할 수 있다.","• [6사03-01]은 우리 생활에 영향을 미치는 법의 의미와 역할을 일상 사례를 통해 이해하고, 헌법에 규정된 인권을 보장하는 다양한 사례를 조사하도록 설정한 것이다. 이를 통해 준법 태도와 인권 의식을 기르는 데 초점을 맞춘다. "
5~6,사회,법,,"⋅인권의 의미
⋅헌법상 인권의 내용
⋅인권 침해 문제의 해결
⋅인권 보호 활동 참여",[6사03-02],"일상생활에서 인권이 침해되는 사례를 찾아 그 해결 방안을 탐색하고, 인권을 보호하는 활동에 참여한다.","일상생활에서 인권이 침해되는 사례를 분석하여 그 해결 방안을 제안하고, 인권을 보호하는 활동에 관심을 갖고 참여할 수 있다.","일상생활에서 인권이 침해되는 사례를 조사하여 그 해결 방안을 설명하고, 인권을 보호하는 활동에 참여할 수 있다.","인권이 침해된 사례에 대한 적절한 해결 방안을 제시하고, 인권을 보호하는 활동에 관심을 가진다.",• [6사03-02]는 일상생활에서 발생하는 인권 침해 문제의 해결 방안을 제시할 수 있는 능력을 기르도록 설정한 것이다. 인권 문제 해결과 관련된 토론 및 문제 해결의 과정을 통해 인권 보호 활동에 참여하는 능력과 태도를 함양하는 데 중점을 둔다.
5~6,사회,한국사,"⋅각 시대의 모습에는 당시 사람들의 생활상과 사고방식이 반영된다. 
⋅역사 정보나 자료의 분석⋅해석⋅판단을 통해 역사 지식을 형성한다.
⋅역사 문제를 해결하면서 역사적 주체로서 실천하는 태도를 갖는다.","⋅선사 시대 사람들의 생활
⋅고조선 사람들의 생활
⋅역사 탐구 방법",[6사04-01],선사 시대와 고조선의 유적과 유물을 활용하여 당시 사람들의 생활을 추론한다.,"선사 시대와 고조선의 유적과 유물을 선정하여 특징을 분석하고, 이를 통해 당시 사람들의 생활 모습을 추론할 수 있다.",선사 시대와 고조선의 유적과 유물을 조사하여 당시 사람들의 생활 모습을 설명할 수 있다.,선사 시대와 고조선의 유적과 유물에 나타난 당시 사람들의 생활 모습을 짐작하여 말할 수 있다.,• [6사04-01]은 선사 시대와 고조선의 유적과 유물을 활용하여 당시 사람들의 생활 모습을 추론하도록 설정한 것이다. 당시 사람들의 생활을 추론하는 데 적절한 유적과 유물 등을 선정하여 탐구 과정을 경험하도록 한다. 
5~6,사회,한국사,,"⋅고대 사람들의 생각과 생활
⋅역사 탐구 방법",[6사04-02],역사 기록이나 유적과 유물에 나타난 고대 사람들의 생각과 생활을 추론한다.,"고대의 역사 기록이나 유적과 유물을 선정하여 특징을 분석하고, 이를 통해 고대 사람들의 생각과 생활 모습을 추론할 수 있다.",고대의 역사 기록이나 유적과 유물을 조사하여 고대 사람들의 생각과 생활 모습을 설명할 수 있다.,고대의 역사 기록이나 유적과 유물에 나타난 고대 사람들의 생각과 생활 모습을 짐작하여 말할 수 있다.,"• [6사04-02]는 고대의 역사 기록이나 유적과 유물을 활용하여 당시 사람들의 생각이나 생활 모습을 추론하기 위해 설정한 것이다. 󰡔삼국사기󰡕, 󰡔삼국유사󰡕 등 역사 기록이나 삼국⋅가야⋅통일신라⋅발해 사람들의 생각과 생활 모습이 드러난 유적과 유물을 탐구하여 고대 사회의 여러 면모를 알아본다."
5~6,사회,한국사,,"⋅고려 시대 사회 모습과 
사람들의 생활
⋅역사 탐구 방법",[6사04-03],다양한 역사 자료를 활용하여 고려 시대 사회 모습과 사람들의 생활을 추론한다.,"고려 시대의 다양한 역사 자료를 선정하여 특징을 분석하고, 이를 통해 고려 시대의 사회 모습과 사람들의 생활 모습을 추론할 수 있다.",고려 시대의 다양한 역사 자료를 조사하여 고려 시대의 사회 모습과 사람들의 생활 모습을 설명할 수 있다.,고려 시대의 역사 자료에 나타난 고려 시대의 사회 모습과 사람들의 생활 모습을 짐작하여 말할 수 있다.,"• [6사04-03]은 유적과 유물, 역사 기록 등 여러 자료를 활용하여 고려 시대 사회 모습과 사람들의 생활을 탐구하도록 설정한 것이다. 종교, 성별, 신분, 교류 등과 관련된 내용 중에서 고려 시대 사회 모습과 사람들의 생활을 보여주는 주제를 선택하여 살펴본다. 
"
5~6,사회,한국사,,"⋅유교 문화가 조선 시대 
사람들의 생각과 생활에 미친 
영향 
⋅역사 탐구 방법",[6사05-01],조선 시대 사람들의 생각과 생활에 유교 문화가 미친 영향을 파악한다.,유교 문화가 조선 시대 사람들의 생각과 생활 모습에 미친 영향을 다양한 사례에 관한 분석을 통해 도출할 수 있다.,유교 문화가 조선 시대 사람들의 생각과 생활 모습에 미친 영향을 사례를 들어 설명할 수 있다.,유교 문화가 조선 시대 사람들의 생각과 생활 모습에 영향을 주었음을 인식할 수 있다.,"• [6사05-01]은 유교 문화가 정착되는 과정에서 조선 시대 사람들의 생각과 생활이 어떻게 달라졌는지를 여러 분야에서 파악하도록 설정한 것이다. 유교 문화가 조선 사회에 미친 영향을 다양한 사례를 중심으로 탐구하는 데 초점을 둔다. 
"
5~6,사회,한국사,,"⋅조선 후기 사회⋅문화적 
변화와 근대 문물 수용으로 
달라진 생활
⋅역사 탐구 방법",[6사05-02],조선 후기 사회ㆍ문화적 변화와 개항기 근대 문물 수용 과정에서 달라진 사람들의 생활을 이해한다.,조선 후기 사회･문화적 변화와 개항기 근대 문물 수용 과정을 보여주는 사례를 선정하고 분석하여 사람들의 달라진 생활 모습을 도출할 수 있다.,조선 후기 사회･문화적 변화와 개항기 근대 문물 수용 과정을 조사하여 사람들의 달라진 생활 모습을 설명할 수 있다.,조선 후기 사회･문화적 변화와 개항기 근대 문물 수용 과정을 살펴보며 사람들의 생활 모습이 달라졌음을 인식할 수 있다.,"• [6사05-02]는 조선 후기 사회⋅문화적 변화 양상과 개항 이후 근대 문물 수용으로 달라진 생활 모습을 이해하도록 설정한 것이다. 조선 후기 새로운 문화 주체로 등장한 사람들의 활동을 살펴보고 개항 이후 근대 문물의 수용, 변형 등을 파악한다.
"
5~6,사회,한국사,,"⋅일제 식민 통치에 대한 저항이 
사회와 생활에 미친 영향
⋅역사 탐구 방법",[6사06-01],일제의 식민 통치와 이에 대한 저항이 사회와 생활에 미친 영향을 이해한다.,일제의 식민 통치와 이에 대한 저항이 사회와 사람들의 생활 모습에 미친 영향을 다양한 사례를 통해 분석할 수 있다.,일제의 식민 통치와 이에 대한 저항이 사회와 사람들의 생활 모습에 미친 영향을 사례를 들어 설명할 수 있다.,일제의 식민 통치와 이에 대한 저항으로 인해 사회와 사람들의 생활 모습이 달라졌음을 인식할 수 있다.,"• [6사06-01]은 일제 식민 통치와 국권 회복을 위한 저항으로 달라진 사회와 식민 통치하에 사람들의 생활 모습을 알아보도록 설정한 것이다. 3⋅1 운동 등 일제에 대한 저항을 알아보고, 이로 인해 달라진 사회 변화와 사람들의 생활을 사례를 중심으로 살펴본다.
"
5~6,사회,한국사,,"⋅8⋅15 광복과 6⋅25 
전쟁으로 달라진 생활
⋅역사 탐구 방법",[6사06-02],8･15 광복과 6･25 전쟁이 사회와 생활에 미친 영향을 파악한다.,8･15 광복과 6･25 전쟁이 사회와 사람들의 생활 모습에 미친 영향을 다양한 사례를 통해 분석할 수 있다.,8･15 광복과 6･25 전쟁이 사회와 사람들의 생활 모습에 미친 영향을 사례를 들어 설명할 수 있다.,8･15 광복과 6･25 전쟁으로 인해 사회와 사람들의 생활 모습이 달라졌음을 인식할 수 있다.,"• [6사06-02]는 8⋅15 광복과 6⋅25 전쟁이 사회와 사람들의 생활에 가져온 변화를 살펴보도록 설정한 것이다. 8⋅15 광복과 6⋅25 전쟁을 알아보고, 성별, 연령, 계층 등 사람들의 생활과 사회 전반에 미친 영향을 구체적 사례로 파악한 후 오늘날까지 영향을 미치고 있음을 이해한다.
"
5~6,사회,한국사,,"⋅평화 통일을 위한 노력
⋅분단과 평화의 장소
⋅평화 통일을 위한 노력
⋅역사 탐구 방법",[6사07-01],"분단으로 나타난 문제점과 분단과 관련된 장소를 평화의 장소로 만들려는 노력 등을 알아보고, 평화 통일을 위해 우리가 할 수 있는 일을 탐색한다.","분단으로 인해 나타난 문제점 및 분단과 관련된 장소를 평화의 장소로 만들려는 노력 등을 탐구하며, 평화 통일을 위해 할 수 있는 활동을 제안하고 참여할 수 있다.","분단으로 인해 나타난 문제점 및 분단과 관련된 장소를 평화의 장소로 만들려는 노력 등을 조사하며, 평화 통일을 위해 우리가 할 수 있는 활동을 제안할 수 있다.","분단으로 인해 나타난 문제점 및 분단과 관련된 장소를 평화의 장소로 만들려는 노력 등을 살펴보며, 평화 통일의 필요성을 인식할 수 있다.","• [6사07-01]은 분단으로 나타난 문제점과 평화 통일을 위한 과제를 탐색하도록 설정한 것이다. 분단이 사회와 사람들의 생활에 미친 영향을 알아보고, 분단과 관련된 장소를 평화의 장소로 만들려는 사람들의 노력을 살펴본다. 그리고 평화 통일의 필요성을 인식하고 이를 위해 우리가 할 수 있는 일을 탐색한다."
5~6,사회,한국사,,"⋅민주화와 산업화로 달라진 
생활 문화
⋅역사 탐구 방법",[6사07-02],민주화와 산업화로 인해 달라진 생활 문화를 사례를 들어 이해한다.,민주화와 산업화로 인해 달라진 사람들의 생활 문화를 다양한 사례를 통해 분석할 수 있다.,민주화와 산업화로 인해 달라진 사람들의 생활 문화를 사례를 들어 설명할 수 있다.,민주화와 산업화로 인해 사람들의 생활 문화가 변화되었음을 인식할 수 있다.,"• [6사07-02]는 민주화, 산업화가 사람들의 생활과 어떤 관계가 있는지 알아보도록 설정한 것이다. 사회적인 강압이나 통제에서 벗어나기 위해 노력한 다양한 분야 사람들의 모습과 산업화로 달라진 사람들의 생활을 여러 사례를 중심으로 이해한다. "
5~6,사회,정치,"⋅민주주의의 이념과 원리를 실현하기 위해서는 제도와 의식의 개선이 필요하다.
⋅다양한 정치 주체가 정치과정에 참여하며, 민주주의는 여러 제도와 시민 참여를 통해 실현된다.
⋅국제 사회에는 여러 행위 주체가 활동하며, 우리나라를 비롯한 국제 사회의 행위 주체는 다양한 국제 
문제 해결을 위해 노력한다.",⋅선거의 의미와 역할,[6사08-01],"민주주의에서 선거의 의미와 역할을 파악하고, 시민의 주권 행사를 위해 선거에 참여하는 태도를 기른다.","사례를 통해 민주주의에서 선거의 의미와 역할을 분석하고, 시민의 주권 행사를 위해 선거에 관심을 갖고 선거 과정에 참여할 수 있다.","민주주의에서 선거의 의미와 역할을 설명하고, 시민의 주권 행사를 위해 선거 과정에 참여하기 위해 노력할 수 있다.","선거의 의미와 역할을 제시하고, 선거 과정에 관심을 가진다.","• [6사08-01]은 민주주의에서 시민의 주권 행사의 한 방법으로써 선거의 역할과 중요성을 파악하도록 설정한 것이다. 이를 바탕으로 선거에 주체적으로 참여하는 태도를 형성하는 데 중점을 둔다. 
"
5~6,사회,정치,,"⋅국회
⋅행정부
⋅법원 
⋅권력 분립",[6사08-02],"민주 국가에서 국회, 행정부, 법원이 하는 일에 대해 이해하고, 각 국가기관의 권력을 분립하는 이유를 탐색한다.","민주 국가에서 국회, 행정부, 법원이 하는 일에 대해 분석하고, 각 국가기관의 권력을 분립하는 이유를 도출할 수 있다.","우리나라에서 국회, 행정부, 법원이 하는 일에 대해 조사하고, 각 국가기관의 권력을 분립하는 이유를 설명할 수 있다.","우리나라에서 국회, 행정부, 법원이 하는 일을 제시하고, 각 국가기관의 권력을 분립해야 함을 파악할 수 있다.","• [6사08-02]는 우리나라 민주주의에서 국회, 행정부, 법원이 하는 일을 이해하도록 설정한 것이다. 이를 바탕으로 시민의 자유와 권리 보장 측면에서 권력 분립의 이유를 파악하는 데 중점을 둔다. "
5~6,사회,사회⋅문화,"⋅인간은 사회 속에서 성장하면서 사회적 지위를 가지고 역할을 수행하며, 다양한 갈등과 차별을 
인식한다.
⋅우리는 일상생활에서 여러 문화를 접하고 있으며, 이로 인해 다양한 문화를 이해하고 존중하는 태도가 
필요하다.
⋅우리 사회는 급격한 사회 변동과 다양한 사회문제를 경험하고 있으며, 이에 대응하기 위해서는 시민의 
역할이 중요하다.","
⋅미디어의 역할
⋅미디어 콘텐츠의 분석",[6사08-03],"민주주의에서 미디어의 의미와 역할을 이해하고, 여러 가지 미디어의 내용을 비판적으로 분석하여 올바르게 이용하는 태도를 기른다.","민주주의에서 미디어의 의미와 역할을 설명하고, 여러 가지 사례 속 미디어의 내용을 비판적으로 분석하여 미디어 이용에 대해 올바른 태도를 가지고 실천할 수 있다.","민주주의에서 미디어의 의미와 역할을 설명하고, 여러 가지 사례 속 미디어의 내용을 비판적으로 파악하여 미디어를 올바르게 이용하고자 노력한다.","민주주의에서 미디어의 의미와 역할을 제시하고, 미디어를 올바르게 이용하는 태도를 가진다.","• [6사08-03]은 민주주의에서 신문, 방송, 사회 관계망 서비스(SNS) 같은 미디어가 하는 역할을 파악하고, 미디어가 제공한 거짓 또는 왜곡된 정보와 내용 등을 찾아 비판적으로 분석하고 평가하도록 설정한 것이다. 이런 비판적 분석을 통해 미디어를 올바르게 이용하는 능력을 함양하는 데 초점을 맞춘다.
"
5~6,사회,지리 인식,"⋅지표상에 분포하는 모든 사건과 현상은 절대적, 상대적 위치와 다양한 규모의 영역을 차지한다.
⋅장소는 다른 장소와 차별되는 자연적⋅인문적 성격을 지니며, 특정 장소에 따른 장소감은 개인이나 집단에 
따라 다양하다.
⋅지표 세계는 장소적 성격의 동질성, 기능적 상호 관련성, 지역민의 인지 등의 측면에서 다양하게 구분되며, 
이렇게 구분된 지역은 고유한 지역성이 나타난다. 
⋅지도를 비롯한 다양한 공간자료와 도구를 통한 지리 정보 수집은 장소와 지역의 여러 현상과 사건을 
분석하고 해석하며 추론하는 데 필수적이다.","⋅공간자료와 도구
⋅세계 지도와 지구본",[6사09-01],"세계를 표현하는 다양한 공간 자료의 특징을 이해하고, 지구본과 세계지도에서 위치를 표현하는 방법을 익힌다.","세계를 표현하는 다양한 공간자료의 특징을 분석하고, 지구본과 세계지도에서 경도와 위도를 이용하여 위치를 표현할 수 있다.","세계를 표현하는 다양한 공간자료의 특징을 제시하고, 지구본과 세계지도에서 경도와 위도의 의미를 설명할 수 있다.","세계를 표현하는 다양한 공간자료를 찾아보고, 지구본과 세계지도에서 경도와 위도를 구분할 수 있다.","• [6사09-01]은 지구본, 세계지도뿐만 아니라 디지털 공간 영상 정보 등 다양한 공간 자료의 특성을 이해하고 이를 활용하여 세계에 대한 기초적인 지리 정보를 획득하려고 설정한 것이다. 여기서는 경⋅위도의 의미를 이해하고, 이를 활용하여 위치를 표현하는 방법을 익히도록 한다. "
5~6,사회,지리 인식,,"⋅우리나라의 위치와 영토
⋅세계 여러 국가의 위치와 
영토 
⋅세계 대륙과 대양",[6사09-02],"세계 주요 대륙과 대양을 파악하고, 우리나라 및 세계 여러 국가의 위치와 영토의 특징을 이해한다.","세계 주요 대륙과 대양의 위치를 설명하고, 우리나라 및 세계 여러 국가의 위치와 영토의 특징을 분석할 수 있다.","세계 주요 대륙과 대양의 위치를 찾고, 우리나라 및 세계 여러 국가의 위치와 영토의 특징을 설명할 수 있다.","세계 주요 대륙과 대양의 위치를 알아보고, 여러 국가의 위치와 영토의 특징을 말할 수 있다.","• [6사09-02]는 위치가 갖는 중요성을 인식하여 지구본과 세계지도에서 세계의 대륙 및 대양의 위치를 파악하도록 설정한 것이다. 세계 여러 국가의 위치와 영토의 형상 등 기초적인 지리 정보를 획득하는 데 주안점을 둔다.
"
5~6,사회,자연환경과 인간생활,"⋅지표상에는 다양한 기후 특성이 나타나며, 기후 환경은 특정 지역의 생활양식에 중요하게 작용한다.
⋅우리나라와 세계 각지에 다양한 지형 경관이 나타나고, 해당 지역의 인문환경과 인간생활에 중요한 
영향을 미친다.
⋅인간은 자연환경에 의존하고 적응하며, 자연환경을 변형시키기도 한다.","⋅세계의 지형
⋅다양한 자연환경과 인간 
생활",[6사10-01],"세계 여러 지역의 지형 경관을 살펴보고, 이를 통해 다양한 삶의 모습을 이해한다.","세계 여러 지역의 지형 경관의 특징을 분석하고, 세계 여러 지역에서 나타나는 다양한 삶의 모습을 탐구할 수 있다.","세계 여러 지역의 지형 경관을 조사하고, 다양한 삶의 모습을 설명할 수 있다.","세계 여러 지역의 지형 경관의 특징을 제시하고, 삶의 모습이 다양함을 말할 수 있다.","• [6사10-01]은 세계적으로 유명한 산지, 하천, 해안 지역 등의 경관 특징과 그곳에서 살아가는 사람들의 생활 모습에서 세계 여러 지역의 다양성을 이해하도록 설정한 것이다. 여기서는 우리와 다른 지역의 생활 모습에 관심을 갖는 데 주안점을 둔다. "
5~6,사회,자연환경과 인간생활,,"⋅세계의 기후
⋅다양한 자연환경과 인간 
생활",[6사10-02],세계의 다양한 기후를 알아보고 기후 환경과 인간생활 간의 관계를 탐구한다.,"세계의 다양한 기후의 특징을 분석하고, 기후 환경과 인간생활 간의 관계를 탐구할 수 있다.","세계의 다양한 기후를 조사하고, 기후 환경과 인간생활 간의 관계를 설명할 수 있다.",세계의 다양한 기후를 제시하고 기후 환경이 인간생활과 관련이 있음을 말할 수 있다.,"• [6사10-02]는 기온 및 강수량을 나타낸 기후 그래프, 지도, 사진 자료 등을 활용하여 세계 주요 기후의 분포를 파악하도록 설정한 것이다. 여기서는 기후와 인간 생활을 관련지어 이해하는 데 중점을 둔다"
5~6,사회,경제,"⋅가계와 기업은 합리적 선택을 통해 소비와 금융, 생산 등의 경제활동에 참여하면서 각자의 역할을 
수행한다.
⋅시장에서 가격은 수요와 공급을 통해 결정되고 다양한 요인으로 인해 변동한다.
⋅우리나라 경제에서는 경제 성장, 물가 변동, 실업 등의 현상이 나타나며, 세계화 과정에서 다른 
나라와의 교역이 활발해지고 있다.","⋅가계와 기업의 역할
⋅근로자의 권리
⋅기업의 자유와 사회적 책임",[6사11-01],"시장경제에서 가계와 기업의 역할을 이해하고, 근로자의 권리와 기업의 자유 및 책임을 탐색한다.","시장경제에서 가계와 기업의 역할을 설명하고, 사례를 중심으로 근로자의 권리와 기업의 자유 및 책임을 분석할 수 있다.","시장경제에서 가계와 기업의 역할을 제시하고, 근로자의 권리와 기업의 자유 및 책임을 탐색할 수 있다.",시장경제에서 가계와 기업의 역할을 제시할 수 있다.,"• [6사11-01]은 시장경제의 특징에 대한 이해를 바탕으로 가계와 기업의 역할 및 상호 의존 관계를 파악하고, 근로자의 권리와 기업의 자유로운 경제활동 및 사회적 책임을 탐색하도록 설정한 것이다. 이를 바탕으로 근로자의 권리를 보호하고 기업이 자유로운 경제활동과 이윤을 추구하면서 사회적 책임을 이행하는 것의 중요성을 인식하는 데 초점을 맞춘다."
5~6,사회,경제,,"⋅경제 성장의 효과
⋅경제 성장과 관련된 문제 
해결",[6사11-02],"경제성장이 우리 생활에 미치는 영향을 파악하고, 빠른 경제성장으로 발생한 문제의 해결 방안을 탐색한다.","자료를 통해 경제성장이 우리 생활에 미치는 영향을 분석하고, 빠른 경제성장으로 인해 발생한 문제와 해결 방안을 도출할 수 있다.","경제성장이 우리 생활에 미치는 영향을 설명하고, 빠른 경제성장으로 인해 발생한 문제의 해결 방안을 탐색할 수 있다.",경제성장이 우리 생활에 미치는 영향과 빠른 경제성장으로 인해 발생한 문제를 제시할 수 있다.,"• [6사11-02]는 우리나라의 경제성장이 우리 생활에 미친 긍정적⋅부정적 영향을 통계 자료를 통해 파악하고 빠른 경제성장으로 발생한 문제의 해결 방안을 찾도록 설정한 것이다. 또한, 토론을 통해 빠른 경제성장으로 발생하는 문제를 합리적으로 해결하는 방안을 찾는 데 중점을 둔다.
"
5~6,사회,경제,,"⋅무역의 의미
⋅무역의 이유",[6사11-03],"사례를 통해 무역의 의미를 이해하고, 국가 간 무역이 발생하는 이유를 탐구한다.","사례를 통해 무역의 의미와 중요성을 도출하고, 국가 간 무역이 발생하는 이유를 탐구할 수 있다.","사례를 통해 무역의 의미를 분석하고, 국가 간 무역이 발생하는 이유를 설명할 수 있다.",무역의 의미와 국가 간 무역이 발생하는 이유를 말할 수 있다.,• [6사11-03]은 학생이 접할 수 있는 수입⋅수출 상품의 사례에서 무역의 의미와 중요성을 파악하고 세계 여러 나라 간 무역이 발생하는 이유를 탐구하도록 설정한 것이다. 이를 바탕으로 오늘날 여러 나라가 무역을 통해 경쟁 및 상호 의존 관계에 있음을 파악하는 데 중점을 둔다. 
5~6,사회,인문환경과 인간생활,"⋅자연적, 인문적 특성은 특정 지역의 인구 분포, 인구 구성, 인구 이동에 영향을 미친다.
⋅장소나 지역에 따라 다양한 문화가 형성되고, 문화는 여러 요인에 의해 변동된다.
⋅도시와 촌락은 입지, 기능, 공간 구조와 경관 등의 측면에서 다양한 유형이 존재하며, 여러 요인에 
의해 변화한다.
⋅인간의 경제활동은 자원이나 산업구조 등 지역의 특성에 따라 다양한 모습으로 나타나며, 교통과 
통신은 시⋅공간적 제약을 감소시키고 지역을 변화시킨다. ","
⋅세계의 인구 분포와 특징",[6사12-01],세계 인구 분포를 파악하고 여러 국가의 인구 특징을 탐구한다.,"자료를 통해 세계 인구 분포를 분석하고, 여러 국가의 인구 특징을 도출할 수 있다.","세계 인구 분포를 조사하고, 여러 국가의 인구 특징을 설명할 수 있다.",세계 인구 분포 특징을 제시할 수 있다.,"• [6사12-01]은 세계의 인구 분포를 파악하고, 인구수 및 인구 밀도의 특징이 두드러진 국가를 탐구하도록 설정한 것이다. 여기서는 지구촌 시대의 세계 여러 지역에 대한 기본적인 지리 정보를 습득하는 데 초점을 맞춘다."
5~6,사회,지속가능한 세계,"⋅인간이 거주하기에 유리한 조건은 공간적으로 불균등하게 분포하고, 이에 따라 지역 간 갈등이나 
분쟁이 발생한다.
⋅조화를 이루며 살아가려는 인간의 신념 및 활동은 지구환경의 지속가능성을 가능하게 한다. 
⋅인류는 공동의 번영과 공존을 위해 지역적 수준에서 지구적 수준까지 다양한 공간적 스케일에서 
상호 협력 및 연대가 필요하다.","⋅지구촌 갈등 사례 
⋅지구촌을 위협하는 문제
⋅지구촌의 문제
⋅지속가능한 미래",[6사12-02],"지구촌을 위협하는 다양한 문제들을 파악하고, 지속가능한 미래를 위한 해결 방안을 탐색한다.","지구촌의 평화와 발전을 위협하는 문제를 조사하고, 지속가능한 미래를 위한 해결 방안을 탐구하며 인류 공동의 문제에 관심을 가진다.","지구촌의 평화와 발전을 위협하는 문제를 조사하고, 지속가능한 미래를 위한 해결 방안을 제시할 수 있다.","지구촌의 평화와 발전을 위협하는 문제를 제시하고, 지속가능한 미래를 위한 해결 방안을 살펴볼 수 있다.","[6사12-02]는 지구촌의 평화와 발전을 위협하는 문제를 파악하고 이를 해결하려는 방안을 탐색하며, 지속가능한 지구촌을 건설하는 데 관심을 가지도록 설정한 것이다. 세계에 대한 올바른 이해를 바탕으로 세계시민으로서 지녀야 할 관점과 태도를 함양하는 데 주안점을 둔다."
5~6,수학,수와 연산,"⋅사물의 양은 자연수, 분수, 소수 등으로 표현되며, 수는 자연수에서 정수, 유리수, 실수로 확장된다.
⋅사칙계산은 자연수에 대해 정의되며 정수, 유리수, 실수의 사칙계산으로 확장되고 이때 연산의 성질이 일관되
게 성립한다. 
⋅수와 사칙계산은 수학 학습의 기본이 되며, 실생활 문제를 포함한 다양한 문제를 해결하는 데 유용하게 활용된다.","⋅자연수의 혼합 
계산",[6수01-01],"덧셈, 뺄셈, 곱셈, 나눗셈의 혼합 계산에서 계산하는 순서를 알고, 혼합 계산을 할 수 있다.","덧셈, 뺄셈, 곱셈, 나눗셈의 혼합 계산을 하고, 계산하는 순서를 설명할 수 있다.","덧셈, 뺄셈, 곱셈, 나눗셈의 혼합 계산에서 계산하는 순서를 알고, 그 계산을 할 수 있다.","안내된 절차에 따라 덧셈, 뺄셈, 곱셈, 나눗셈 중 일부가 섞여 있는 간단한 혼합 계산에서 계산하는 순서를 알고, 그 계산을 할 수 있다.",
5~6,수학,수와 연산,,"⋅수의 범위와 
올림, 버림, 
반올림",[6수01-02],"실생활과 연결하여 이상, 이하, 초과, 미만의 의미와 쓰임을 알고, 이를 활용하여 수의 범위를 나타낼 수 있다.","이상, 이하, 초과, 미만의 의미와 쓰임을 알고, 수의 범위를 활용하여 실생활 문제를 해결할 수 있다.","실생활 상황에서 이상, 이하, 초과, 미만을 사용하여 수의 범위를 나타낼 수 있다.","안내된 절차에 따라 이상, 이하, 초과, 미만을 사용하여 간단한 수의 범위를 나타낼 수 있다.",
5~6,수학,수와 연산,,,[6수01-03],"어림값을 구하기 위한 방법으로 올림, 버림, 반올림의 의미와 필요성을 알고, 이를 실생활에 활용함으로써 수학의 유용성을 인식할 수 있다.","올림, 버림, 반올림의 의미와 필요성을 알고, 이를 활용하여 실생활 문제를 해결하며, 이 과정에서 수학의 유용성을 설명할 수 있다.","올림, 버림, 반올림을 사용하여 실생활의 여러 가지 수를 어림값으로 나타내고, 이 과정에서 수학의 유용성을 인식한다.","안내된 절차에 따라 올림, 버림, 반올림을 사용하여 수를 어림값으로 나타낼 수 있다.",
5~6,수학,수와 연산,,⋅약수와 배수,[6수01-04],"약수, 공약수, 최대공약수를 이해하고 구할 수 있다.","약수, 공약수, 최대공약수를 구하고, 그 방법과 그들 사이의 관계를 설명할 수 있다.","약수, 공약수, 최대공약수를 이해하고, 주어진 수의 약수, 공약수, 최대공약수를 구할 수 있다.","안내된 절차에 따라 주어진 수의 약수, 공약수, 최대공약수를 구할 수 있다.",
5~6,수학,수와 연산,,,[6수01-05],"배수, 공배수, 최소공배수를 이해하고 구할 수 있다.","배수, 공배수, 최소공배수를 구하고, 그 방법과 그들 사이의 관계를 설명할 수 있다.","배수, 공배수, 최소공배수를 이해하고, 주어진 수의 배수, 공배수, 최소공배수를 구할 수 있다.","안내된 절차에 따라 주어진 수의 배수, 공배수, 최소공배수를 구할 수 있다.",
5~6,수학,수와 연산,,,[6수01-06],"크기가 같은 분수를 만드는 방법을 이해하고, 분수를 약분, 통분할 수 있다.","크기가 같은 분수에 대한 이해를 바탕으로 분수를 약분, 통분하고, 그 방법을 설명할 수 있다.","크기가 같은 분수에 대한 이해를 바탕으로 주어진 분수와 크기가 같은 분수를 만들고, 분수를 약분, 통분할 수 있다.","안내된 절차에 따라 주어진 분수와 크기가 같은 분수를 찾고, 간단한 분수를 약분, 통분할 수 있다.",
5~6,수학,수와 연산,,,[6수01-07],분모가 다른 분수의 크기를 비교하고 그 방법을 설명할 수 있다.,"분모가 다른 분수의 크기를 여러 가지 방법으로 비교하고, 그 방법을 설명할 수 있다.",분모가 다른 분수를 통분하여 크기를 비교할 수 있다.,안내된 절차에 따라 분모가 다른 분수의 크기를 비교할 수 있다.,
5~6,수학,수와 연산,,"⋅분모가 다른 
분수의 덧셈과 
뺄셈",[6수01-08],분모가 다른 분수의 덧셈과 뺄셈의 계산 원리를 탐구하고 그 계산을 할 수 있다.,"분모가 다른 분수의 덧셈과 뺄셈을 계산하고, 그 계산 원리를 설명할 수 있다.","분모가 다른 분수의 덧셈과 뺄셈의 계산 원리를 탐구하고, 그 계산을 할 수 있다.",안내된 절차에 따라 분모가 다른 간단한 분수의 덧셈과 뺄셈을 할 수 있다.,
5~6,수학,수와 연산,,"⋅분수의 곱셈과 
나눗셈",[6수01-09],분수의 곱셈의 계산 원리를 탐구하고 그 계산을 할 수 있다.,"‘(분수)×(자연수)’, ‘(자연수)×(분수)’, ‘(분수)×(분수)’를 계산하고, 그 계산 원리를 설명할 수 있다.","‘(분수)×(자연수)’, ‘(자연수)×(분수)’, ‘(분수)×(분수)’의 계산 원리를 탐구하고, 그 계산을 할 수 있다.","안내된 절차에 따라 간단한 ‘(분수)×(자연수)’, ‘(자연수)×(분수)’, ‘(분수)×(분수)’의 계산을 할 수 있다.",
5~6,수학,수와 연산,,,[6수01-10],‘(자연수) ÷ (자연수)’에서 나눗셈의 몫을 분수로 나타낼 수 있다.,"‘(자연수)÷(자연수)’의 몫을 분수로 나타내고, 그 방법을 설명할 수 있다.",‘(자연수)÷(자연수)’의 몫을 분수로 나타낼 수 있다.,안내된 절차에 따라 ‘(자연수)÷(자연수)’의 몫을 분수로 나타낼 수 있다.,
5~6,수학,수와 연산,,,[6수01-11],분수의 나눗셈의 계산 원리를 탐구하고 그 계산을 할 수 있다.,"‘(분수)÷(자연수)’, ‘(자연수)÷(분수)’, ‘(분수)÷(분수)’를 계산하고, 그 계산 원리를 설명할 수 있다.","‘(분수)÷(자연수)’, ‘(자연수)÷(분수)’, ‘(분수)÷(분수)’의 계산 원리를 탐구하고, 그 계산을 할 수 있다.","안내된 절차에 따라 간단한 ‘(분수)÷(자연수)’, ‘(자연수)÷(분수)’, ‘(분수)÷(분수)’의 계산을 할 수 있다.","• [6수01-11] 분수의 나눗셈은 ‘(분수)÷(자연수)’, ‘(자연수)÷(분수)’, ‘(분수)÷(분수)’를 다룬다."
5~6,수학,수와 연산,,,[6수01-12],분수와 소수의 관계를 이해하고 크기를 비교하며 그 방법을 설명할 수 있다.,"분수와 소수의 관계에 대한 이해를 바탕으로 여러 가지 방법으로 분수와 소수의 크기를 비교하고, 그 방법을 설명할 수 있다.","분수를 소수로, 소수를 분수로 나타내고, 분수와 소수의 크기를 비교할 수 있다.","안내된 절차에 따라 분수를 소수로, 소수를 분수로 나타내고, 간단한 분수와 소수의 크기를 비교할 수 있다.",
5~6,수학,수와 연산,,"⋅소수의 곱셈과 
나눗셈",[6수01-13],소수의 곱셈의 계산 원리를 탐구하고 그 계산을 할 수 있다.,"‘(소수)×(자연수)’, ‘(자연수)×(소수)’, ‘(소수)×(소수)’를 계산하고, 계산 결과가 타당한지를 어림을 이용하여 설명할 수 있다.","‘(소수)×(자연수)’, ‘(자연수)×(소수)’, ‘(소수)×(소수)’의 계산 원리를 탐구하고, 그 계산을 할 수 있다.","안내된 절차에 따라 간단한 ‘(소수)×(자연수)’, ‘(자연수)×(소수)’, ‘(소수)×(소수)’의 계산을 할 수 있다.",
5~6,수학,수와 연산,,,[6수01-14],‘(자연수) ÷ (자연수)’에서 나눗셈의 몫을 소수로 나타낼 수 있다.,"‘(자연수)÷(자연수)’에서 나눗셈의 몫을 소수로 나타내고, 그 방법을 설명할 수 있다.",‘(자연수)÷(자연수)’에서 나눗셈의 몫을 소수로 나타낼 수 있다.,안내된 절차에 따라 간단한 ‘(자연수)÷(자연수)’에서 나눗셈의 몫을 소수로 나타낼 수 있다.,
5~6,수학,수와 연산,,,[6수01-15],소수의 나눗셈의 계산 원리를 탐구하고 그 계산을 할 수 있다.,"‘(소수)÷(자연수), ‘(자연수)÷(소수)’, ‘(소수)÷(소수)’를 계산하고, 계산 결과가 타당한지를 어림을 이용하여 설명할 수 있다.","‘(소수)÷(자연수)’, ‘(자연수)÷(소수)’, ‘(소수)÷(소수)’의 계산 원리를 탐구하고, 그 계산을 할 수 있다.","안내된 절차에 따라 간단한 ‘(소수)÷(자연수)’, ‘(자연수)÷(소수)’, ‘(소수)÷(소수)’를 계산할 수 있다.","• [6수01-15] 소수의 나눗셈은 ‘(소수)÷(자연수)’, ‘(자연수)÷(소수)’, ‘(소수)÷(소수)’를 다룬다."
5~6,수학,변화와 관계,"⋅변화하는 현상에 반복적인 요소로 들어있는 규칙은 수나 식으로 표현될 수 있으며, 규칙을 탐구하는 것은 
수학적으로 추측하고 일반화하는 데 기반이 된다.
⋅동치 관계, 대응 관계, 비례 관계 등은 여러 현상에 들어있는 대상들 사이의 다양한 관계를 기술하고 복잡한 
문제를 해결하는 데 유용하게 활용된다.
⋅수와 그 계산은 문자와 식을 사용하여 일반화되며, 특정한 관계를 만족시키는 미지의 값은 방정식과 부등식을 
해결하는 적절한 절차를 거쳐 구해진다.
⋅한 양이 변함에 따라 다른 양이 하나씩 정해지는 두 양 사이의 대응 관계를 나타내는 함수와 그 그래프는 
변화하는 현상 속의 다양한 관계를 수학적으로 표현한다.",⋅대응 관계,[6수02-01],"한 양이 변할 때 다른 양이 그에 종속하여 변하는 대응 관계를 나타낸 표에서 규칙을 찾아 설명하고, □, △ 등을 사용하여 식으로 나타낼 수 있다.","대응 관계를 나타낸 표에서 규칙을 찾아 □, △ 등을 사용하여 식으로 나타내고, 그 방법과 수학적 표현의 편리함을 설명할 수 있다.","대응 관계를 나타낸 표에서 규칙을 찾아 □, △ 등을 사용한 식으로 나타내고, 그 과정에서 수학적 표현의 편리함을 안다.","안내된 절차에 따라 대응 관계를 나타낸 표에서 규칙을 찾고, □, △ 등을 사용한 식을 완성할 수 있다.",
5~6,수학,변화와 관계,,⋅비와 비율,[6수02-02],"두 양의 크기를 비교하는 상황을 통해 비의 개념을 이해하고, 두 양의 관계를 비로 나타낼 수 있다.","비가 적용되는 간단한 상황에서 두 양의 크기를 비교하여 비로 나타내고, 그 과정에서 수학의 유용성을 인식한다.","비의 개념을 이해하고, 두 양의 크기를 비교하여 비로 나타낼 수 있다.",안내된 절차에 따라 두 양의 크기를 비교하여 비로 나타낼 수 있다.,"• [6수02-02] 두 양을 비교할 때는 한 양을 기준으로 다른 양이 몇 배가 되는지를 나타낼 필
요성을 인식하면서 비의 개념을 이해하게 한다."
5~6,수학,변화와 관계,,,[6수02-03],"비율을 이해하고, 비율을 분수, 소수, 백분율로 나타낼 수 있다.","비가 적용되는 간단한 상황에서 비율을 분수, 소수, 백분율로 나타내고, 그 과정에서 수학의 유용성을 인식한다.","비율의 의미를 이해하고, 비율을 분수, 소수, 백분율로 나타낼 수 있다.","안내된 절차에 따라 간단한 비율을 분수, 소수, 백분율로 나타낼 수 있다.",
5~6,수학,변화와 관계,,"⋅비례식과 
비례배분",[6수02-04],"비례식을 알고, 그 성질을 이해하며, 이를 활용하여 간단한 비례식을 풀 수 있다.","비례식의 성질에 대한 이해를 바탕으로 비례식을 풀고, 그 방법을 설명할 수 있다.",비례식의 성질에 대한 이해를 바탕으로 간단한 비례식을 풀 수 있다.,"비례식을 알고, 안내된 절차에 따라 간단한 비례식을 풀 수 있다.",
5~6,수학,변화와 관계,,,[6수02-05],"비례배분을 알고, 주어진 양을 비례배분 할 수 있다.","비례배분에 대한 이해를 바탕으로 실생활 상황에서 주어진 양을 비례배분하고, 그 방법을 설명할 수 있다.","비례배분을 알고, 주어진 양을 비례배분 할 수 있다.","비례배분을 알고, 안내된 절차에 따라 간단한 비례배분을 할 수 있다.",
5~6,수학,도형과 측정,"⋅평면도형과 입체도형은 여러 가지 모양을 범주화한 것이며, 각각의 평면도형과 입체도형은 고유한 성질을 
갖는다.
⋅도형의 성질과 관계를 탐구하고 정당화하는 것은 논리적이고 비판적으로 사고하는 데 기반이 된다.
⋅측정은 여러 가지 속성의 양을 비교하고 속성에 따른 단위를 이용하여 양을 수치화함으로써 여러 가지 현상을 
해석하거나 실생활 문제를 해결하는 데 활용된다.",⋅합동과 대칭,[6수03-01],"도형의 합동을 이해하고, 합동인 도형의 성질을 탐구하고 설명할 수 있다.","도형의 합동의 의미와 합동인 도형의 성질을 설명하고, 실생활에서 찾은 합동인 도형의 예에서 수학의 아름다움을 느낀다.","도형의 합동을 이해하고, 합동인 도형의 성질을 탐구하며, 그 과정에서 수학의 아름다움을 느낀다.","합동인 도형을 찾고, 직접 포개어 보는 활동을 통하여 합동인 도형에서 대응점, 대응변, 대응각을 찾을 수 있다.","• [6수03-01] 합동인 두 도형에서 대응점, 대응변, 대응각을 각각 찾게 하고 대응변의 길이
와 대응각의 크기를 비교하는 활동을 통해 합동인 도형의 성질을 탐구하고 설명하게 한다."
5~6,수학,도형과 측정,,,[6수03-02],실생활과 연결하여 선대칭도형과 점대칭도형을 이해하고 그릴 수 있다.,"선대칭도형과 점대칭도형을 그리고 그 방법을 설명하며, 실생활에서 찾은 선대칭도형과 점대칭도형의 예에서 수학의 아름다움을 느낀다.","선대칭도형과 점대칭도형을 이해하고 그리며, 그 과정에서 수학의 아름다움을 느낀다.",구체적 조작 활동을 통하여 선대칭도형과 점대칭도형을 찾거나 그릴 수 있다.,
5~6,수학,도형과 측정,,"⋅직육면체와 
정육면체",[6수03-03],"직육면체와 정육면체를 이해하고, 구성 요소와 성질을 탐구하고 설명할 수 있다.","실생활에서 직육면체와 정육면체를 찾고, 구성 요소와 여러 가지 성질을 탐구하고 설명할 수 있다.","직육면체와 정육면체에서 면, 모서리, 꼭짓점을 찾고, 성질을 설명할 수 있다.","구체적 조작 활동을 통하여 직육면체와 정육면체에서 면, 모서리, 꼭짓점을 찾을 수 있다.",
5~6,수학,도형과 측정,,,[6수03-04],직육면체와 정육면체의 겨냥도와 전개도를 그릴 수 있다.,"직육면체와 정육면체의 겨냥도와 전개도를 그리고, 구성 요소와 성질을 이용하여 그 방법을 설명할 수 있다.","직육면체와 정육면체의 겨냥도와 전개도를 그리고, 구체적 조작 활동을 통하여 전개도가 될 수 있는 것과 될 수 없는 것을 구별할 수 있다.",일부가 주어진 직육면체와 정육면체의 겨냥도와 전개도를 완성할 수 있다.,
5~6,수학,도형과 측정,,⋅각기둥과 각뿔,[6수03-05],"각기둥과 각뿔을 이해하고, 구성 요소와 성질을 탐구하고 설명할 수 있다.","실생활에서 각기둥과 각뿔을 찾고, 구성 요소와 여러 가지 성질을 탐구하고 설명할 수 있다.","각기둥과 각뿔에서 면, 모서리, 꼭짓점을 찾고, 성질을 설명할 수 있다.","구체적 조작 활동을 통하여 각기둥과 각뿔에서 면, 모서리, 꼭짓점을 찾을 수 있다.",
5~6,수학,도형과 측정,,,[6수03-06],각기둥의 전개도를 그릴 수 있다.,"각기둥의 전개도를 그리고, 구성 요소와 성질을 이용하여 그 방법을 설명할 수 있다.","각기둥의 전개도를 그리고, 전개도가 될 수 있는 것과 될 수 없는 것을 구별할 수 있다.",일부가 주어진 각기둥의 전개도를 완성할 수 있다.,
5~6,수학,도형과 측정,,"⋅원기둥, 원뿔, 구",[6수03-07],"원기둥, 원뿔, 구를 이해하고, 구성 요소와 성질을 탐구하고 설명할 수 있다.","실생활에서 원기둥, 원뿔, 구를 찾고, 구성 요소와 여러 가지 성질을 탐구하고 설명할 수 있다.","원기둥, 원뿔, 구에서 구성 요소를 찾고, 성질을 설명할 수 있다.","구체적 조작 활동을 통하여 원기둥, 원뿔, 구에서 구성 요소를 찾을 수 있다.",
5~6,수학,도형과 측정,,,[6수03-08],원기둥의 전개도를 그릴 수 있다.,"원기둥의 전개도를 그리고, 그 방법을 설명할 수 있다.","원기둥의 전개도를 그리고, 전개도가 될 수 있는 것과 될 수 없는 것을 구별할 수 있다.",일부가 주어진 원기둥의 전개도를 완성할 수 있다.,
5~6,수학,도형과 측정,,,[6수03-09],쌓기나무로 만든 입체도형을 보고 사용된 쌓기나무의 개수를 구할 수 있다.,"쌓기나무로 만든 입체도형을 보고, 사용된 쌓기나무의 개수를 여러 가지 방법으로 구하고, 그 방법을 설명할 수 있다.","쌓기나무로 만든 입체도형을 보고, 사용된 쌓기나무의 개수를 구할 수 있다.","안내된 절차에 따라 쌓기나무로 만든 간단한 입체도형을 보고, 사용된 쌓기나무의 개수를 구할 수 있다.",
5~6,수학,도형과 측정,,,[6수03-10],"쌓기나무로 만든 입체도형의 위, 앞, 옆에서 본 모양을 표현할 수 있고, 이러한 표현을 보고 입체도형의 모양을 추측할 수 있다.","쌓기나무로 만든 입체도형의 위, 앞, 옆에서 본 모양을 표현하고, 이러한 표현을 보고 입체도형의 모양을 추론하며, 그 추론 과정을 설명할 수 있다.","쌓기나무로 만든 입체도형의 위, 앞, 옆에서 본 모양을 표현하고, 이러한 표현을 보고 입체도형의 모양을 추론할 수 있다.","안내된 절차에 따라 쌓기나무로 만든 간단한 입체도형의 위, 앞, 옆에서 본 모양을 표현하고, 이러한 표현을 보고 간단한 입체도형의 모양을 추측할 수 있다.","• [6수03-10] 여러 가지 물체, 건축물, 예술품, 쌓기나무로 만든 입체도형 등의 위, 앞, 옆에서 
본 모양을 이용해서 전체 모양을 추측하게 하고, 이에 대해 자신의 추론 과정을 설명하게 
한다."
5~6,수학,도형과 측정,,"⋅다각형의 둘레와 
넓이",[6수03-11],"평면도형의 둘레를 이해하고, 기본적인 평면도형의 둘레를 구할 수 있다.","여러 가지 평면도형의 둘레를 구하고, 그 방법을 설명할 수 있다.","평면도형의 둘레를 알고, 기본적인 평면도형의 둘레를 구할 수 있다.",안내된 절차에 따라 기본적인 평면도형의 둘레를 구할 수 있다.,
5~6,수학,도형과 측정,,,[6수03-12],"넓이 단위 1cm², 1m², 1km²를 알며, 그 관계를 이해한다.","1cm²와 1m², 1m²와 1km²사이의 관계를 설명하고, 실생활 상황에서 적절한 넓이 단위를 사용할 수 있다.","넓이 단위 1cm², 1m², 1km²를 알고, 1cm²와 1m², 1m²와 1km²사이의 관계를 설명할 수 있다.","넓이 단위 1cm², 1m², 1km²를 알고, 1m²가 몇 cm²인지, 1km²가 몇 m²인지를 안다.",
5~6,수학,도형과 측정,,,[6수03-13],"직사각형과 정사각형의 넓이를 구하는 방법을 이해하고, 이를 구할 수 있다.","직사각형과 정사각형의 넓이를 구하는 방법을 설명하고, 이를 이용하여 직사각형과 정사각형의 넓이를 구할 수 있다.","직사각형과 정사각형의 넓이를 구하는 방법을 이해하고, 이를 이용하여 직사각형과 정사각형의 넓이를 구할 수 있다.",안내된 절차에 따라 직사각형과 정사각형의 넓이를 구할 수 있다.,
5~6,수학,도형과 측정,,,[6수03-14],"평행사변형, 삼각형, 사다리꼴, 마름모의 넓이를 구하는 방법을 다양하게 추론하고, 이와 관련된 문제를 해결할 수 있다.","평행사변형, 삼각형, 사다리꼴, 마름모의 넓이를 구하는 여러 가지 방법을 추론하고, 그 추론 과정을 설명하며, 이를 이용하여 넓이를 구할 수 있다.","평행사변형, 삼각형, 사다리꼴, 마름모의 넓이를 구하는 방법을 이해하고, 이를 이용하여 넓이를 구할 수 있다.","안내된 절차에 따라 평행사변형, 삼각형, 사다리꼴, 마름모의 넓이를 구할 수 있다.",
5~6,수학,도형과 측정,,"⋅원주율과 원의 
넓이",[6수03-15],"여러 가지 원 모양 물체의 원주와 지름을 측정하는 활동을 통하여, 원주율이 일정한 값임을 알고 그 근삿값을 사용할 수 있다.","여러 가지 원 모양 물체의 원주와 지름을 측정하는 활동을 통하여 원주율의 의미를 설명하고, 원주율을 근삿값으로 나타내어 사용할 수 있다.","여러 가지 원 모양 물체의 원주와 지름을 측정하는 활동을 통하여 원주율이 일정한 값임을 알고, 원주율의 근삿값을 사용할 수 있다.",안내된 절차에 따라 원 모양 물체의 원주와 지름을 측정하는 활동을 통하여 원주율이 일정한 값임을 안다.,"• [6수03-15] 여러 가지 원에서 (원주)÷(지름)의 값을 구하여 모든 원에서 원주율이 일정함
을 이해하게 하고, 원주율의 근삿값으로 3.14를 사용하게 한다. "
5~6,수학,도형과 측정,,,[6수03-16],"원주와 원의 넓이를 구하는 방법을 이해하고, 이를 구할 수 있다.","원주와 원의 넓이를 구하는 방법을 설명하고, 이를 이용하여 원주와 원의 넓이를 구할 수 있다.","원주와 원의 넓이를 구하는 방법을 이해하고, 이를 이용하여 원주와 원의 넓이를 구할 수 있다.",안내된 절차에 따라 원주와 원의 넓이를 구할 수 있다.,"• [6수03-16] 지름과 원주율을 이용하면 원주를 직접 측정하지 않고도 구할 수 있음을 알게 
하고, 직사각형의 넓이를 구하는 방법을 이용하여 원의 넓이를 구하는 방법을 이해하게 한다."
5~6,수학,도형과 측정,,"⋅직육면체와 
정육면체의 
겉넓이와 부피",[6수03-17],"직육면체와 정육면체의 겉넓이를 구하는 방법을 이해하고, 이를 구할 수 있다.","직육면체와 정육면체의 겉넓이를 구하는 여러 가지 방법을 추론하고, 그 추론 과정을 설명하며, 이를 이용하여 직육면체와 정육면체의 겉넓이를 구할 수 있다.","직육면체와 정육면체의 겉넓이를 구하는 방법을 이해하고, 이를 이용하여 직육면체와 정육면체의 겉넓이를 구할 수 있다.",안내된 절차에 따라 직육면체와 정육면체의 겉넓이를 구할 수 있다.,
5~6,수학,도형과 측정,,,[6수03-18],"부피 단위 1cm³, 1m³를 알며, 그 관계를 이해한다.","1cm³와 1m³ 사이의 관계를 설명하고, 실생활 상황에서 적절한 부피 단위를 사용할 수 있다.","부피 단위 1cm³, 1m³를 알고, 1cm³와 1m³ 사이의 관계를 설명할 수 있다.","부피 단위 1cm³, 1m³를 알고, 1m³가 몇 cm³인지를 안다.",
5~6,수학,도형과 측정,,,[6수03-19],"직육면체와 정육면체의 부피를 구하는 방법을 이해하고, 이를 구할 수 있다.","직육면체와 정육면체의 부피를 구하는 방법을 추론하고, 그 추론 과정을 설명하며, 이를 이용하여 부피를 구할 수 있다.","직육면체와 정육면체의 부피를 구하는 방법을 이해하고, 이를 이용하여 직육면체와 정육면체의 부피를 구할 수 있다.",안내된 절차에 따라 직육면체와 정육면체의 부피를 구할 수 있다.,
5~6,수학,자료와 가능성,"⋅자료를 수집, 정리, 해석하는 통계는 자료의 특징을 파악하고 두 집단을 비교하며 자료의 관계를 탐구하는 
데 활용된다.
⋅사건이 일어날 가능성을 여러 가지 방법으로 표현하는 것은 불확실성을 이해하는 데 도움이 되며, 가능성을 
확률로 수치화하면 불확실성을 수학적으로 다룰 수 있게 된다.
⋅자료를 이용하여 통계적 문제해결 과정을 실천하고 생활 속의 가능성을 탐구하는 것은 미래를 예측하고 합리
적인 의사 결정을 하는 데 기반이 된다.",⋅평균,[6수04-01],"평균의 의미를 알고, 자료를 수집하여 평균을 구하고 해석할 수 있다.","평균의 의미와 유용성을 인식하고, 여러 집단의 자료를 수집하여 평균을 구하고 해석할 수 있다.","평균의 의미를 알고, 주어진 자료의 평균을 구하고 해석할 수 있다.",간단한 자료의 평균을 구할 수 있다.,"• [6수04-01] 평균은 집단의 자료를 대표하는 값임을 이해하고, 여러 집단의 평균을 비교하
는 활동을 통해 수학의 유용성을 인식하게 한다."
5~6,수학,자료와 가능성,,"⋅띠그래프, 
원그래프",[6수04-02],자료를 수집하여 띠그래프나 원그래프로 나타내고 해석할 수 있다.,"자료를 수집하여 띠그래프나 원그래프로 나타내고, 그래프를 해석하며, 그 과정에서 비율그래프의 필요성을 안다.","주어진 자료를 띠그래프나 원그래프로 나타내고, 그래프를 해석할 수 있다.","안내된 절차에 따라 자료를 띠그래프나 원그래프로 나타내고, 그래프에서 간단한 사실을 찾을 수 있다.",
5~6,수학,자료와 가능성,,,[6수04-03],"탐구 문제를 설정하고, 그에 맞는 자료를 수집, 정리하여 적절한 그래프로 나타내고 해석할 수 있다.","탐구 문제를 설정하고, 그에 맞는 자료를 수집, 정리하여 적절한 그래프로 나타내며, 그래프를 해석할 수 있다.","탐구 문제에 맞는 자료를 수집, 정리하여 적절한 그래프로 나타내고, 그래프를 해석할 수 있다.","안내된 절차에 따라 자료를 적절한 그래프로 나타내고, 그래프에서 간단한 사실을 찾을 수 있다.","• [6수04-03] 해결하고자 하는 문제를 설정하고 그에 맞는 자료를 수집, 정리하여, 막대그래
프, 꺾은선그래프, 띠그래프와 원그래프 중 적절한 그래프로 나타내고 해석하는 일련의 과
정을 직접 경험하게 한다."
5~6,수학,자료와 가능성,,⋅가능성,[6수04-04],사건이 일어날 가능성을 말로 표현하고 비교할 수 있다.,"실생활에서 여러 가지 사건이 일어날 가능성을 말로 표현하고, 가능성을 비교하여 설명할 수 있다.","주어진 사건이 일어날 가능성을 말로 표현하고, 가능성을 비교할 수 있다.",안내된 절차에 따라 주어진 사건이 일어날 가능성을 말로 표현할 수 있다.,"• [6수04-04] ‘확실하다’, ‘불가능하다’, ‘∼일 것 같다’, ‘∼아닐 것 같다’, ‘반반이다’ 등 일
상에서 사건이 일어날 가능성을 나타내는 다양한 표현을 이해하고, 가능성의 크기를 비교
하게 한다."
5~6,수학,자료와 가능성,,,[6수04-05],사건이 일어날 가능성을 수로 나타낼 수 있다.,"실생활의 간단한 사건에 대하여 사건이 일어날 가능성을 수로 표현하고, 그 이유를 설명할 수 있다.",실생활의 간단한 사건에 대하여 사건이 일어날 가능성을 수로 표현할 수 있다.,"안내된 절차에 따라 간단한 사건에 대하여 사건이 일어날 가능성을 0, 1/2, 1로 구분할 수 있다.","• [6수04-05] 가능성이 직관적으로 파악되는 생활 속의 간단한 사건에 대하여 그 가능성을 
0,  
 , 1 등과 같은 수로 표현하게 한다. 사건이 일어날 가능성과 일어나지 않을 가능성이 
같은 경우에 사건이 일어날 가능성을  
로 표현할 수 있음을 이해하게 한다."
5~6,수학,자료와 가능성,,,[6수04-06],"자료를 이용하여 가능성을 예상하고, 가능성에 근거하여 적절한 판단을 내릴 수 있다.","간단한 실험 결과를 나타낸 자료를 보고 가능성을 예상하고, 가능성에 근거하여 적절한 판단을 내릴 수 있다.",간단한 실험 결과를 나타낸 자료를 보고 가능성을 예상할 수 있다.,안내된 절차에 따라 간단한 실험 결과를 나타낸 자료를 보고 가능성을 예상할 수 있다.,"• [6수04-06] 제비뽑기, 동전 던지기, 주사위 던지기, 회전판 돌리기 등과 같은 간단한 실험 
결과를 나타낸 표나 그래프를 보고 사건이 일어날 가능성을 비교하고 대략적으로 예상하게 한다."
5~6,과학,지구와 우주,"⋅지구계는 지권, 수권, 기권, 생물권 등으로 구성되며, 이러한 지구계 구성 요소들이 상호작용을 
통해 에너지와 물질을 교환하는 과정에서 다양한 자연 현상들이 발생한다.
⋅암석과 화석, 지구 내부를 탐구함으로써 지질시대 동안 지구 환경과 생물의 변천 과정을 밝혀낼 
수 있다.
⋅물은 땅과 바다, 대기 등으로 끊임없이 순환하면서 지표의 특징을 변화시키고 지하구조를 만든다.
⋅지구의 기후시스템은 태양 복사와 지구 복사, 인간 활동 등의 영향을 받으며, 이러한 요인들이 
복합적으로 상호작용하여 나타난 기상 현상과 기후변화는 우리 생활과 지속가능성에 영향을 미친다.
⋅태양계는 행성 및 소천체 등으로 구성되며, 생성 과정에 따라 태양계 천체의 표면은 다양하게 
나타난다.
⋅별의 표면 온도, 크기, 질량, 거리 등을 결정하는 데 관측 자료와 증거 기반 해석 등이 활용된다.",⋅지층,[6과01-01],"지층의 특징을 알고, 지층의 형성 과정을 모형으로 표현할 수 있다.","여러 지층을 관찰하여 지층의 공통적인 특징을 알고, 지층의 형성 과정을 모형으로 표현하여 설명할 수 있다.","지층을 관찰하여 특징을 말하고, 지층을 모형으로 표현할 수 있다.",지층을 관찰하여 지층의 두께나 색이 서로 다름을 말할 수 있다.,"• [6과01-01] 지층의 두께나 색 등을 다루고, 지층이 휘어지거나 끊어진 모습을 소개하되 
생성 원리는 다루지 않는다."
5~6,과학,지구와 우주,,"⋅지층
⋅퇴적암",[6과01-02],"지층이 퇴적암으로 이루어짐을 알고, 퇴적암을 알갱이의 크기에 따라 분류할 수 있다.","지층이 퇴적암으로 이루어짐을 알고, 이암, 사암, 역암을 관찰하여 알갱이의 크기에 따라 퇴적암을 분류할 수 있다.","이암, 사암, 역암이 퇴적암이라는 것을 알고, 이를 관찰하여 알갱이의 크기를 비교할 수 있다.","이암, 사암, 역암을 관찰하고, 알갱이의 크기가 다르다는 것을 말할 수 있다.","• [6과01-02] 퇴적암은 이암, 사암, 역암만 다룬다."
5~6,과학,지구와 우주,,"⋅화석의 생성
⋅과거 생물과 환경",[6과01-03],"화석의 생성 과정을 모형으로 설명하고, 지구의 과거 생물과 환경을 추리하는 활동을 통해 화석의 가치를 인식할 수 있다.","화석을 관찰하고 화석의 생성 과정을 모형으로 표현하며, 지구의 과거 생물과 환경을 추리하는 활동을 통해 화석의 가치를 인식한다.","화석의 생성 과정을 모형으로 설명하고, 화석을 관찰하여 지구의 과거 생물의 모습을 추리할 수 있다.",여러 가지 화석을 관찰하고 화석에 관심을 가진다.,• [6과01-03] 화석 표본은 동물과 식물의 특징이 분명하게 드러나는 것을 사용한다.
5~6,과학,운동과 에너지,"⋅자연과 일상생활 속의 여러 가지 힘은 물체의 속력과 운동 방향을 변화시키고, 물체의 운동은 
힘과 에너지를 통해 예측할 수 있으며, 이는 안전한 일상생활의 토대가 된다.
⋅전하와 전류는 다양한 전기와 자기 현상을 일으키고, 전기와 자기에 대한 성질은 전구, 전동기 
등 여러 가지 전기 기구의 작동 원리로 유용하게 활용된다.
⋅열은 온도가 높은 곳에서 낮은 곳으로 이동하며, 일상생활에서는 단열 등 다양한 분야에 물질의 
열적 성질이나 열의 이동 방식이 이용된다.
⋅빛과 소리는 반사, 굴절, 진동 등 파동의 특성을 가지며, 그 특성은 거울, 렌즈, 악기, 색의 구현 
등 편리하고 심미적인 삶에 도움이 된다.","⋅빛의 직진
⋅평면거울에서 빛의 
반사
⋅빛의 굴절
⋅렌즈의 이용",[6과02-01],"물체를 보기 위해서 빛이 있어야 함을 알고, 빛의 성질에 대해 흥미를 느낄 수 있다.","어둠상자 속 물체 관찰하기를 통해 물체를 보기 위해서는 빛이 필요하다는 결론을 도출하고, 빛의 성질 탐구에 적극 참여한다.",어둠상자 속 물체 관찰하기를 통해 물체는 빛이 있어야 볼 수 있음을 말할 수 있다.,빛에 의한 현상에 대해 흥미를 가진다.,
5~6,과학,운동과 에너지,,,[6과02-02],"빛이 나아가는 현상을 관찰하여 빛이 직진, 반사, 굴절하는 성질이 있음을 말할 수 있다.","빛이 나아가는 다양한 현상으로부터 빛이 직진, 반사, 굴절하는 성질이 있음을 추리할 수 있다.","빛이 공기 중이나 평면거울, 렌즈를 통해 나아가는 모습을 관찰하고, 이를 직진, 반사, 굴절과 관련지을 수 있다.",직진하던 빛이 물체를 만나면 빛의 경로가 바뀜을 말할 수 있다.,"• [6과02-02] 빛이 직진, 반사, 굴절하는 성질은 햇빛이나 레이저 광선의 진행으로 나타나
는 현상을 관찰하여 알 수 있도록 하되, 반사와 굴절의 법칙은 다루지 않는다. 또, 볼록
렌즈와 물체 사이의 거리, 볼록렌즈와 눈 사이의 거리에 따른 물체의 모습 차이는 다루지 
않는다."
5~6,과학,운동과 에너지,,,[6과02-03],거울과 렌즈의 쓰임새를 조사하고 거울이나 렌즈를 이용한 장치를 창의적으로 만들 수 있다.,"일상생활의 거울과 렌즈 쓰임새를 빛의 성질과 관련지어 설명하고, 이를 이용한 창의적인 장치를 만들 수 있다.","일상생활에서의 거울과 렌즈의 쓰임새를 조사하고, 빛의 성질과 관련지을 수 있다.",일상생활에서 거울과 렌즈의 쓰임새를 조사하여 찾을 수 있다.,
5~6,과학,물질,"⋅물질은 여러 가지 상태로 존재하며, 구성 입자의 운동에 따라 물질의 상태와 물리적 성질이 변한다.
⋅물질의 상태 변화 및 화학 반응에는 에너지 출입이 수반되며, 이는 일상생활에 유용하게 활용
된다.
⋅물질은 서로 구분할 수 있는 고유한 특성을 가지며, 물질의 특성은 일상생활의 다양한 혼합물 
분리에 이용된다.
⋅화학 반응을 통해 물질은 다른 물질로 변하며, 화학 반응의 규칙성은 새로운 물질의 생성 
원리가 된다.","⋅용액, 용매, 용질
⋅용해",[6과03-01],"용해 현상의 의미를 알고, 용질의 종류와 물의 온도에 따라 물에 녹는 용질의 양이 달라짐을 비교할 수 있다.","용해 현상의 의미를 이해하고, 용질의 종류와 온도에 따라 녹는 양이 달라짐을 비교하여 영향 요인을 찾을 수 있다.","용해 현상의 의미를 말하고, 용질의 종류 또는 물의 온도에 따라 물에 녹는 용질의 양이 달라짐을 비교할 수 있다.","물에 녹는 물질이 있음을 이해하고, 용해 전과 후의 무게 변화를 설명할 수 있다.","• [6과03-01] 용질, 용매, 용액, 용해의 개념을 다루되, 입자 모형으로 용해 현상을 설명하
거나 용해 현상이 일어나는 과학적 이유나 원리를 설명하지 않는다. 용해 전과 후의 무게를 
비교하여 용해 과정에서 물질이 사라지지 않음을 이해하도록 한다."
5~6,과학,물질,,"⋅용액, 용매, 용질
⋅용해
⋅용액의 진하기",[6과03-02],"용질이나 용매의 양에 따라 용액의 진하기가 달라짐을 관찰하고, 용액의 상대적인 진하기를 비교할 수 있다.","용질이나 용매의 양에 따라 용액의 진하기가 달라짐을 이해하고, 용액의 진하기를 상대적으로 비교할 수 있다.","용질이나 용매의 양에 따라 용액의 진하기가 달라짐을 알고, 물체의 뜨는 정도로 진하기를 비교할 수 있다.",용질이나 용매의 양에 따라 용액의 진하기가 달라짐을 말할 수 있다.,"• [6과03-02] 진하기가 다른 두 용액에서 같은 물체의 뜨는 정도가 다름을 이용하여 용액의 
상대적인 진하기를 비교하도록 한다."
5~6,과학,물질,,"⋅용액, 용매, 용질
⋅용해",[6과03-03],일상생활에서 용액이 쓰이는 사례를 조사하여 용액의 필요성을 알리는 자료를 만들고 공유할 수 있다.,"일상생활에서 용액이 쓰이는 사례를 조사하고, 용액의 필요성을 알리는 자료를 만들어 공유할 수 있다.","일상생활에서 용액이 쓰이는 사례를 찾아보고, 용액의 필요성을 알리는 자료를 만들 수 있다.",일상생활에서 용액이 다양하게 쓰이고 있는 사례를 찾아 말할 수 있다.,
5~6,과학,생명,"⋅생물은 세포로 이루어져 있고, 여러 구성 단계가 유기적으로 연관되어 있으며, 조화로운 작용을 
통해 건강한 몸을 유지한다.
⋅식물은 광합성으로 양분을 만들며, 생물은 호흡을 통해 생명 활동에 필요한 에너지를 얻는다.
⋅동물은 다양한 감각 기관을 통해 자극을 받아들이고, 신경계와 호르몬의 작용을 통해 반응한다.
⋅생물은 생식을 통해 자손을 생산하고, 생물의 형질은 유전자에 의해 자손에게 전달되며, 생물의 
유전 현상은 사람의 가계에서도 관찰된다.
⋅우리 주변의 다양한 생물은 환경과 영향을 주고받으며 밀접한 관계를 맺고 있으며, 생물다양성은 
생태계와 인간의 삶과도 밀접하게 관련되어 있다.",⋅뼈와 근육의 구조와 기능,[6과04-01],뼈와 근육의 생김새를 관찰하고 모형을 만들어 몸이 움직이는 원리를 설명할 수 있다.,"뼈와 근육의 생김새 관찰 및 모형 제작으로 움직임 원리를 설명하며, 운동 시 몸의 변화를 관찰하여 설명할 수 있다.","뼈와 근육이 움직이는 것을 관찰하고, 모형을 만들어 몸이 움직이는 것을 설명할 수 있다.",뼈와 근육의 생김새를 관찰하고 모형을 만들 수 있다.,"• [6과04-01] 중학교와 고등학교 과정에서는 뼈와 근육에 대해서 학습하지 않으므로, 뼈와 근육의 구조와 기능을 기초적으로 이해하는 데 중점을 둔다."
5~6,과학,생명,,"⋅소화⋅순환⋅호흡⋅배
설 기관의 구조와 기능",[6과04-02],"소화, 순환, 호흡, 배설 기관의 구조와 기능을 알아보고, 우리 몸의 여러 기관이 서로 관련되어 있음을 설명할 수 있다.","소화, 순환, 호흡, 배설 기관의 종류, 위치, 생김새, 기능을 알고, 여러 기관이 서로 관련되어 있음을 설명할 수 있다.","소화, 순환, 호흡, 배설 기관의 구조와 기능을 설명할 수 있다.","소화, 순환, 호흡, 배설 기관의 종류를 말할 수 있다."," • [6과04-02] 우리 몸의 각 기관은 종류, 위치, 생김새, 기능을 중심으로 탐구한다."
5~6,과학,생명,,"⋅뼈와 근육의 구조와 기능
⋅소화⋅순환⋅호흡⋅배
설 기관의 구조와 기능",[6과04-03],"우리 몸의 여러 기관과 관련된 질병을 조사하고, 건강을 유지하기 위한 생활 방식을 실천할 수 있다.","여러 기관 관련 질병을 조사하고, 과학이 건강에 활용됨을 인식하여 건강 유지 생활 방식을 실천할 수 있다.","기관 관련 질병을 조사하고, 건강에 관심을 가지며, 건강 유지를 위한 생활 방식을 발표할 수 있다.",우리 몸의 여러 기관과 관련된 질병을 조사할 수 있다.," • [6과04-03] 질병은 소화, 순환, 호흡, 배설 기관과 관련된 것으로 조사하고 건강을 유지 하기 위한 생활 방식은 각 질병의 예방법을 중심으로 다룬다."
5~6,과학,물질,"⋅물질은 여러 가지 상태로 존재하며, 구성 입자의 운동에 따라 물질의 상태와 물리적 성질이 변한다.
⋅물질의 상태 변화 및 화학 반응에는 에너지 출입이 수반되며, 이는 일상생활에 유용하게 활용
된다.
⋅물질은 서로 구분할 수 있는 고유한 특성을 가지며, 물질의 특성은 일상생활의 다양한 혼합물 
분리에 이용된다.
⋅화학 반응을 통해 물질은 다른 물질로 변하며, 화학 반응의 규칙성은 새로운 물질의 생성 
원리가 된다.",⋅혼합물의 분리,[6과05-01],알갱이의 크기가 다른 고체 혼합물과 골고루 섞이지 않는 액체 혼합물을 분리할 수 있다.,"혼합물의 의미를 이해하고, 알갱이의 크기가 다른 고체 혼합물과 섞이지 않는 액체 혼합물을 분리할 수 있다.","알갱이의 크기가 다른 고체 혼합물을 분리하고, 액체 혼합물의 사례와 혼합물의 의미를 설명할 수 있다.",고체 및 액체 혼합물의 분리 과정을 말할 수 있다.,"• [6과05-01] 혼합물의 의미를 학습한 뒤 혼합물의 분리 실험을 진행하도록 한다. 혼합물은 
두 가지 이상의 물질이 성질이 변하지 않고 섞여 있는 상태라는 수준에서 다룬다. 골고루 
섞이지 않는 액체 혼합물 분리에서 액체가 골고루 섞이지 않는 까닭은 다루지 않는다."
5~6,과학,물질,,"⋅혼합물의 분리
⋅용해",[6과05-02],"물에 용해되는 성질을 이용하여 고체 혼합물을 분리하고, 물을 증발시켜 물에 용해된 고체 물질을 분리할 수 있다.","물에 용해되는 성질과 물이 증발하는 성질을 알고, 이를 이용하여 혼합물을 분리할 수 있다.",물에 용해되는 성질과 물이 증발하는 성질을 이용하여 혼합물 일부를 분리할 수 있다.,용해 및 증발 성질을 이용하여 혼합물을 분리할 수 있음을 말할 수 있다.,
5~6,과학,물질,,⋅혼합물의 분리,[6과05-03],지속가능한 삶을 위한 과학기술 사례 중 혼합물의 분리를 이용한 장치를 조사하여 공유할 수 있다.,"분리 이용 장치를 조사하고, 이러한 장치가 인간의 삶에 어떻게 기여하는지 공유할 수 있다.","지속가능한 삶을 위한 과학기술 사례를 조사하고, 혼합물의 분리를 이용한 장치를 구분할 수 있다.",일상생활에서 혼합물을 분리하는 사례를 말할 수 있다.,
5~6,과학,지구와 우주,"⋅지구계는 지권, 수권, 기권, 생물권 등으로 구성되며, 이러한 지구계 구성 요소들이 상호작용을 
통해 에너지와 물질을 교환하는 과정에서 다양한 자연 현상들이 발생한다.
⋅암석과 화석, 지구 내부를 탐구함으로써 지질시대 동안 지구 환경과 생물의 변천 과정을 밝혀낼 
수 있다.
⋅물은 땅과 바다, 대기 등으로 끊임없이 순환하면서 지표의 특징을 변화시키고 지하구조를 만든다.
⋅지구의 기후시스템은 태양 복사와 지구 복사, 인간 활동 등의 영향을 받으며, 이러한 요인들이 
복합적으로 상호작용하여 나타난 기상 현상과 기후변화는 우리 생활과 지속가능성에 영향을 미친다.
⋅태양계는 행성 및 소천체 등으로 구성되며, 생성 과정에 따라 태양계 천체의 표면은 다양하게 
나타난다.
⋅별의 표면 온도, 크기, 질량, 거리 등을 결정하는 데 관측 자료와 증거 기반 해석 등이 활용된다.",⋅날씨와 기상 요소,[6과06-01],"기상 요소를 조사하고, 날씨가 우리 생활에 주는 영향을 인식할 수 있다.","기온, 바람, 습도 등 기상 요소를 조사하여, 날씨가 생활에 주는 영향을 예를 들어 설명할 수 있다.","기온, 바람, 습도, 구름의 양, 강수량 등의 기상 요소가 우리 생활에 주는 영향을 조사할 수 있다.",날씨가 우리 생활에 주는 영향을 말할 수 있다.,"• [6과06-01] 기상 요소는 기온, 바람, 습도, 구름의 양, 강수량을 중심으로 다루고, 기상 
자료에서 규칙성을 파악하도록 한다."
5~6,과학,지구와 우주,,"⋅이슬, 안개, 구름",[6과06-02],"이슬, 안개, 구름을 관찰하고, 공통점과 차이점을 찾을 수 있다.","이슬, 안개, 구름을 관찰하고, 발생 실험을 통해 이슬과 안개의 공통점과 차이점을 설명할 수 있다.","이슬, 안개, 구름의 공통점과 차이점을 찾을 수 있다.","이슬, 안개, 구름을 구별할 수 있다.","• [6과06-02] 구름에서 비와 눈이 내리는 과정을 다루지 않고 현상을 중심으로 다루며, 단열 
팽창과 관련된 구름의 생성 과정은 다루지 않는다."
5~6,과학,지구와 우주,,"⋅날씨와 기상 요소
⋅고기압과 저기압",[6과06-03],고기압과 저기압의 분포에 따른 날씨의 특징을 기상 요소로 표현할 수 있다.,"바람 발생 모형실험으로 바람의 방향을 설명하고, 기압 분포에 따른 날씨 특징을 기상 요소로 표현할 수 있다.",바람 발생 모형실험을 통해 고기압에서 저기압으로 부는 바람의 방향을 설명할 수 있다.,고기압과 저기압의 의미를 말할 수 있다.,"• [6과06-03] 고기압과 저기압의 날씨와 고기압에서 저기압으로 부는 바람의 방향을 이해
하는 수준에서 현상 중심으로 다룬다."
5~6,과학,운동과 에너지,"⋅자연과 일상생활 속의 여러 가지 힘은 물체의 속력과 운동 방향을 변화시키고, 물체의 운동은 
힘과 에너지를 통해 예측할 수 있으며, 이는 안전한 일상생활의 토대가 된다.
⋅전하와 전류는 다양한 전기와 자기 현상을 일으키고, 전기와 자기에 대한 성질은 전구, 전동기 
등 여러 가지 전기 기구의 작동 원리로 유용하게 활용된다.
⋅열은 온도가 높은 곳에서 낮은 곳으로 이동하며, 일상생활에서는 단열 등 다양한 분야에 물질의 
열적 성질이나 열의 이동 방식이 이용된다.
⋅빛과 소리는 반사, 굴절, 진동 등 파동의 특성을 가지며, 그 특성은 거울, 렌즈, 악기, 색의 구현 
등 편리하고 심미적인 삶에 도움이 된다.",⋅온도,[6과07-01],"물체의 따뜻하고 차가운 정도를 온도로 표현함을 알고, 온도계를 이용하여 온도를 측정할 수 있다.","온도의 의미를 이해하고, 온도계의 올바른 사용법을 익혀 여러 물체나 장소의 온도를 측정할 수 있다.","물체의 따뜻하고 차가운 정도를 온도로 표현하고, 온도계의 사용법을 말할 수 있다.",온도의 정의와 온도계가 측정 도구임을 말할 수 있다.,
5~6,과학,운동과 에너지,,"⋅온도
⋅열의 이동",[6과07-02],온도가 다른 두 물체가 접촉했을 때 두 물체의 온도 변화를 관찰하고 그 원인을 추리할 수 있다.,"온도가 다른 두 물체가 접촉했을 때의 온도 변화를 관찰하고, 이를 열 이동으로 추리하여 설명할 수 있다.","온도가 다른 두 물체가 접촉했을 때 온도를 관찰하고, 시간에 따른 온도 변화 특징을 설명할 수 있다.",접촉 시 두 물체의 온도가 변한다는 사실을 말할 수 있다.,"• [6과07-02] 온도가 다른 두 물체를 접촉하는 탐구에서는 두 물체의 온도 변화를 측정하는 
데 중점을 두고, 물체의 온도가 변하는 원인이 온도가 높은 물체에서 온도가 낮은 물체로 
열이 이동하기 때문이라는 사실을 추리하도록 한다. 단, 열평형이라는 용어는 사용하지 
않는다."
5~6,과학,운동과 에너지,,,[6과07-03],주위에서 열의 이동으로 나타나는 현상을 관찰하여 열의 이동 방식이 다양함을 설명할 수 있다.,"주위의 다양한 열 이동 현상을 관찰하여 방식에 따라 분류하고, 여러 방식의 특징을 비교할 수 있다.",열의 이동으로 나타나는 현상을 관찰하여 열의 이동 방식이 다양함을 설명할 수 있다.,주위에서 열의 이동으로 나타나는 현상들을 찾을 수 있다.,"• [6과07-03] 전도, 대류, 복사는 고체, 액체, 기체에서의 열의 이동과, 빛에 의한 열 이동 
현상을 관찰하는 데 중점을 두고 다룬다."
5~6,과학,운동과 에너지,,"⋅온도
⋅열의 이동
⋅단열",[6과07-04],"일상생활에서 단열을 이용하는 사례를 조사하고, 온도를 오랫동안 일정하게 유지할 수 있는 장치를 창의적으로 만들 수 있다.","단열 사례를 열 이동 방식과 관련지어 설명하고, 이를 고려해 온도를 유지하는 장치를 만들 수 있다.","일상생활에서 단열이 이용되는 예를 조사하고, 온도를 일정하게 유지할 수 있는 장치를 만들 수 있다.",온도를 일정하게 유지하는 장치의 예를 찾아 필요성을 말할 수 있다.,
5~6,과학,과학과 사회,"⋅과학 탐구를 통해 얻은 과학기술은 질병의 발생 원인 규명과 예방법 마련 등 인류 복지에 기여하고, 
인류가 처한 여러 가지 재난 상황 극복에 활용된다.
⋅과학기술은 자원과 에너지 등의 효율적 이용 방안을 제공하여 지속가능한 사회에 기여한다.
⋅과학기술의 발달은 미래 사회의 모습과 직업에 영향을 미치며, 개인은 이러한 미래 사회의 모습과 
새로운 진로를 탐색하며 자신의 삶을 준비한다.",⋅자원의 종류,[6과08-01],"우리가 생활에서 이용하는 다양한 자원을 조사하고, 자원의 유한함을 설명할 수 있다.","일상생활의 자원을 조사하고, 자원의 유한함과 효율적 사용을 관련지어 설명할 수 있다.","주위에서 이용하는 자원을 조사하고, 자원이 유한하다는 것을 말할 수 있다.",주위에서 이용하고 있는 자원의 예를 말할 수 있다.,
5~6,과학,과학과 사회,,"⋅자원의 종류
⋅자원의 효율적인 이용
⋅지속가능한 에너지 
이용",[6과08-02],"재생에너지의 종류를 조사하고, 에너지를 지속가능하게 이용하는 방법에 관심을 갖는다.","주위에서 활용되는 재생에너지 종류를 조사하고, 에너지의 지속가능한 이용 방법에 관심을 가진다.",재생에너지의 종류와 활용되는 예를 조사하여 말할 수 있다.,재생에너지의 의미를 말할 수 있다.,"• [6과08-02] 재생에너지는 태양 에너지, 풍력, 수력, 해양 에너지, 지열 에너지, 바이오 
에너지 등을 의미한다."
5~6,과학,과학과 사회,,"⋅자원의 효율적인 이용
⋅지속가능한 에너지 
이용",[6과08-03],"자원과 에너지의 효율적인 이용 방법에 대해 탐색하고, 생활 속에서 실천할 수 있는 다양한 사례를 공유할 수 있다.","자원과 에너지를 효율적으로 이용하는 다양한 방법을 탐색하고, 생활 속 다양한 실천 사례를 공유할 수 있다.","효율적 이용 방법을 조사하고, 자원과 에너지를 아끼기 위한 실천 사례를 말할 수 있다.",자원과 에너지의 소중함과 효율적 활용의 필요성을 말할 수 있다.,"• [6과08-03] 효율적인 자원의 이용 방법에서 물 자원과 산림 자원, 광물 자원을 종합적으로 
다루며, 학생들이 배운 내용을 바탕으로 생활 속에서 자원의 소중함을 느끼고, 효율적인 
이용 방법을 공유하고 실천할 수 있도록 한다."
5~6,과학,물질,"⋅물질은 여러 가지 상태로 존재하며, 구성 입자의 운동에 따라 물질의 상태와 물리적 성질이 변한다.
⋅물질의 상태 변화 및 화학 반응에는 에너지 출입이 수반되며, 이는 일상생활에 유용하게 활용
된다.
⋅물질은 서로 구분할 수 있는 고유한 특성을 가지며, 물질의 특성은 일상생활의 다양한 혼합물 
분리에 이용된다.
⋅화학 반응을 통해 물질은 다른 물질로 변하며, 화학 반응의 규칙성은 새로운 물질의 생성 
원리가 된다.","⋅지시약
⋅산성 용액
⋅염기성 용액",[6과09-01],여러 가지 용액에 지시약을 넣었을 때의 변화를 관찰하여 용액을 산성 용액과 염기성 용액으로 분류할 수 있다.,여러 가지 용액에 지시약을 넣었을 때 나타나는 색깔 변화를 관찰하여 산성과 염기성으로 분류할 수 있다.,지시약에 따른 색깔 변화를 관찰하여 같은 성질을 지닌 용액끼리 모을 수 있다.,용액에 지시약을 넣었을 때 나타나는 색깔 변화를 관찰할 수 있다.,"• [6과09-01] 리트머스 시험지, 페놀프탈레인 용액, 붉은 양배추 용액 등과 같은 지시약의 색깔 
변화를 이용하여 여러 가지 용액을 산성 용액과 염기성 용액으로 분류하도록 한다."
5~6,과학,물질,,,[6과09-02],"산성 용액과 염기성 용액의 성질을 관찰하고, 산성 용액과 염기성 용액을 섞을 때 용액의 성질 변화를 실험을 통해 추론할 수 있다.","용액의 성질을 설명하고, 섞었을 때 나타나는 지시약의 색깔 변화로 용액의 성질 변화를 설명할 수 있다.","산성과 염기성 용액의 성질을 관찰 설명하고, 섞었을 때의 색깔 변화를 기술할 수 있다.",산성 용액과 염기성 용액의 성질을 관찰하여 설명할 수 있다.,"• [6과09-02] 산성 용액은 탄산 칼슘과 반응하고 염기성 용액은 단백질과 반응하는 성질을 
중심으로 다룬다. 산성 용액과 염기성 용액을 섞을 때 용액의 성질 변화에서 지시약이 들어 
있는 용액의 색깔이 변하는 현상을 관찰하는 수준에서만 다루고 중성, pH, 중화 개념은 
다루지 않는다."
5~6,과학,물질,,"⋅산성 용액
⋅염기성 용액",[6과09-03],우리 주변에서 산성 용액과 염기성 용액을 이용하는 예를 찾아서 설명할 수 있다.,우리 주변에서 산성 용액과 염기성 용액을 이용하는 사례를 조사하여 설명할 수 있다.,우리 주변에서 산성 용액이나 염기성 용액을 이용하는 사례를 조사하여 말할 수 있다.,산성 용액이나 염기성 용액을 이용하는 사례를 말할 수 있다.,
5~6,과학,물질,,"⋅산성 용액
⋅염기성 용액",[6과09-04],산성화로 인한 환경의 피해 사례를 소개하는 자료를 만들고 공유할 수 있다.,"산성화 피해의 심각성을 인식하고, 문제 해결을 위해 관련 사례 소개 자료를 만들어 공유할 수 있다.","산성화로 인한 환경 피해 사례를 조사하고, 산성화로 인한 환경 문제에 관심을 가진다.",산성화로 인해 환경에 피해가 생길 수 있음을 말할 수 있다.,
5~6,과학,운동과 에너지,"⋅자연과 일상생활 속의 여러 가지 힘은 물체의 속력과 운동 방향을 변화시키고, 물체의 운동은 
힘과 에너지를 통해 예측할 수 있으며, 이는 안전한 일상생활의 토대가 된다.
⋅전하와 전류는 다양한 전기와 자기 현상을 일으키고, 전기와 자기에 대한 성질은 전구, 전동기 
등 여러 가지 전기 기구의 작동 원리로 유용하게 활용된다.
⋅열은 온도가 높은 곳에서 낮은 곳으로 이동하며, 일상생활에서는 단열 등 다양한 분야에 물질의 
열적 성질이나 열의 이동 방식이 이용된다.
⋅빛과 소리는 반사, 굴절, 진동 등 파동의 특성을 가지며, 그 특성은 거울, 렌즈, 악기, 색의 구현 
등 편리하고 심미적인 삶에 도움이 된다.","⋅위치의 변화
⋅속력
⋅속력과 안전",[6과10-01],운동하는 물체는 시간에 따라 위치가 변화함을 알고 그 변화를 표현할 수 있다.,"운동 사례 관찰로 위치가 변한다는 특징을 이해하고, 그 변화를 표현할 수 있다.",운동하는 물체의 사례를 관찰하여 운동하는 물체는 시간에 따라 위치가 변함을 말할 수 있다.,운동하는 물체의 위치가 변함을 말할 수 있다.,"• [6과10-01] 시간에 따라 위치가 변하는 다양한 운동을 다루면서 처음 위치와 나중 위치를 
간단한 좌표 평면 위에 표현하되 두 위치 사이의 거리는 구하지 않는다."
5~6,과학,운동과 에너지,,,[6과10-02],물체의 이동 거리와 걸린 시간을 측정하여 속력을 구하고 빠르기를 비교할 수 있다.,"물체들의 이동 거리와 걸린 시간을 측정하여 속력을 비교하고, 단위와 함께 표현할 수 있다.",같은 시간 동안 물체가 이동한 거리를 측정하여 운동하는 물체의 빠르기를 비교할 수 있다.,운동하는 물체의 이동 거리와 걸린 시간을 측정할 수 있다.,"• [6과10-02] 물체의 속력을 구할 때 물체가 한 길을 따라 한 방향으로 운동하는 경우만 
다루며, 속력의 단위 변환에 중점을 두지 않는다."
5~6,과학,운동과 에너지,,,[6과10-03],속력과 관련된 안전 수칙과 안전장치를 조사한 결과를 공유하고 일상생활에서 교통안전을 실천할 수 있다.,"안전 수칙과 장치를 조사 공유하고, 조사 내용을 바탕으로 일상생활에서 교통안전을 실천한다.","속력과 관련된 안전 수칙과 안전장치를 조사하고, 실천할 수 있는 행동을 말할 수 있다.",일상생활에서 속력과 관련된 안전 수칙과 안전장치를 찾을 수 있다.,
5~6,과학,생명,"⋅생물은 세포로 이루어져 있고, 여러 구성 단계가 유기적으로 연관되어 있으며, 조화로운 작용을 
통해 건강한 몸을 유지한다.
⋅식물은 광합성으로 양분을 만들며, 생물은 호흡을 통해 생명 활동에 필요한 에너지를 얻는다.
⋅동물은 다양한 감각 기관을 통해 자극을 받아들이고, 신경계와 호르몬의 작용을 통해 반응한다.
⋅생물은 생식을 통해 자손을 생산하고, 생물의 형질은 유전자에 의해 자손에게 전달되며, 생물의 
유전 현상은 사람의 가계에서도 관찰된다.
⋅우리 주변의 다양한 생물은 환경과 영향을 주고받으며 밀접한 관계를 맺고 있으며, 생물다양성은 
생태계와 인간의 삶과도 밀접하게 관련되어 있다.",⋅세포의 구조,[6과11-01],생물을 이루고 있는 기본 단위인 세포를 현미경으로 관찰할 수 있다.,"세포의 개념을 이해하고 표본 현미경 관찰을 통해 세포의 핵, 세포벽 등을 관찰할 수 있다.",식물 세포 영구 표본을 이용하여 현미경으로 세포의 핵을 찾을 수 있다.,현미경 관찰을 통해 생물을 이루고 있는 기본 단위가 세포임을 말할 수 있다.,"• [6과11-01] 세포 관찰은 식물 세포로 하고, 세포의 구조는 핵, 세포막, 세포벽을 용어 
수준에서 다룬다."
5~6,과학,생명,,"⋅뿌리, 줄기, 잎, 꽃의 
구조와 기능
⋅증산 작용
⋅광합성 산물",[6과11-02],"식물의 각 기관의 구조를 관찰하고, 기능을 알아보는 실험을 수행하여 식물 각 기관의 구조와 기능을 설명할 수 있다.","관찰 및 실험을 통해 각 기관의 기능을 이해하고, 각각의 기관이 연결되어 있음을 설명할 수 있다.","실험을 통해 식물의 뿌리, 줄기, 잎, 꽃의 구조와 각각의 기능을 말할 수 있다.","식물을 관찰하여 뿌리, 줄기, 잎, 꽃으로 구분할 수 있다.","• [6과11-02] 식물의 기관에서 물과 양분의 이동을 탐구하면서 식물의 기관이 서로 연결되어 
있음을 다룬다."
5~6,과학,생명,,,[6과11-03],여러 가지 식물의 특징을 설명하는 자료를 만들어 공유할 수 있다.,"식물의 구조와 기능을 관찰 조사하고, 이를 설명하는 자료를 만들어 발표하고 공유할 수 있다.",여러 가지 식물의 특징을 설명하는 자료를 만들 수 있다.,여러 가지 식물의 특징을 말할 수 있다.,"• [6과11-03] 학생들이 관심 있는 식물의 구조와 기능을 관찰하거나 조사하고 이를 설명하는 
자료를 만들어 발표하고 공유하게 한다."
5~6,과학,지구와 우주,"⋅지구계는 지권, 수권, 기권, 생물권 등으로 구성되며, 이러한 지구계 구성 요소들이 상호작용을 
통해 에너지와 물질을 교환하는 과정에서 다양한 자연 현상들이 발생한다.
⋅암석과 화석, 지구 내부를 탐구함으로써 지질시대 동안 지구 환경과 생물의 변천 과정을 밝혀낼 
수 있다.
⋅물은 땅과 바다, 대기 등으로 끊임없이 순환하면서 지표의 특징을 변화시키고 지하구조를 만든다.
⋅지구의 기후시스템은 태양 복사와 지구 복사, 인간 활동 등의 영향을 받으며, 이러한 요인들이 
복합적으로 상호작용하여 나타난 기상 현상과 기후변화는 우리 생활과 지속가능성에 영향을 미친다.
⋅태양계는 행성 및 소천체 등으로 구성되며, 생성 과정에 따라 태양계 천체의 표면은 다양하게 
나타난다.
⋅별의 표면 온도, 크기, 질량, 거리 등을 결정하는 데 관측 자료와 증거 기반 해석 등이 활용된다.","⋅태양과 별의 위치 
변화",[6과12-01],하루 동안 태양과 별을 관찰하여 위치 변화의 규칙성을 찾을 수 있다.,"관측자 관점에서 태양과 별의 위치 변화를 기록하고, 규칙성을 찾아 설명할 수 있다.","관측자 관점에서 하루 동안 태양과 별을 관찰 기록하여, 위치가 달라짐을 설명할 수 있다.",하루 동안 태양과 별의 위치가 달라짐을 말할 수 있다.,"• [6과12-01] 남쪽 하늘을 바라보는 관측자 관점에서 태양과 별의 위치가 달라지는 현상을 
중심으로 다룬다."
5~6,과학,지구와 우주,,⋅지구의 자전과 공전,[6과12-02],"지구의 자전을 알고, 낮과 밤이 생기는 이유를 설명할 수 있다.","지구가 하루 한 바퀴 도는 것을 알고, 모형실험을 통해 낮과 밤의 원인을 자전으로 설명할 수 있다.",모형실험을 통해 낮과 밤이 생기는 이유를 지구의 자전으로 설명할 수 있다.,지구의 자전에 따라 낮과 밤이 생기는 현상을 관찰할 수 있다.,"• [6과12-02] 지구의 자전에서는 지구가 자전축이 기울어진 채 하루에 한 바퀴 도는 것을 
중심으로 다룬다."
5~6,과학,지구와 우주,,"⋅지구의 자전과 공전
⋅계절별 별자리 변화",[6과12-03],"지구의 공전을 알고, 계절에 따라 달라지는 별자리를 관찰할 수 있다.","지구의 공전을 알고, 천체 관측 프로그램을 이용하여 계절별 별자리를 관찰하고 설명할 수 있다.",천체 관측 프로그램을 이용하여 계절에 따라 달라지는 별자리를 관찰할 수 있다.,계절에 따라 별자리가 달라진다는 것을 말할 수 있다.,"• [6과12-03] 별자리 명칭보다는 계절에 따라 보이는 별자리와 별자리의 위치가 달라지는 
까닭을 이해하는 데 초점을 둔다."
5~6,과학,지구와 우주,,⋅태양 고도의 일변화,[6과13-01],"태양 고도 측정기로 하루 동안 태양 고도, 그림자 길이, 기온을 측정하여 이들의 관계를 찾을 수 있다.","하루 동안 태양 고도, 그림자 길이, 기온을 측정하고, 이들의 관계를 찾아 설명할 수 있다.","하루 동안 태양 고도를 측정하고, 태양 고도의 변화를 설명할 수 있다.","태양 고도의 의미를 이해하고, 태양 고도를 측정할 수 있다.",
5~6,과학,지구와 우주,,"⋅태양 고도의 일변화
⋅계절별 낮의 길이",[6과13-02],계절에 따른 태양의 남중 고도와 낮의 길이 사이의 관계를 자료에 근거하여 추론할 수 있다.,"디지털 자료를 활용하여 남중 고도와 낮의 길이를 조사하고, 자료에 근거해 관계를 추론할 수 있다.","디지털 자료로 조사하여, 태양의 남중 고도에 따라 낮의 길이가 달라진다는 것을 설명할 수 있다.","디지털 자료를 활용하여 계절별 태양의 남중 고도, 낮의 길이를 조사할 수 있다.",
5~6,과학,지구와 우주,,"⋅지구의 자전과 공전
⋅태양 고도의 일변화",[6과13-03],계절 변화의 원인을 지구의 자전축이 기울어진 채 공전하는 것으로 설명할 수 있다.,계절 변화 원인을 자전축 기울기와 공전에 따른 태양의 남중 고도 변화로 설명할 수 있다.,계절의 변화가 지구의 자전축이 기울어진 채 공전하는 것과 관련이 있음을 말할 수 있다.,계절 변화가 지구의 자전축 기울기와 관련 있다는 것을 말할 수 있다.,"• [6과13-03] 지구 자전축이 기울어진 채 공전하기 때문에 계절에 따라 태양의 남중 고도가 
달라져 지표가 받는 태양 에너지의 차이로 계절의 변화가 생김을 이해하게 한다."
5~6,과학,물질,"⋅물질은 여러 가지 상태로 존재하며, 구성 입자의 운동에 따라 물질의 상태와 물리적 성질이 변한다.
⋅물질의 상태 변화 및 화학 반응에는 에너지 출입이 수반되며, 이는 일상생활에 유용하게 활용
된다.
⋅물질은 서로 구분할 수 있는 고유한 특성을 가지며, 물질의 특성은 일상생활의 다양한 혼합물 
분리에 이용된다.
⋅화학 반응을 통해 물질은 다른 물질로 변하며, 화학 반응의 규칙성은 새로운 물질의 생성 
원리가 된다.",,[6과14-01],물질의 성질이 달라지는 변화와 달라지지 않는 변화를 관찰하여 비교할 수 있다.,섞기 전후의 성질을 비교하여 성질이 달라지는 변화와 그렇지 않은 변화가 있음을 추론할 수 있다.,서로 다른 물질을 섞은 후 나타나는 변화를 관찰하여 물질의 성질이 달라질 수 있음을 설명할 수 있다.,서로 다른 물질을 섞었을 때 물질의 성질이 달라질 수 있음을 말할 수 있다.,"• [6과14-01] 서로 다른 물질을 섞었을 때 물질의 성질이 달라지는 변화를 활용한 재미있고 
간단한 실험을 실시한다. 물질을 섞은 후 물질의 성질이 달라지는 까닭은 다루지 않으며, 
물리 변화나 화학 변화 용어를 도입하지 않는다."
5~6,과학,물질,,⋅연소 조건,[6과14-02],"물질이 연소할 때 나타나는 공통적인 현상을 관찰하고, 연소의 조건을 찾을 수 있다.","여러 연소 사례를 통해 공통 현상을 관찰하고, 연소에 필요한 조건을 설명할 수 있다.","물질이 타는 여러 사례를 관찰하고, 공통적인 현상을 찾아 말할 수 있다.",물질이 탈 때 나타나는 현상을 관찰하여 말할 수 있다.,"• [6과14-02] 양초, 알코올, 나무 등과 같은 물질의 연소를 중심으로 다룬다."
5~6,과학,물질,,⋅연소 생성물,[6과14-03],연소 전과 후의 물질을 비교하여 연소 과정에서 물질의 성질이 달라짐을 설명할 수 있다.,"연소 생성물 확인 실험에서 전후 물질을 비교함으로써, 연소 과정에서 성질이 달라짐을 말할 수 있다.",연소 생성물을 확인하는 실험에서 연소 전과 후의 물질을 비교할 수 있다.,연소 후 생성되는 물질이 있음을 말할 수 있다.,"• [6과14-03] 물이나 이산화 탄소와 같은 연소 생성물은 염화 코발트 종이나 석회수 등을 
이용한 실험으로 확인하고, 그을음은 연소 생성물로 다루지 않는다."
5~6,과학,물질,,⋅연소 생성물,[6과14-04],연소 과정에서 생성되는 물질로 인한 생태계의 피해 사례를 수집하고 분석하여 해결책을 제안하고 공유할 수 있다.,"연소 생성물로 인한 생태계 피해 사례를 수집 분석하고, 해결책을 찾아 공유할 수 있다.",생성되는 물질로 인한 생태계의 피해 사례를 수집하고 분석할 수 있다.,연소 생성물로 인한 생태계 피해 사례가 있음을 말할 수 있다.,"• [6과14-04] 생태계의 피해 사례는 연소 생성물 중 이산화 탄소로 인한 피해 사례를 중
심으로 조사한다."
5~6,과학,운동과 에너지,"⋅자연과 일상생활 속의 여러 가지 힘은 물체의 속력과 운동 방향을 변화시키고, 물체의 운동은 
힘과 에너지를 통해 예측할 수 있으며, 이는 안전한 일상생활의 토대가 된다.
⋅전하와 전류는 다양한 전기와 자기 현상을 일으키고, 전기와 자기에 대한 성질은 전구, 전동기 
등 여러 가지 전기 기구의 작동 원리로 유용하게 활용된다.
⋅열은 온도가 높은 곳에서 낮은 곳으로 이동하며, 일상생활에서는 단열 등 다양한 분야에 물질의 
열적 성질이나 열의 이동 방식이 이용된다.
⋅빛과 소리는 반사, 굴절, 진동 등 파동의 특성을 가지며, 그 특성은 거울, 렌즈, 악기, 색의 구현 
등 편리하고 심미적인 삶에 도움이 된다.",⋅전기 회로,[6과15-01],"전지와 전구, 전선을 연결하여 전구에 불을 켜보고, 불이 켜지는 전기 회로의 특징을 말할 수 있다.","전구에 불이 켜지는 전기 회로에서 전지, 전구, 전선의 연결 특징을 설명할 수 있다.",불이 켜지는 회로와 켜지지 않는 회로를 비교하여 차이점을 찾을 수 있다.,"전지, 전구, 전선을 연결하여 전구에 불을 켤 수 있다.",
5~6,과학,운동과 에너지,,"⋅전기 회로
⋅전지의 직렬연결",[6과15-02],전지 한 개를 연결한 전기 회로와 전지 두 개를 직렬연결한 전기 회로의 특징을 비교할 수 있다.,전지 직렬연결 개수에 따른 회로의 특징(전구 밝기 등)을 서로 비교하여 설명할 수 있다.,전지 한 개 회로와 두 개 직렬연결 회로에서 전구의 밝기를 비교할 수 있다.,전지 한 개 회로와 전지 두 개 직렬연결 회로를 만들 수 있다.,"• [6과15-02] 전구의 직렬연결과 병렬연결은 다루지 않고, 전지의 연결은 직렬연결만 다룬다."
5~6,과학,운동과 에너지,,⋅전자석,[6과15-03],전자석을 만들어 전자석의 성질을 탐색하고 전자석이 사용되는 예를 조사할 수 있다.,"전자석 성질을 영구 자석과 비교 탐색하고, 사용 사례를 전자석 성질과 관련지어 설명할 수 있다.","실험을 통해 전자석 세기와 방향을 바꾸는 방법을 찾고, 사용 예를 조사할 수 있다.",전자석을 만들어 전기가 흐르면 자석의 성질을 갖는 것을 관찰할 수 있다.,"• [6과15-03] 전자석은 전지를 이용하여 제작하고, 전지의 수에 따라 전자석의 세기가 달라
지는 현상, 전지의 연결 방향에 따라 전자석의 극이 달라지는 현상을 관찰하여 영구 자석
과의 차이를 비교하도록 하되, 전류에 의한 자기장 개념은 도입하지 않는다."
5~6,과학,운동과 에너지,,⋅전기 안전,[6과15-04],전기를 효율적이고 안전하게 사용하는 방법을 조사하여 실천 계획을 세우고 일상생활에서 실천할 수 있다.,일상생활에서 효율적이고 안전한 전기 사용 방법에 관한 적절한 계획을 세워 실천할 수 있다.,효율적이고 안전한 전기 사용 방법을 조사할 수 있다.,효율적이고 안전한 전기 사용의 중요성을 인식한다.,
5~6,과학,과학과 사회,"⋅과학 탐구를 통해 얻은 과학기술은 질병의 발생 원인 규명과 예방법 마련 등 인류 복지에 기여하고, 
인류가 처한 여러 가지 재난 상황 극복에 활용된다.
⋅과학기술은 자원과 에너지 등의 효율적 이용 방안을 제공하여 지속가능한 사회에 기여한다.
⋅과학기술의 발달은 미래 사회의 모습과 직업에 영향을 미치며, 개인은 이러한 미래 사회의 모습과 
새로운 진로를 탐색하며 자신의 삶을 준비한다.",,[6과16-01],"미래 사회에 일어날 수 있는 문제를 조사하고, 문제를 해결하는 데 과학이 기여할 수 있는 방법을 토의할 수 있다.","미래 사회 문제를 조사 분석하고, 이를 해결하는 데 과학이 기여하는 방법을 토의할 수 있다.",미래 사회 문제를 해결하는 데 과학이 기여할 수 있는 방법을 말할 수 있다.,미래 사회 문제 해결에 과학이 필요함을 말할 수 있다.,"• [6과16-01] 단순한 상상이 아니라 현재의 다양한 정보를 기반으로 미래 사회의 문제를 
예상해보도록 한다."
5~6,과학,과학과 사회,,"⋅진로와 과학의 관련성
⋅진로 계획",[6과16-02],"다양한 진로가 과학과 관련됨을 알고, 자신의 진로를 과학과 관련지어 설명할 수 있다.","다양한 진로와 과학의 관련성을 조사하고, 나의 진로와 과학과의 관련성을 설명할 수 있다.",다양한 진로와 과학과의 관련성을 조사하여 설명할 수 있다.,다양한 진로와 과학의 관련성을 말할 수 있다.,"• [6과16-02] 과학자와 관련된 직업을 다루는 것이 아니라 학생이 희망하는 다양한 직업을 
기준으로 하여 해당 직업과 관련된 과학적 요소를 찾도록 한다."
5~6,실과,인간 발달과 주도적 삶,"⋅인간 발달에 대한 이해는 자립적인 삶을 이끌고 타인과의 건강한 관계를 형성하는 기초가 된다. 
⋅일상에서 직면하는 문제에 대처할 수 있는 역량은 개인 및 가족의 긍정적 발달과 행복한 일상의 삶을 주도적으로 
이끌 수 있게 한다. 
⋅일상에서 직면하는 상호 존중과 협력적 소통에 기반한 관계맺음의 경험은 건강한 대인 관계를 확장하는  
밑거름이 된다.
⋅가정일과 생활 습관은 변화하는 일상에서 개인 및 가족의 요구와 문제를 해결해 나갈 수 있게 하면서 생활방식과 
진로를 스스로 개척하고 성장하기 위한 바탕이 된다.",⋅아동기 발달과 자기이해,[6실01-01],아동기의 발달 특징을 이해하고 성장발달에 필요한 조건과 방법을 탐색한다.,"아동기 발달 특징을 이해하고 성장발달에 필요한 조건과 방법을 탐색하며, 발달에는 개인차가 있음을 알아 자신과 타인의 발달에 대해 존중하는 태도를 갖는다.","아동기 발달 특징을 이해하고 성장발달에 필요한 조건과 방법을 탐색하며, 자신과 타인의 발달을 긍정적으로 수용하는 태도를 갖는다.",아동기 발달의 특징을 이해하여 성장발달에 필요한 조건을 확인한다.,"• [6실01-01] 이 성취기준은 아동기의 신체, 사회⋅정서, 성, 진로 발달의 특징을 이해하
여 자신이 여러 영역에서 발달과정에 있다는 것과 발달의 개인차가 있다는 것을 인식하
도록 한다. 또한 건강하게 발달하기 위해서는 가족이나 어른들의 도움만이 아니라 자신의 
다양한 노력이 필요함을 이해하여 이를 실천한다."
5~6,실과,인간 발달과 주도적 삶,,"⋅아동기 발달과 자기이해
⋅자립적 일상생활",[6실01-02],"건강한 발달을 위한 자기 관리 방법을 탐색하고, 일상생활 속에서 올바른 생활습관과 태도를 갖도록 계획하여 실천한다.","건강한 발달을 위한 조건과 이를 위해 자기 관리가 필요함을 이해하고, 일상생활 속에서 올바른 생활습관과 태도를 갖도록 자기관리 방법을 계획하여 실천한다.","건강한 발달을 위한 조건과 자기 관리 필요성을 이해하고, 일상생활 속에서 올바른 생활습관과 태도를 갖도록 자기 관리 방법을 계획한다.",건강한 발달을 위한 조건을 이해하고 일상생활 속 자기 관리 방법을 탐색한다.,
5~6,실과,인간 발달과 주도적 삶,,⋅가정생활과 가정일,[6실01-03],건강한 가정생활을 위해 가족원 모두에게 다양한 요구가 있음을 이해하여 서로에 대한 배려와 돌봄을 실천한다.,"건강한 가정생활을 위해서는 가족원 모두에게 있는 다양한 요구에 대해 배려와 돌봄이 필요함을 이해하고, 이를 실천한다.",건강한 가정생활을 위해서는 가족원 모두에게 있는 다양한 요구에 대해 배려와 돌봄이 필요함을 이해한다.,가족에게는 가정생활 속에서 모두 다양한 요구가 있음을 이해한다.,"• [6실01-03] 이 성취기준은 삶의 기본적 조건인 의식주생활을 충족시키는 가족의 역할은 
가족이 처한 상황이나 조건에 따라 다양할 수 있음을 알도록 하며, 이 과정에서 가정생활
의 중요성과 가정일에 있어서 협력적 소통에 기반한 가족의 역할 분담에 대해 이해하고 
실천하도록 한다."
5~6,실과,인간 발달과 주도적 삶,,⋅균형 잡힌 식사,[6실01-04],균형 잡힌 식사의 중요성과 조건을 탐색하여 자신의 식습관을 검토해 보고 건강한 식습관 형성에 적용한다.,"균형 잡힌 식사의 중요성과 조건을 이해하고 자신의 식습관이 이에 해당되는지 검토, 평가하여 건강한 식습관이 형성될 수 있도록 실천하는 태도를 갖는다.",균형 잡힌 식사의 중요성과 조건을 이해하고 자신의 식습관이 이에 해당되는지 검토하며 건강한 식습관 형성을 위해 관심을 가진다.,균형 잡힌 식사의 중요성을 이해하고 자신의 식습관을 확인한다.,
5~6,실과,인간 발달과 주도적 삶,,⋅옷의 기능과 옷차림,[6실01-05],옷의 기능을 이해하여 평소 자신의 옷차림을 살펴보고 건강하고 적절한 옷 입기를 실천한다.,"옷의 기능을 이해하고 이를 중심으로 평소 자신의 옷차림을 검토, 평가할 수 있으며, 이에 따라 건강하고 적절한 옷차림을 주도적으로 실천하려는 태도를 갖는다.","옷의 기능을 이해하고 이를 중심으로 평소 자신의 옷차림에 대해 검토, 평가한다.",옷의 기능을 이해하고 평소 자신의 옷차림에 대해 검토한다.,"• [6실01-05] 이 성취기준은 옷이 자기 몸을 보호하고 활동을 편하게 하면서 자신을 표현
하는 수단임을 이해하도록 하여 때와 장소, 상황에 따라 건강, 안전, 위생, 예절을 고려한 
옷차림을 영위하는 능력과 태도를 기르도록 한다."
5~6,실과,인간 발달과 주도적 삶,,⋅가정생활과 가정일,[6실01-06],"가정일을 수행하는 과정에서 일의 가치와 중요성을 이해하고, 가정생활을 유지하는 데 필요한 가정일의 종류를 탐색한다.","가정일의 가치와 중요성, 가정생활에 미치는 영향을 이해하고 가정생활을 유지하는데 필요한 가정일의 종류를 분석하여 실제 가정일 수행에 참여하는 태도를 갖는다.",가정일의 가치와 중요성을 이해하고 가정생활을 유지하는데 필요한 가정일의 종류를 탐색한다.,가정일의 중요성과 가치를 이해한다.,
5~6,실과,인간 발달과 주도적 삶,,⋅진로 발달과 직업,[6실01-07],"직업의 필요성을 이해하고 적성, 흥미, 성격에 따라 진로 발달 계획을 세우고 주도적으로 탐색한다.","직업과 진로 발달 계획이 필요성을 이해하고 자신의 특성을 스스로 탐색한 후, 이에 따른 자신의 진로 발달계획을 세울 수 있다.",직업과 진로 발달 계획의 필요성을 이해하여 진로 발달계획을 세울 수 있다.,직업의 필요성과 진로 발달 계획이 필요함을 이해한다.,"• [6실01-07] 이 성취기준은 가정일 뿐 아니라 직업으로서 일에 대한 필요성을 알고 다양한 
직업 중에서 적성, 흥미, 성격 등의 특성을 고려하여 진로 발달 계획을 주도적으로 탐색
하도록 한다. "
5~6,실과,생활환경과 지속가능한 선택,"⋅삶의 욕구와 문제를 해결하는 과정에서 인간이 경험하는 생활자원의 제한성은 개인과 가족의 관리능력을 
요구한다. 
⋅생활의 기본 조건으로서 의식주 생활의 수행능력을 갖추는 일은 창의적이고 가치 있는 삶을 설계하고 영위할 
수 있는 기초가 된다. 
⋅변화하는 생활환경을 안전하고 건강하게 유지하고자 하는 개인과 가족의 책임 있는 행동을 통해 소비자 시민성을 
함양할 수 있다. 
⋅일상생활에서 지속가능한 선택을 지향하는 것은 현재 생활공동체와의 공존과 함께 미래 세대의 건강한 삶을 
위한 책임 있는 행동이다.",⋅생활자원의 특징,[6실02-01],"시간이나 용돈과 같은 생활자원이 제한되어 있음을 이해하고, 생활자원의 사용가치를 높이는 방법을 탐색한다.","시간이나 용돈과 같은 생활자원의 중요성과 제한성을 깊이 이해하고, 그에 따라 사용가치를 높이는 방법을 탐색하며 생활자원을 소중하게 여기는 태도를 갖는다.",시간이나 용돈과 같은 생활자원의 중요성과 제한성을 이해하여 생활자원의 사용가치를 높이는 방법을 탐색한다.,시간이나 용돈과 같은 생활자원의 제한성을 알고 생활자원의 사용가치를 확인한다.,
5~6,실과,생활환경과 지속가능한 선택,,⋅생활자원의 보관과 활용,[6실02-02],"생활자원 관리의 필요성을 인식하고, 합리적인 생활자원의 보관과 활용방법을 익힌다.",생활자원 관리의 필요성과 보관 및 활용의 중요성을 이해하여 합리적인 방법으로 생활자원을 보관하고 활용하며 소중하게 여기는 태도를 갖는다.,생활자원 관리의 필요성과 보관 및 활용의 중요성을 이해하여 합리적인 방법으로 생활자원을 보관하고 활용한다.,"생활자원 관리의 필요성을 이해하고, 생활자원의 보관과 활용방법을 확인한다.",
5~6,실과,생활환경과 지속가능한 선택,,"⋅생활자원의 보관과 활용
⋅지속가능한 의식주생활",[6실02-03],"생활자원의 올바른 사용이 가정과 환경에 도움이 됨을 이해하고 재활용, 재사용 등 환경을 고려한 관리 방법을 실천한다.","생활자원의 올바른 사용이 가정과 환경에 미치는 영향을 이해하고, 자신의 선택이 공동체의 삶과 환경에 미치는 영향을 고려하여 관리 방법을 실천하며 지속가능한 삶의 태도를 갖는다.",생활자원의 올바른 사용이 가정과 환경에 도움이 되는 것을 이해하고 환경을 고려한 관리 방법을 적용하며 생활자원을 소중하게 여기는 태도를 갖는다.,생활자원의 올바른 사용이 가정과 환경에 도움이 됨을 이해하고 환경을 고려한 관리 방법을 확인한다.,"• [6실02-03] 이 성취기준은 옷, 음식, 생활용품 등 생활자원은 올바른 사용 방법 및 사용 
후 버리기 여부의 선택과 처리 방법에 따라 또 다른 생활자원이나 혹은 쓰레기가 될 수 
있음을 알고 쓰레기 줄이기 및 분리배출 방법 등을 익혀 실천하도록 한다. 아울러 개인과 
가족의 자원 사용이 지구환경에 미치는 영향을 이해하여 생활자원을 소중히 여기고 지속
가능한 삶의 태도로서 나눔과 기부를 실천하도록 한다. "
5~6,실과,생활환경과 지속가능한 선택,,⋅식재료의 생산과 선택,[6실02-04],식재료 생산과 선택의 중요성을 인식하고 여러 식재료의 고유하고 다양한 맛을 경험하여 자신의 식사에 적용한다.,"식재료의 생산과 선택의 중요성을 이해하고 여러 식재료의 고유하고 다양한 특징을 경험하여 자신의 식사에 적용할 수 있으며, 친환경적인 식생활의 의미를 알고 지속가능한 식생활을 실천하려는 태도를 갖는다.",식재료의 생산과 선택의 중요성을 이해하고 식재료의 다양하고 고유한 맛을 경험하여 자신의 식사에 적용한다.,식재료의 생산과 선택의 중요성을 이해하여 여러 식재료의 다양한 맛을 경험한다.,"• [6실02-04] 이 성취기준은 자연에서 먹거리로 생산되는 다양한 식재료의 맛을 느끼고 즐
길 수 있으며 이 과정에서 맛에 대한 경험을 통해 자연이 주는 먹거리의 의미를 이해하고, 
이를 편식 교정 등에 적용할 수 있도록 한다. 특히 지역 및 제철 식품의 이용을 통해 친
환경적인 식생활의 의미를 알게 한다."
5~6,실과,생활환경과 지속가능한 선택,,⋅음식의 마련과 섭취,[6실02-05],음식의 조리과정을 체험하여 자신의 간식이나 식사를 스스로 마련하는 식생활을 실천한다.,식재료가 조리를 통해 음식이 되는 과정을 이해하고 자신의 간식이나 식사를 간단한 조리를 통해 만들 수 있으며 이후 스스로 조리를 통해 음식을 마련하려는 실천의 태도를 갖는다.,식재료가 조리를 통해 음식이 되는 과정을 이해하고 자신의 간식이나 식사를 간단한 조리를 통해 만들 수 있다.,식재료가 조리를 통해 음식이 되는 과정을 체험을 통해 이해한다.,
5~6,실과,생활환경과 지속가능한 선택,,,[6실02-06],"우리나라 밥상차림을 이해하고, 함께 식사하는 즐거움을 경험하면서 이 과정에서 식사 예절을 실천한다.","우리나라의 밥상차림의 특징을 이해하고, 함께 식사할 때의 즐거움을 경험하며 이 과정에서 식사 예절이 필요함을 인식하고 이를 실천하는 태도를 갖는다.","우리나라 밥상차림의 특징을 이해하고, 함께 식사할 때의 즐거움을 느끼고 식사 예절이 필요함을 인식한다.",우리나라 밥상차림의 특징을 이해하며 함께 식사하는 즐거움을 경험한다.,"• [6실02-06] 이 성취기준은 먹는다는 것의 의미와 음식문화의 기본으로서 우리나라의 고
유한 식사 형식인 밥상차림을 이해하도록 한다. 또한 음식을 준비하여 함께 먹는 의미와 
즐거움을 경험할 수 있도록 하며 이 과정에서 식사예절이 필요함을 인식하고 이를 실천할 
수 있도록 한다."
5~6,실과,생활환경과 지속가능한 선택,,⋅옷이나 생활용품의 구성,[6실02-07],의생활 용품이 만들어지는 과정을 탐색하여 옷이나 생활용품이 어떻게 구성되는지를 설명한다.,일상생활에서 사용하는 의생활 용품이 어떻게 구성되어 만들어 진 것인지 탐색하고 구성의 원리와 제작의 절차를 이해하여 설명한다.,일상생활에서 사용하는 의생활 용품이 만들어지는 과정을 탐색하여 옷이나 생활용품의 구성의 원리를 이해한다.,일상생활의 의생활 용품이 어떤 과정을 통해 만들어지는지 이해한다.,
5~6,실과,생활환경과 지속가능한 선택,,⋅지속가능한 의식주생활,[6실02-08],다양한 도구와 재료를 활용하여 간단한 생활용품을 만들어 보면서 직접 만들어 쓰는 즐거움과 창의적 태도를 가진다.,"다양한 도구와 재료를 활용하여 간단한 생활용품을 만들 수 있음을 이해하고 구성 원리와 제작 절차에 따라 직접 만들 수 있으며, 이 과정에서 만들어 쓰는 즐거움과 창의적 태도를 갖는다.",다양한 도구와 재료를 활용하여 간단한 생활용품을 만들 수 있음을 이해하고 직접 만드는 과정에서 만들어 쓰는 즐거움을과 창의적 태도를 갖는다.,다양한 도구와 재료를 활용하여 간단한 생활용품을 만들 수 있다.,"• [6실02-08] 이 성취기준은 다양한 바느질 도구와 재료를 활용하여 간단한 생활용품을 만
들어 보는 과정에서 즐거움과 의미를 느낄 수 있도록 한다. 아울러 이러한 활동을 통해 손 
조작 능력, 도전성, 창의성 등 다양한 능력을 향상할 수 있도록 한다. "
5~6,실과,생활환경과 지속가능한 선택,,,[6실02-09],간단한 옷의 수선 등 의생활과 관련된 문제를 스스로 해결하려는 태도를 가진다.,"일상생활 속 의생활과 관련된 문제를 이해하고 문제해결의 필요성을 인식하며, 간단한 수선 등 이를 해결하기 위한 방안을 탐색하여 스스로 해결한다.",일상생활 속 의생활과 관련된 문제를 이해하고 문제해결의 필요성을 인식하여 간단한 수선 등 이를 해결하기 위한 방안을 탐색한다.,일상생활 속 의생활과 관련하여 발생한 문제에 대하여 문제해결의 필요성을 인식한다.,
5~6,실과,생활환경과 지속가능한 선택,,⋅생활공간과 정리정돈,[6실02-10],"자신의 생활공간을 쾌적하고 위생적으로 관리하는 것의 중요성을 알고, 정리정돈과 청소 및 쓰레기 처리의 방법을 익혀 실천한다.","자신의 생활공간이 쾌적하고 위생적이 되기 위한 관리의 중요성과 필요성을 이해하고 정리정돈, 청소, 쓰레기 처리 등의 관리 방법을 탐색하여 실제 이를 실천하는 태도를 갖는다.","자신의 생활공간이 쾌적하고 위생적이 되기 위한 관리의 중요성과 필요성을 이해하고 정리정돈, 청소, 쓰레기 처리 등의 관리 방법을 탐색한다.",자신의 생활공간이 쾌적하고 위생적이 되도록 생활공간을 관리해야 하는 필요성을 이해한다.,
5~6,실과,생활환경과 지속가능한 선택,,⋅지속가능한 의식주생활,[6실02-11],생태 지향적 삶을 위해 자신의 의식주 생활에서 할 수 있는 구체적인 행동을 계획하여 실천한다.,자신의 의식주 생활에서 생태지향적인 삶의 필요성과 의미를 이해하여 이를 구체화 할 수 있는 방법을 탐색하고 계획하여 실천하려는 태도를 갖는다.,자신의 의식주 생활에서 생태지향적 삶의 필요성과 의미를 이해하여 이를 구체화 할 수 있는 방법을 탐색한다.,일상생활 속 생태지향적 삶의 필요성과 의미를 이해한다.,"• [6실02-11] 이 성취기준은 건강과 환경을 생각하고 배려의 마음이 깃든 생태 지향적 삶이 
왜 필요하고 중요한지를 이해하고, 평소 자신의 의식주 생활습관을 살펴보면서 이를 바탕
으로 하여 지속가능한 의식주생활을 위한 구체적인 행동을 계획하고 실천하도록 한다."
5~6,실과,기술적 문제해결과 혁신,"⋅기술은 인간의 필요와 욕구를 충족하기 위한 혁신적인 문제 해결 활동으로 인류 문명을 주도하고 사회⋅문화⋅
경제 등에 바람직한 영향을 끼치도록 활용되어야 한다. 
⋅인간은 기술적 문제 해결 과정을 통해 발명 문제를 창의적으로 해결하며, 지식재산에 대한 보호 및 발명과 
혁신은 기술의 가치를 높인다.
⋅창의적인 제품의 개발은 기술적 문제 해결 과정을 통해 이루어지며, 제품을 생산하기 위해서는 설계 활동 
및 다양한 재료와 도구의 활용이 필요하다. 
⋅친환경 에너지를 활용한 수송 수단은 자원의 고갈과 환경 문제를 극복하는 대안이며, 혁신적 수송 수단과 
물류 체제 구축은 제품의 효율적인 수송을 가능하게 한다. ",⋅발명의 의미와 발명품,[6실03-01],"발명의 의미를 이해하고, 일상생활을 바꾼 발명품을 탐색하여 발명과 기술에 대한 중요성과 가치를 인식한다.",발명의 의미를 이해하고 일상생활을 바꾼 발명품의 문제해결 사례를 탐색하여 발명과 기술의 중요성과 가치를 인식한다.,발명의 의미를 이해하고 일상생활을 바꾼 발명품의 사례를 탐색하여 발명과 기술의 중요성과 가치를 인식한다.,발명의 의미를 이해하고 발명과 기술에 대한 관심과 흥미를 갖는다.,"• [6실03-01] 이 성취기준은 발명의 의미를 발견과 비교하여 이해하도록 하고 일상생활에 
영향을 끼친 다양한 발명품 사례를 탐색하도록 한다. 또한 발명품 중에서 소외된 지역의 
사람들에게 도움을 주는 적정기술 사례를 찾아 나눔과 공유의 가치를 인식하도록 한다."
5~6,실과,기술적 문제해결과 혁신,,⋅기술적 문제 해결과 발명사고기법,[6실03-02],"발명사고기법과 기술적 문제 해결 과정을 이해하고, 다양한 재료를 활용하여 생활 속 문제를 해결할 수 있는 창의적인 제품을 구상하고 만들어 봄으로써 실천적 태도를 갖는다.",발명사고기법의 의미와 기술적 문제해결 과정을 이해하고 다양한 재료를 활용하여 생활 속 문제를 해결할 수 있는 창의적인 제품을 구상 및 제작하여 생활 문제 해결의 실천적 태도를 갖는다.,발명사고기법의 의미를 이해하고 생활 속 문제를 해결할 수 있는 창의적인 제품을 구상 및 제작하여 생활 문제 해결의 중요성을 인식한다.,발명사고기법의 의미를 이해하고 생활 속 문제를 해결할 수 있는 창의적인 제품을 탐색하여 창의적인 제품 만들기에 대한 관심과 흥미를 갖는다.,"• [6실03-02] 이 성취기준은 일상생활에서 불편한 문제를 찾고 이를 해결하기 위하여 다양
한 발명 사고 기법을 적용하여 개선된 아이디어를 내도록 한다. 이를 위해 기술적 문제해
결 과정(문제 확인, 아이디어 탐색 및 구체화, 실행, 평가)에 따라 창의적인 물건을 구상
하고 만들어서 공유하는 메이커 활동으로 연결되도록 한다. "
5~6,실과,기술적 문제해결과 혁신,,"⋅발명과 특허의 개념
⋅지식재산권의 중요성",[6실03-03],"발명과 특허의 관계를 이해하고, 특허 침해 사례를 통하여 지식재산권의 중요성을 인식하여 올바른 방법으로 활용한다.","발명과 특허의 관계와 지식재산권의 의미를 이해하고, 발명품의 특허 정보를 검색하고 침해 사례를 분석하여 지식재산권 활용의 올바른 태도를 갖는다.",발명과 특허의 관계를 이해하고 발명품의 특허 침해 사례를 조사하여 지식재산권의 중요성을 인식한다.,발명과 특허의 관계를 이해하고 지식재산권에 대한 관심과 흥미를 갖는다.,
5~6,실과,기술적 문제해결과 혁신,,⋅수송의 의미와 수송 수단의 발달,[6실03-04],수송의 의미와 수송 수단의 발달과정에 대한 이해를 바탕으로 생활 속 다양한 수송 수단을 탐색한다.,수송의 의미와 수송 수단의 발달과정을 이해하고 생활 속에서 이용되는 다양한 수송 수단을 탐색하여 중요성을 인식한다.,수송의 의미를 이해하고 생활 속에서 이용되고 있는 수송 수단을 탐색하여 수송 수단의 중요성을 인식한다.,수송의 의미를 이해하고 생활 속 수송 수단을 탐색한다.,
5~6,실과,기술적 문제해결과 혁신,,⋅수송 수단의 구성 요소,[6실03-05],"수송 수단의 구성 요소를 이해하고, 친환경 에너지를 적용한 다양한 수송 수단의 시제품을 만들어 수송기술의 가치를 인식한다.",수송 수단의 구성 요소를 이해하고 수송 수단의 구성 요소와 친환경 에너지를 적용한 수송 수단을 구상 및 제작함으로써 수송 기술의 가치를 인식한다.,수송 수단의 구성 요소를 이해하고 수송 수단의 구성 요소와 친환경 에너지를 적용한 수송 수단을 구상 및 제작한다.,수송 수단의 구성 요소를 이해하고 수송 수단의 구성 요소를 적용한 수송 수단을 구상 및 제작한다.,"• [6실03-05] 이 성취기준은 수송 수단의 기본 요소가 구동장치, 조향장치, 제동장치 등으
로 구성되어 있음을 일상생활에서의 수송 수단 사례를 들어 설명하여 간단한 수송 수단을 
만들고 공유하는 메이커 활동으로 연결한다. 수송 수단의 구동장치를 작동시키기 위하여 
태양광 전지와 같은 친환경 에너지를 사용하여 수송 수단을 만들어 보면서 수송기술의 
중요성과 가치를 인식하도록 한다."
5~6,실과,지속가능한 기술과 융합,"⋅건설기술은 쾌적하고 편리하며 안전한 생활을 위한 다양한 설계와 시공 및 유지관리 방법을 적용하고 있으며, 
다른 산업의 수행을 위한 기반 요소로서 가치를 가진다.
⋅로봇은 기계요소, 전기전자 등의 하드웨어와 이를 제어하는 소프트웨어로 구성되며, 여러 가지 기술과 지식이 
적용된 첨단 융합기술의 산물로서 사회 각 분야에 활용된다.
⋅정보통신 기술의 발달은 시공간 극복을 통해 정보와 문화의 교류 및 세계화에 기여해왔으며, 다양한 기술과 
융합하여 인간을 새로운 영역으로 이끈다. 
⋅생명기술은 다양한 기술과 융합하여 발달하고 있으며, 식량자원의 활용과 농업의 순환체험은 지속가능한 미래
생활을 위한 기초가 된다.",⋅건설기술의 개념과 친환경 구조물,[6실04-01],"친환경 건설 구조물을 이해하고, 생활 속 건설 구조물을 탐색하여 간단한 구조물을 체험하면서 건설기술에 대한 가치를 인식한다.",친환경 건설 구조물을 이해하고 생활 속 건설 구조물을 탐색하여 간단한 구조물을 체험하면서 건설기술의 개념과 가치에 대해서 인식한다.,생활 속 건설 구조물을 탐색하여 간단한 구조물을 체험하면서 건설기술에 대한 가치를 인식한다.,생활 속 건설 구조물을 탐색하여 간단한 구조물을 체험하면서 건설기술에 대한 관심과 흥미를 갖는다.,"• [6실04-01] 이 성취기준은 건설기술의 의미와 특성에 대한 이해를 바탕으로 건설 구조물
에는 건축 구조물과 토목 구조물이 있음을 알고 건설 구조물을 탐색하는 체험 활동을 통해 
중등의 건설기술과 연계되도록 설정하였다. 특히, 최근 대두되고 있는 친환경 건설 구조
물의 사례를 탐색하고 간단한 구조물을 만드는 메이커 활동을 제시한다. "
5~6,실과,지속가능한 기술과 융합,,⋅디지털 기술의 특징과 디지털 콘텐츠의 종류,[6실04-02],"생활 속 디지털 기술의 중요성을 이해하고, 디지털 기기와 디지털 콘텐츠 저작 도구를 사용하여 발표 자료를 만들어 보면서 디지털 기기의 활용 능력을 기른다.",생활 속 디지털 기술의 의미와 중요성을 이해하고 디지털 기기와 디지털 콘텐츠 저작 도구로 발표 자료를 구상 및 제작함으로써 디지털 기술 활용에 대한 실천적 태도를 갖는다.,생활 속 디지털 기술의 의미와 중요성을 이해하고 디지털 기기와 디지털 콘텐츠 저작 도구로 발표 자료를 구상 및 제작함으로써 디지털 기술에 대한 관심과 흥미를 갖는다.,생활 속 디지털 기술의 의미와 중요성을 이해하고 디지털 기술에 대한 관심과 흥미를 갖는다.,
5~6,실과,지속가능한 기술과 융합,,,[6실04-03],"제작한 발표 자료를 사이버 공간에 공유하고, 건전한 정보기기의 활용을 실천한다.",디지털 기기와 디지털 콘텐츠 저작 도구를 사용하여 제작한 발표 자료를 사이버 공간에서 공유하고 올바른 정보윤리 사례 제시를 통해 건전한 정보기기 활용의 실천적 태도를 갖는다.,디지털 기기와 디지털 콘텐츠 저작 도구를 사용하여 제작한 발표 자료를 사이버 공간에서 공유하며 정보윤리의 중요성을 인식한다.,디지털 기기와 디지털 콘텐츠 저작 도구를 사용하여 제작한 발표 자료를 사이버 공간에서 공유한다.,"• [6실04-03] 이 성취기준은 활동으로 만든 발표 자료를 사이버 공간에 공유하는 방법에 
대한 이해를 바탕으로 자료를 공유할 때 개인 정보 및 저작권 보호의 중요성을 인식하고 
실천하도록 설정하였다. 여기에서는 정보윤리를 지키는 방법에 관해 사례나 구체적인 방
법을 제시하도록 한다."
5~6,실과,지속가능한 기술과 융합,,⋅로봇의 개념과 작동 원리,[6실04-04],"로봇의 개념과 구조를 이해하고, 생활 속 로봇 기능을 체험하여 로봇의 중요성을 인식한다.",로봇의 개념과 구조를 이해하고 생활 속 로봇 기능을 체험하여 로봇의 중요성과 가치를 인식한다.,로봇의 개념과 구조를 이해하고 생활 속 로봇 기능을 체험한다.,로봇의 개념을 이해하고 생활 속 로봇 기능을 체험한다.,
5~6,실과,지속가능한 기술과 융합,,,[6실04-05],"로봇의 종류와 활용 사례를 통해 작동 원리를 이해하고, 로봇에 대한 관심과 흥미를 가진다.",로봇의 종류와 활용 사례를 통해 로봇의 작동 원리를 이해하고 로봇 활용에 대한 실천적 태도를 갖는다.,로봇의 종류와 활용 사례를 통해 로봇의 작동 원리를 이해하고 로봇에 대한 관심과 흥미를 갖는다.,로봇의 활용 사례를 이해하고 로봇에 대한 관심과 흥미를 갖는다.,
5~6,실과,지속가능한 기술과 융합,,⋅로봇 융합기술의 이해,[6실04-06],"로봇의 융합 기술을 이해하고, 간단한 로봇을 만들어 코딩과 프로그램을 적용하여 동작시키는 체험을 통해 융합 기술의 가치를 인식한다.",로봇의 융합 기술을 이해하고 간단한 로봇을 만들어 코딩과 프로그램을 적용하여 동작시키는 과정의 체험을 통해 융합 기술의 가치를 인식한다.,로봇의 융합 기술을 이해하고 간단한 로봇을 만들어 코딩과 프로그램을 적용하여 동작시키는 과정을 체험한다.,로봇의 융합 기술을 이해하고 간단한 로봇을 만든다.,"• [6실04-06] 이 성취기준은 로봇에 다양한 정보기술이 융합되는 사례를 탐색하여 로봇과 
융합된 다양한 제품 개발에 대해 알고, 로봇의 다양한 센서와 동작을 위하여 블록 기반 
프로그램으로 제어할 수 있는 활동을 하도록 하였다. 여기에서는 ‘디지털 사회와 인공지
능’에서 학습한 블록 기반의 교육용 프로그래밍 도구를 활용하여 움직이는 간단한 인공지
능형 로봇을 제작하여 구동시켜 보면서 로봇의 작동 원리를 학습하도록 한다."
5~6,실과,지속가능한 기술과 융합,,"⋅생활 속 동식물의 이해
⋅동식물 자원의 분류",[6실04-07],생활 속 동식물 자원을 활용 목적에 따라 분류하고 이와 관련된 다양한 생명기술을 탐색한다.,생활 속 동식물 자원을 활용 목적에 따라 분류하고 다양한 생명기술을 탐색하여 동식물 자원과 생명기술의 중요성을 인식한다.,생활 속 동식물 자원을 활용 목적에 따라 분류하고 다양한 생명기술을 탐색한다.,생활 속 동식물 자원을 활용 목적에 따라 분류한다.,
5~6,실과,지속가능한 기술과 융합,,,[6실04-08],"생활 속 동식물을 기르고 가꾸는 방법을 알고, 동식물을 기르고 가꾸는 체험을 통해 생태 존중감을 가진다.",생활 속 동식물을 기르고 가꾸는 방법을 이해하고 동식물을 기르고 가꾸는 과정의 체험을 통해 생태 존중감을 갖는다.,생활 속 동식물을 기르고 가꾸는 방법을 이해하고 동식물을 기르고 가꾸는 과정을 체험한다.,생활 속 동식물을 기르고 가꾸는 방법을 이해한다.,
5~6,실과,지속가능한 기술과 융합,,⋅동식물 자원의 친환경 농업,[6실04-09],동식물 자원의 친환경 농업 사례를 통해 지속가능한 농업이 순환되고 있음을 인식하고 농업의 미래가치를 인식한다.,동식물 자원의 친환경 농업 사례를 통해 지속가능한 농업을 이해하고 동식물과 관련된 생명기술을 탐색함으로써 농업의 순환성 및 미래가치를 인식한다.,동식물 자원의 친환경 농업 사례를 통해 지속가능한 농업을 이해하고 동식물과 관련된 생명기술을 탐색함으로써 농업의 미래가치를 인식한다.,동식물 자원의 친환경 농업 사례를 통해 지속가능한 농업을 이해하고 동식물과 관련된 생명기술을 탐색한다.,"• [6실04-09] 이 성취기준은 친환경 농업에 대한 이해를 바탕으로 이를 이루기 위한 농업
사례들을 구분하여 지속가능한 농업이 이루어지기 위한 농업의 순환성을 이해하고 중요성을 
인식하도록 설정하였다. 특히, 지속가능성 농업의 순환에 대한 다양한 사례(예, 친환경 농
업, 스마트팜, 로컬 푸드, 푸드 마일리지 등)를 통해 학습하도록 한다."
5~6,실과,지속가능한 기술과 융합,,⋅농업과 농촌의 다원적인 역할,[6실04-10],생활 속에서 농업활동과 관련된 모습을 분석하고 이에 따른 농업활동을 체험하여 농업에 대한 관심을 두고 이를 생활 속에서 실천한다.,생활 속에서 농업활동과 관련된 모습을 분석하고 이에 따른 농업활동을 체험함으로써 농업에 대한 관심을 두고 농업활동을 생활 속에서 실천한다.,생활 속에서 농업활동과 관련된 모습을 분석하고 이에 따른 농업활동을 체험하여 농업에 대한 관심을 갖는다.,생활 속에서 농업활동과 관련된 모습을 분석하고 농업에 대한 관심을 갖는다.,"• [6실04-10] 이 성취기준은 생활 속에서 농업활동과 연관 지을 수 있는 모습에 대한 예측을 
바탕으로 다양한 농업활동 분야들을 알고 이와 관련된 농업활동 체험을 통해 농업에 대한 
관심과 흥미를 가질 수 있도록 설정하였다. 특히, 농업활동은 실내원예활동, 농업생산물 가공 
활동, 원예 및 동물치료 활동 등과 같은 생활상의 변화와 관련된 체험을 제시하도록 한다."
5~6,실과,지속가능한 기술과 융합,,"
⋅미래생활과 연관된 농업활동",[6실04-11],농업과 농촌의 다원적인 역할과 가치를 이해하고 미래 농업과 관련된 다양한 직업 세계를 탐색한다.,농업과 농촌의 다원적인 역할과 가치를 이해하고 미래 농업과 관련된 다양한 직업 세계를 탐색함으로써 농산업에 대한 올바른 진로관을 갖는다.,농업과 농촌의 다원적인 역할과 가치를 이해하고 미래 농업과 관련된 직업 세계를 탐색함으로써 농산업에 대한 관심을 갖는다.,농업과 농촌의 다원적인 역할과 가치를 이해한다.,"• [6실04-11] 이 성취기준은 농업과 농촌은 농산물 생산뿐 아닌 그 외에도 다원적인 역할을 
하고 있음을 이해하고 이에 대한 인식과 이해를 바탕으로 농업과 농촌에 대한 올바른 
진로역량을 기르기 위해서 설정하였다. 특히, 다원적인 농업과 농촌의 가치를 환경, 생태, 
사회, 문화적인 가치로 분류하여 이와 관련된 진로를 탐색하고 건전한 진로역량을 기르도록 
한다."
5~6,실과,디지털 사회와 인공지능,"⋅프로그래밍은 디지털 사회에서 발생하는 다양한 문제를 해결하는 데 도움을 준다.
⋅컴퓨터로 처리할 수 있는 데이터는 디지털 데이터이며, 문제 해결을 위한 명령은 명확한 절차가 필요하다.
⋅인공지능은 인간의 지능을 모방하여 만든 프로그램 시스템으로 생활 속의 다양한 분야에 영향을 미친다.","⋅컴퓨터의 개념
⋅문제 찾기와 문제 해결 절차",[6실05-01],컴퓨터를 활용한 생활 속 문제해결 사례를 탐색하고 일상생활 속 문제를 해결하기 위한 알고리즘을 다양한 방법으로 표현한다.,"다양한 사례를 조사하여 컴퓨터의 개념을 이해하고, 생활 속의 문제를 찾아 컴퓨터로 해결 가능한 문제 상황으로 분석하여 문제를 해결하기 위한 알고리즘을 다양한 방법으로 표현한다.","다양한 사례를 조사하여 컴퓨터의 개념을 이해하고, 생활 속의 문제를 찾아 컴퓨터로 해결 가능한 문제 상황으로 분석하여 문제를 해결하기 위한 알고리즘을 표현한다.","다양한 사례를 조사하여 컴퓨터의 개념을 이해하고, 생활 속의 문제를 찾아 컴퓨터로 해결 가능한지를 탐색한다.","• [6실05-01] 이 성취기준은 컴퓨터의 개념을 이해하고 다양한 문제 상황에서 컴퓨터가 활
용되는 사례 탐색을 통해 그 가치와 활용 방법을 알 수 있어야 한다. 일상생활에서 컴
퓨터를 활용해 해결할 수 있는 문제를 탐색하고, 문제 상황에 제시된 요소들을 분석해 문
제의 현재 상태와 목표 상태를 정의한다. 언플러그드 활동 등을 통한 문제 해결 과정을 
알고리즘으로 작성하기 위해 자연어, 의사코드(pseudocode), 순서도 등으로 문제 해결 
과정을 표현하도록 한다."
5~6,실과,디지털 사회와 인공지능,,⋅컴퓨터에게 명령하는 방법,[6실05-02],"컴퓨터에게 명령하는 방법을 체험하고, 주어진 문제를 해결하는 프로그램을 작성한다.","프로그래밍 과정에서 컴퓨터에게 명령하는 방법을 이해 및 활용하여, 주어진 문제를 해결하는 프로그램을 작성하는 과정에서 변수와 연산자 및 제어 구조를 적절히 활용하고, 컴퓨터를 활용해 해결 가능한 문제를 탐색해 나가려는 실천 의지를 갖는다.","프로그래밍 과정에서 컴퓨터에게 명령하는 방법을 이해 및 활용하여, 주어진 문제를 해결하는 프로그램을 작성하는 과정에서 제어구조를 활용하고, 컴퓨터를 활용해 문제를 해결하는 일의 중요성을 인식한다.","프로그래밍 과정에서 컴퓨터에게 명령하는 방법을 체험하고, 일부 코드를 참고해 주어진 문제를 해결하는 프로그램을 작성하는 과정에서 컴퓨터를 활용해 해결 가능한 문제에 대해 관심 갖는다.",
5~6,실과,디지털 사회와 인공지능,,⋅생활 속 인공지능,[6실05-03],"실생활의 문제를 해결하는 프로그램을 협력하여 작성하고, 산출물을 타인과 공유한다.","실생활 문제를 해결하는 프로그램을 협력하여 창의적으로 작성하고, 산출물을 타인과 공유하려는 실천 의지를 갖는다.","실생활 문제를 해결하는 프로그램을 협력하여 작성하고, 산출물을 타인과 공유하는 것의 가치를 인식한다.",실생활 문제를 해결하는 프로그램을 협력하여 작성한다.,
5~6,실과,디지털 사회와 인공지능,,⋅데이터의 종류와 표현,[6실05-04],"디지털 데이터와 아날로그 데이터의 특징을 이해하고, 인공지능에 활용할 수 있는 데이터의 유형이나 형태를 탐색한다.",디지털 데이터와 아날로그 데이터의 특징을 이해하고 데이터의 의미를 파악하여 인공지능에서 활용할 수 있는 데이터의 유형과 형태를 찾아 분류한다.,디지털 데이터와 아날로그 데이터의 특징을 이해하고 데이터의 의미를 파악하여 인공지능에서 활용할 수 있는 데이터의 유형과 형태를 파악한다.,디지털 데이터 혹은 아날로그 데이터의 특징을 이해하고 인공지능에서 활용할 수 있는 데이터의 유형이나 형태가 무엇인지 확인한다.,"• [6실05-04] 이 성취기준은 놀이⋅체험을 중심으로 생활 주변에서 접할 수 있는 디지털 및 
아날로그 데이터를 찾아 각각의 특징을 비교하는 과정을 통해 데이터의 의미를 이해하고, 
인공지능에 활용할 수 있는 숫자, 글자, 소리, 이미지 데이터의 유형이나 형태를 탐색할 
수 있도록 한다."
5~6,실과,디지털 사회와 인공지능,,⋅생활 속 인공지능,[6실05-05],"인공지능이 만들어지는 과정을 체험하고, 인공지능이 사회에 미치는 영향을 탐색한다.","인공지능이 만들어지는 과정을 탐색하여 인공지능의 개념과 원리를 이해하고, 인공지능이 사회 발전과 직업 변화에 미치는 영향을 탐색하려는 실천 의지를 갖는다.","인공지능이 만들어지는 과정을 탐색하여 인공지능의 개념과 원리를 이해하고, 인공지능이 사회에 미치는 영향을 파악하는 자세를 갖는다.",인공지능이 만들어지는 과정을 체험하며 인공지능의 개념을 이해한다.,"• [6실05-05] 이 성취기준은 기계학습이 적용된 간단한 인공지능 도구의 체험을 통해 기계
학습의 기본 원리를 이해하고 인공지능으로 인한 사회의 발전과 직업의 변화를 이해하여 인
공지능이 사회에 미치는 영향을 탐색할 수 있어야 한다."
5~6,체육,운동,"⋅운동은 체력과 건강을 관리하는 주요 방법으로, 생애 전반에 걸쳐 건강한 삶의 토대가 된다.
⋅체력은 건강의 기초가 되며, 건강은 신체적 특성에 맞는 운동과 생활 습관을 계획하고 관리함으로써 증진된다.
⋅인간은 생활 속에서 운동을 즐기고, 심신의 건강을 유지하며, 행복한 삶을 영위한다.",⋅건강 체력과 운동 체력,[6체01-01],건강 체력과 운동 체력의 의미와 요소를 파악하고 다양한 운동 방법을 탐색한다.,"건강 체력과 운동 체력의 의미와 요소를 명확하게 알고, 건강 체력과 운동 체력의 다양한 운동 방법을 구체적으로 설명할 수 있다.","건강 체력과 운동 체력의 의미와 요소를 대략적으로 알고, 건강 체력과 운동 체력의 다양한 운동 방법을 설명할 수 있다.","건강 체력과 운동 체력의 의미나 요소 중 일부를 대략적으로 알고, 건강 체력이나 운동 체력의 운동 방법을 제시할 수 있다.","● [6체01-01]은 3, 4학년군에서 학습한 기본 운동 방법을 체력 요소별로 구분하여 이해하고 체력 요소별로 다양한 운동 방법을 탐색하기 위해 설정하였다. 체력을 건강 체력과 운동 체력으로 구분하고, 유형별 체력 요소를 이해하며, 학습자 스스로 자신의 수준에 적합한 체력 요소별 운동 방법을 찾도록 한다."
5~6,체육,운동,,⋅체력 종류별 운동 방법,[6체01-02],건강 체력과 운동 체력을 측정하고 자신의 체력 수준에 맞는 운동을 시도한다.,"건강 체력과 운동 체력을 측정하여 자신의 체력 수준을 명확하게 알고, 자신의 체력 수준에 맞는 다양한 운동을 꾸준히 시도할 수 있다.","건강 체력과 운동 체력을 측정하여 자신의 체력 수준을 대략적으로 알고, 자신의 체력 수준에 맞는 일부 운동을 꾸준히 시도할 수 있다.",건강 체력과 운동 체력을 측정하여 자신의 체력 수준에 맞는 운동을 간헐적으로 시도할 수 있다.,"● [6체01-02]는 자신의 건강 체력과 운동 체력 수준을 파악하여 체력을 증진할 수 있는 다양한 운동 방법을 선택하고 실천하기 위해 설정하였다. 자신의 우수한 체력과 부족한 체력이 무엇인지를 파악하고, 특히 부족한 체력을 기르기 위해 체력 수준에 적합한 운동 방법을 탐색하여 꾸준하게 실천하도록 한다."
5~6,체육,운동,,"⋅운동과 성장 발달
",[6체01-03],성장 발달의 의미와 특성을 이해하고 운동과의 관계를 파악한다.,"성장 발달의 의미와 특성을 명확하게 알고, 운동이 성장 발달에 미치는 영향을 신체적ㆍ정서적ㆍ사회적 관점에서 예를 들어 구체적으로 설명할 수 있다.","성장 발달의 의미와 특성을 대략적으로 알고, 운동이 성장 발달에 미치는 영향을 신체적ㆍ정서적ㆍ사회적 관점 중 일부 관점에서 예를 들어 설명할 수 있다.","성장 발달의 의미를 대략적으로 알고, 운동이 성장 발달에 미치는 영향을 신체적ㆍ정서적ㆍ사회적 관점 중 일부 관점에서 제시할 수 있다.","● [6체01-03]은 자신의 성장 발달을 이해하고, 운동이 성장 발달에 미치는 긍정적인 영향을 이해하기 위해 설정하였다. 성장에 따른 신체적, 정서적 변화, 특히 제2차 성징에 대한 이해를 바탕으로 자신의 성장 발달 양상을 긍정적으로 파악하고, 사춘기에 운동이 신체적, 정서적, 사회적 성장 발달에 바람직한 영향을 미친다는 점을 이해하도록 한다."
5~6,체육,운동,,⋅안전한 생활 습관,[6체01-04],"운동 및 생활 속 위험 상황, 성장 발달을 저해하는 생활 방식의 문제점을 파악하고 예방 및 대처 방법을 익혀 안전하게 활동한다.","운동 및 생활 속 위험 상황과 성장 발달을 저해하는 생활 방식의 문제점을 명확하게 알고, 예방 및 대처 방법을 종합적으로 익혀 안전하게 활동할 수 있다.","운동 및 생활 속 위험 상황과 성장 발달을 저해하는 생활 방식의 문제점을 대략적으로 알고, 예방 및 대처 방법을 부분적으로 익혀 안전하게 활동할 수 있다.","운동 및 생활 속 위험 상황이나 성장 발달을 저해하는 생활 방식의 문제점 중 일부를 대략적으로 알고, 예방 및 대처 방법을 부분적으로 따라 활동할 수 있다.","● [6체01-04]는 운동과 일상생활에서 발생할 수 있는 다양한 안전사고의 유형과 성장 발달을 저해하는 생활 방식의 문제점을 파악하고 침착하게 대처하기 위해 설정하였다. 운동 시설이나 용⋅기구, 지상⋅수상⋅빙상 등의 다양한 운동 환경에서 발생할 수 있는 안전사고, 건강한 성장 발달에 부정적인 생활 습관(흡연, 음주, 약물 오⋅남용 등), 안전을 위협하는 생활 및 자연 환경을 탐색하며 건강하고 안전한 생활 습관을 실천하도록 한다."
5~6,체육,운동,,,[6체01-05],체력 운동을 끈기 있게 규칙적으로 수행한다.,체력 증진을 저해하는 개인적 조건과 환경적 조건 모두를 고려하여 전반적으로 극복하며 체력 운동을 끈기 있게 규칙적으로 수행할 수 있다.,체력 증진을 저해하는 개인적 조건과 환경적 조건 모두를 고려하며 체력 운동을 끈기 있게 규칙적으로 수행할 수 있다.,체력 증진을 저해하는 개인적 조건이나 환경적 조건 중 일부를 고려하며 체력 운동을 간헐적으로 수행할 수 있다.,"● [6체01-05]는 체력 증진에 필요한 끈기와 근면성을 기르기 위해 설정하였다. 단기간에 증진되기 어려운 체력 운동의 특성상, 학습자가 운동 과정에서 쉽게 포기하지 않도록 체력 증진을 저해하는 개인적, 환경적 조건을 탐색하고 극복하면서 체력 운동을 규칙적으로 수행하도록 한다."
5~6,체육,운동,,,[6체01-06],"성장과 발달 과정에서 나타나는 신체적, 정서적, 사회적 특성과 차이를 공감하고 위험 상황에 침착하게 대처한다.",성장과 발달 과정에서 나타나는 특성과 차이를 신체적ㆍ정서적ㆍ사회적 관점 모두에서 전반적으로 공감할 수 있으며 위험 상황에 침착하게 대처할 수 있다.,성장과 발달 과정에서 나타나는 특성과 차이를 신체적ㆍ정서적ㆍ사회적 관점 모두에서 부분적으로 공감할 수 있으며 위험 상황에 대처할 수 있다.,성장과 발달 과정에서 나타나는 특성과 차이를 신체적ㆍ정서적ㆍ사회적 관점 중 일부 관점에서 부분적으로 공감할 수 있으며 위험 상황을 인지할 수 있다.,"● [6체01-06]은 성장과 발달 과정에서 개인별 차이를 공감하며, 안전을 위협하는 위험 상황에 대처하기 위해 설정하였다. 자신의 신체적, 정서적, 사회적 건강 특성이 다른 사람과 어떤 차이가 있고, 그러한 차이를 공감하는 것이 자신과 공동체에 어떤 영향을 미치는지를 실제 사례를 통해 이해하도록 한다."
5~6,체육,스포츠,"⋅스포츠는 인간이 제도화된 규범과 움직임 기술을 바탕으로 타인 및 주변 세계와 소통하며 바람직한 구성원으로 성장하는 데 이바지한다.
⋅스포츠는 인간이 환경과 상호작용하고 다양한 기술과 창의적인 전략을 발휘하며 한계를 극복하는 과정에서 발달한다.
⋅인간은 스포츠를 다양한 방식으로 체험함으로써 움직임의 즐거움을 느끼고 활동적인 삶의 태도를 배운다.","⋅기술형⋅전략형⋅생태형 
스포츠의 유형",[6체02-01],기술형 스포츠의 의미와 유형을 파악한다.,"기술형 스포츠의 의미와 유형을 명확하게 알고, 기록형ㆍ동작형ㆍ투기형 스포츠 각각의 특성을 예를 들어 구체적으로 설명할 수 있다.","기술형 스포츠의 의미와 유형을 대략적으로 알고, 기록형ㆍ동작형ㆍ투기형 스포츠 각각의 특성을 설명할 수 있다.","기술형 스포츠의 의미를 대략적으로 알고, 기록형ㆍ동작형ㆍ투기형 스포츠의 종류를 구별할 수 있다.","● [6체02-01]은 기술형 스포츠의 의미와 유형을 이해하기 위해 설정하였다. 기술의 수월성을 추구하는 기술형 스포츠의 의미를 이해하고 다양한 환경(지상, 수상, 빙상 등)에서의 움직임 기록 향상을 위한 기록형, 일련의 절차와 방법이 정해진 움직임을 정확하게 수행하는 동작형, 상대방의 신체적 기량과 겨루는 투기형으로 구분하여 유형별 움직임의 세부 특성을 파악하도록 한다."
5~6,체육,스포츠,,"⋅기술형⋅전략형⋅생태형 
스포츠의 유형별 움직임 기술 
응용 방법",[6체02-02],기술형 스포츠 유형별로 기본 움직임 기술을 응용한 기본 기능을 파악하고 수행한다.,기술형 스포츠에서 기본 움직임 기술을 응용한 여러 가지 기본 기능을 다양한 게임 상황에서 효율적으로 수행할 수 있다.,기술형 스포츠에서 기본 움직임 기술을 응용한 일부 기본 기능을 다양한 게임 상황에서 수행할 수 있다.,기술형 스포츠에서 기본 움직임 기술을 응용한 일부 기본 기능을 게임 상황에서 부분적으로 수행할 수 있다.,"● [6체02-02]는 기록형, 동작형, 투기형 스포츠에서 기본 움직임 기술을 응용한 기본 기능을 효과적으로 활용하기 위해 설정하였다. 속도와 거리, 정확성에 도전하는 기록형 스포츠의 기본 기능(도움닫기 하여 멀리뛰기, 목표물에 정확히 던지기 등), 절차와 방법이 정해진 움직임을 수행하는 동작형 스포츠의 기본 기능(손 짚고 옆돌기, 다리 벌려 뛰어넘기 등), 상대방과 신체적 기술을 겨루는 투기형 스포츠의 기본 기능(발차기, 다리 걸기 등)을 게임 상황에 맞게 효율적으로 수행하도록 한다."
5~6,체육,스포츠,,"⋅기술형⋅전략형⋅생태형 
스포츠의 활동 방법과 기본 전략",[6체02-03],기술형 스포츠 유형별 활동 방법을 파악하고 기본 전략을 게임 활동에서 수행한다.,"기술형 스포츠를 변형한 게임 활동의 경기 방법을 명확히 파악하고, 다양한 게임 활동에서 여러 가지 기본 전략을 수행할 수 있다.","기술형 스포츠를 변형한 게임 활동의 경기 방법을 대략적으로 파악하고, 다양한 게임 활동에서 일부 기본 전략을 수행할 수 있다.","기술형 스포츠를 변형한 게임 활동의 경기 방법 중 일부를 대략적으로 파악하고, 게임 활동에서 일부 기본 전략을 부분적으로 수행할 수 있다.","● [6체02-03]은 기록형, 동작형, 투기형 스포츠의 활동 방법과 기본 전략을 활용하기 위해 설정하였다. 기록형, 동작형, 투기형 스포츠를 변형한 게임 활동의 경기 방법을 이해하고, 기록 측정과 분석, 동작 수행의 점검과 분석, 자신과 상대의 기량 확인과 분석 등 기술형 스포츠의 기본 전략을 파악하고 수행하도록 한다."
5~6,체육,스포츠,,"⋅기술형⋅전략형⋅생태형 
스포츠의 유형",[6체02-04],전략형 스포츠의 의미와 유형을 파악한다.,"전략형 스포츠의 의미와 유형을 명확하게 알고, 영역형ㆍ필드형ㆍ네트형 스포츠 각각의 특성을 예를 들어 구체적으로 설명할 수 있다.","전략형 스포츠의 의미와 유형을 대략적으로 알고, 영역형ㆍ필드형ㆍ네트형 스포츠 각각의 특성을 설명할 수 있다.","전략형 스포츠의 의미를 대략적으로 알고, 영역형ㆍ필드형ㆍ네트형 스포츠의 종류를 구별할 수 있다.","● [6체02-04]는 전략형 스포츠의 의미와 유형을 이해하기 위해 설정하였다. 움직임 기능 수행 능력과 전략에 따라 승패가 결정되는 전략형 스포츠의 의미를 이해하고 스포츠의 유형을 상대 영역으로 이동하여 정해진 지점으로 공을 보내 득점하는 영역형, 동일 공간에서 공격과 수비를 번갈아 하며 정해진 구역을 돌아 점수를 얻는 필드형, 네트 너머에 있는 상대 영역에 공을 보내 넘기지 못하게 하여 득점하는 네트형으로 구분하여 각각의 세부 특성을 파악하도록 한다."
5~6,체육,스포츠,,"⋅기술형⋅전략형⋅생태형 
스포츠의 유형별 움직임 기술 
응용 방법",[6체02-05],전략형 스포츠 유형별로 기본 움직임 기술을 응용한 기본 기능을 파악하고 수행한다.,전략형 스포츠에서 기본 움직임 기술을 응용한 여러 가지 기본 기능을 다양한 게임 상황에서 효율적으로 수행할 수 있다.,전략형 스포츠에서 기본 움직임 기술을 응용한 일부 기본 기능을 다양한 게임 상황에서 수행할 수 있다.,전략형 스포츠에서 기본 움직임 기술을 응용한 일부 기본 기능을 게임 상황에서 부분적으로 수행할 수 있다.,"● [6체02-05]는 영역형, 필드형, 네트형 스포츠에서 기본 움직임 기술을 응용한 기본 기능을 효과적으로 활용하기 위해 설정하였다. 패스, 드리블, 슛 등과 같은 영역형 스포츠의 기본 기능, 포구, 송구, 타격, 주루 등과 같은 필드형 스포츠의 기본 기능, 서브, 리시브, 토스, 스트로크(스매싱) 등과 같은 네트형 스포츠의 기본 기능을 변형게임이나 뉴스포츠 수준의 게임 상황에 맞게 효율적으로 수행하도록 한다."
5~6,체육,스포츠,,"⋅기술형⋅전략형⋅생태형 
스포츠의 활동 방법과 기본 전략",[6체02-06],전략형 스포츠 유형별 활동 방법을 파악하고 기본 전략을 게임 활동에서 수행한다.,"전략형 스포츠를 변형한 게임이나 뉴스포츠 수준의 활동 방법을 명확히 파악하고, 다양한 게임 활동에서 여러 가지 기본 전략을 수행할 수 있다.","전략형 스포츠를 변형한 게임이나 뉴스포츠 수준의 활동 방법을 대략적으로 파악하고, 다양한 게임 활동에서 일부 기본 전략을 수행할 수 있다.","전략형 스포츠를 변형한 게임이나 뉴스포츠 수준의 활동 방법 중 일부를 대략적으로 파악하고, 게임 활동에서 일부 기본 전략을 부분적으로 수행할 수 있다.","● [6체02-06]은 영역형, 필드형, 네트형 스포츠의 활동 방법과 기본 전략을 활용하기 위해 설정하였다. 영역형, 필드형, 네트형 스포츠를 변형한 게임이나 뉴스포츠와 같은 게임 활동에 참여하며 경기 방법을 파악하고, 공간 만들기, 공간 차단하기, 골 넣기와 막기, 빈 곳으로 공 치기, 구역과 역할 나누어 수비하기, 빈 곳으로 공 넘기기, 유기적으로 역할 분담하기 등 전략형 스포츠의 기본 전략을 파악하고 수행하도록 한다."
5~6,체육,스포츠,,"⋅기술형⋅전략형⋅생태형 
스포츠의 유형",[6체02-07],생태형 스포츠의 의미와 유형을 파악한다.,"생태형 스포츠의 의미와 유형을 명확하게 알고, 생활환경형ㆍ자연환경형 스포츠 각각의 특성을 예를 들어 구체적으로 설명할 수 있다.","생태형 스포츠의 의미와 유형을 대략적으로 알고, 생활환경형ㆍ자연환경형 스포츠 각각의 특성을 설명할 수 있다.","생태형 스포츠의 의미를 대략적으로 알고, 생활환경형ㆍ자연환경형 스포츠의 종류를 구별할 수 있다.","● [6체02-07]은 생태형 스포츠의 의미와 유형을 이해하기 위해 설정하였다. 다양한 환경 맥락에 따라 활동 특성이 나타나는 생태형 스포츠의 의미에 관한 이해를 바탕으로 생활 주변의 환경을 이용하여 활동하는 생활환경형, 자연환경과 상호작용하며 활동하는 자연환경형으로 구분하여 유형별 세부 특성을 파악하도록 한다."
5~6,체육,스포츠,,"⋅기술형⋅전략형⋅생태형 
스포츠의 유형별 움직임 기술 
응용 방법",[6체02-08],생태형 스포츠 유형별로 기본 움직임 기술을 응용한 기본 기능을 파악하고 수행한다.,생태형 스포츠에서 기본 움직임 기술을 응용한 여러 가지 기본 기능을 다양한 활동 상황에 맞게 효과적으로 수행할 수 있다.,생태형 스포츠에서 기본 움직임 기술을 응용한 일부 기본 기능을 다양한 활동 상황에서 수행할 수 있다.,생태형 스포츠에서 기본 움직임 기술을 응용한 일부 기본 기능을 활동 상황에서 부분적으로 수행할 수 있다.,"● [6체02-08]은 생활환경형, 자연환경형 스포츠에서 기본 움직임 기술을 응용한 기본 기능을 효과적으로 활용하기 위해 설정하였다. 주변 생활환경에서 할 수 있는 골프형 게임, 디스크형 게임, 자전거 타기, 롤러스케이팅, 클라이밍 활동, 민속놀이 등과 자연환경에서 체험할 수 있는 등산 활동, 캠핑 활동, 수상 활동, 설상 활동 등 생태형 스포츠의 기본 기능을 익혀 주변의 다양한 활동 상황에 맞게 환경친화적으로 수행하도록 한다."
5~6,체육,스포츠,,"⋅기술형⋅전략형⋅생태형 
스포츠의 활동 방법과 기본 전략",[6체02-09],생태형 스포츠 유형별 활동 방법을 파악하고 기본 전략을 게임 활동에서 수행한다.,"생태형 스포츠를 변형한 게임이나 뉴스포츠 수준의 활동 방법을 명확히 파악하고, 다양한 활동 상황에서 여러 가지 기본 전략을 수행할 수 있다.","생태형 스포츠를 변형한 게임이나 뉴스포츠 수준의 활동 방법을 대략적으로 파악하고, 다양한 활동 상황에서 일부 기본 전략을 수행할 수 있다.","생태형 스포츠를 변형한 게임이나 뉴스포츠 수준의 활동 방법을 대략적으로 파악하고, 활동 상황에서 일부 기본 전략을 부분적으로 수행할 수 있다.","● [6체02-09]는 생활환경형, 자연환경형 스포츠의 활동 방법과 기본 전략을 활용하기 위해 설정하였다. 생활환경형, 자연환경형 스포츠를 변형한 게임이나 뉴스포츠 수준의 활동에 참여하며 활동 방법을 파악하고 스포츠 환경에 적합한 활동의 선정과 장비 사용, 안전하고 환경친화적인 활동과 정리 등 생태형 스포츠의 기본 활동 방법과 전략을 파악하고 수행하도록 한다."
5~6,체육,스포츠,,,[6체02-10],스포츠 활동에 참여하며 목표를 달성하기 위한 의지를 실천하고 상대의 기술을 인정한다.,"스스로 설정한 목표를 달성하기 위한 의지를 실천하며 스포츠 활동에 참여하고, 상대의 기술을 인정하는 태도를 갖고 이를 스포츠 활동에서 적극적으로 실천할 수 있다.","목표를 달성하기 위한 의지를 실천하며 스포츠 활동에 참여하고, 상대의 기술을 인정하는 태도를 갖고 이를 스포츠 활동에서 실천할 수 있다.","목표를 달성하기 위한 의지를 일부 실천하며 스포츠 활동에 참여하고, 상대의 기술을 인정하는 태도를 갖고 이를 스포츠 활동에서 실천하기 위해 노력할 수 있다.","● [6체02-10]은 스포츠 활동에 참여하며 목표 달성을 위한 의지와 상대 기술을 인정하는 태도를 기르기 위해 설정하였다. 스스로 목표를 설정하고 책임감 있게 꾸준히 실천하도록 하며, 함께 참여하는 상대 팀과 구성원의 우수한 기술을 인정하고 배우는 태도를 실천하도록 한다."
5~6,체육,스포츠,,,[6체02-11],스포츠 활동에 참여하며 팀원과 협력하고 구성원을 배려한다.,다양한 스포츠 활동에서 최선을 다하고 팀원과 협력하며 구성원 전체를 적극적으로 배려할 수 있다.,일부 스포츠 활동에서 최선을 다하고 팀원과 협력하며 구성원을 배려할 수 있다.,일부 스포츠 활동에 열심히 참여하고 팀원과 부분적으로 협력하며 구성원을 배려하기 위해 노력할 수 있다.,"● [6체02-11]은 스포츠에 참여하며 팀원과 협력하고 구성원을 배려하는 태도를 기르기 위해 설정하였다. 민주적인 의사결정을 통해 역할을 분담하고 전략을 수립하는 등 팀원과의 협력을 강조하며, 기능 수행에 어려움을 겪는 학습자를 도와주고 배려함으로써 팀의 활동 성과를 공유하도록 한다. "
5~6,체육,스포츠,,,[6체02-12],스포츠 활동에 참여하며 환경을 아끼고 감사하는 태도를 실천한다.,다양한 스포츠 활동 중 환경을 아끼고 스포츠 환경에 감사하는 태도를 가지며 이를 자기 주도적으로 실천할 수 있다.,일부 스포츠 활동 중 환경을 아끼고 스포츠 환경에 감사하는 태도를 가지며 이를 실천할 수 있다.,일부 스포츠 활동 중 환경을 아끼고 스포츠 환경에 감사하는 태도를 가지며 이를 실천하기 위해 노력할 수 있다.,● [6체02-12]는 스포츠 활동 환경을 아끼고 감사하는 태도를 기르기 위해 설정하였다. 주변의 다양한 스포츠 시설 및 용⋅기구 현황을 탐색하고 이를 적극적으로 활용하면서 학교 및 지역사회가 제공하는 스포츠 복지의 중요성을 이해하도록 한다. 또한 스포츠 환경을 아끼고 보존함으로써 지속해서 혜택을 누릴 수 있다는 점에 감사함을 느낄 수 있도록 한다.
5~6,체육,표현,"⋅표현 활동은 인간이 신체 움직임에 생각과 감정을 담아 심미적으로 표현하는 과정에서 창의적인 삶의 태도를 형성하고, 예술적 신체활동 문화를 향유할 수 있도록 한다.
⋅표현 활동은 기본 움직임에 표현 원리가 적용되어 다양한 유형으로 구현되며, 구성 및 창작의 과정을 통해 발달한다.
⋅인간은 다양한 표현 활동을 체험함으로써 움직임의 심미적 가치를 내면화하며 자유롭고 주체적으로 사는 방법을 터득한다.",⋅표현 활동의 유형,[6체03-01],표현 활동의 의미와 유형을 파악한다.,"표현 활동의 의미와 유형을 명확하게 알고, 움직임의 방식에 따른 스포츠 표현ㆍ전통 표현ㆍ현대 표현의 유형을 예를 들어 구체적으로 설명할 수 있다.","표현 활동의 의미와 유형을 대략적으로 알고, 움직임의 방식에 따른 스포츠 표현ㆍ전통 표현ㆍ현대 표현의 유형을 설명할 수 있다.","표현 활동의 의미를 대략적으로 알고, 움직임의 방식에 따른 스포츠 표현ㆍ전통 표현ㆍ현대 표현의 유형을 구별할 수 있다.","● [6체03-01]은 표현 활동 의미와 유형을 이해하기 위해 설정하였다. 스포츠에서 신체 움직임의 심미성을 다루는 스포츠 표현, 민족의 고유한 전통을 신체 움직임으로 표현한 전통 표현, 자유로운 형식으로 움직임을 표현하는 현대 표현의 유형별로 다양한 작품을 직⋅간접적으로 체험함으로써 기본 동작과 구성 방법의 공통점과 차이점을 중심으로 특징을 파악하도록 한다."
5~6,체육,표현,,"⋅표현 활동의 유형별 움직임 기술 
응용 방법",[6체03-02],스포츠 표현에서 움직임 기술을 응용한 기본 동작을 파악하고 표현한다.,"스포츠 표현에서 움직임 기술을 응용한 여러 가지 기본 동작을 명확하게 파악하고, 다양한 동작을 활용해 주제에 맞춰 아름답게 표현할 수 있다.","스포츠 표현에서 움직임 기술을 응용한 여러 가지 기본 동작을 대략적으로 파악하고, 일부 기본 동작을 활용해 주제에 맞춰 표현할 수 있다.","스포츠 표현에서 움직임 기술을 응용한 간단한 기본 동작을 대략적으로 파악하고, 일부 기본 동작을 활용해 표현할 수 있다.",● [6체03-02]는 스포츠 표현의 기본 움직임 기술과 응용 동작을 탐색하고 심미적으로 표현하기 위해 설정하였다. 신체활동의 예술적 아름다움을 추구하는 스포츠 표현의 기본 동작에 적합한 움직임 기술의 응용 동작을 심미적으로 표현하도록 한다.
5~6,체육,표현,,"⋅표현 활동의 유형별 움직임 기술 
구성",[6체03-03],스포츠 표현의 기본 동작을 다양하게 구성하여 발표하고 감상한다.,"스포츠 표현의 기본 동작을 다양하고 창의적으로 구성하여 작품을 발표하고, 작품의 아름다움을 명확하게 이해하고 느끼며 감상할 수 있다.","스포츠 표현의 기본 동작으로 작품을 구성하여 발표하고, 작품의 아름다움을 대략적으로 이해하고 느끼며 감상할 수 있다.","스포츠 표현의 일부 기본 동작으로 작품을 간략하게 구성하여 발표하고, 작품의 아름다움을 대략적으로 느끼며 감상할 수 있다.","● [6체03-03]은 스포츠 표현에 적합한 움직임 기술의 응용 동작을 활용하여 작품을 구성하고 표현하기 위해 설정하였다. 스포츠 표현에 적합한 움직임 기술의 응용 동작을 창의적으로 구성하고, 개인 또는 모둠별로 간단한 작품을 만들어 발표하며 작품의 의도와 동작의 심미성을 감상하도록 한다."
5~6,체육,표현,,"⋅표현 활동의 유형별 움직임 기술 
응용 방법",[6체03-04],전통 표현에서 움직임 기술을 응용한 기본 동작을 파악하고 표현한다.,"전통 표현에서 움직임 기술을 응용한 여러 가지 기본 동작을 명확하게 파악하고, 다양한 기본 동작을 활용해 음악에 맞춰 문화적 특색이 드러나도록 표현할 수 있다.","전통 표현에서 움직임 기술을 응용한 여러 가지 기본 동작을 대략적으로 파악하고, 일부 기본 동작을 활용해 음악에 맞춰 문화적 특색이 드러나도록 표현할 수 있다.","전통 표현에서 움직임 기술을 응용한 간단한 기본 동작을 대략적으로 파악하고, 일부 기본 동작을 활용해 표현할 수 있다.",● [6체03-04]는 우리나라와 세계 여러 민족과 지역에서 전해 내려오는 전통 표현에서 기본 움직임 기술을 응용한 동작의 문화적 특징을 파악하고 그 특성을 살려 표현하기 위해 설정하였다. 전통 표현의 기본 동작에 적합한 움직임 기술의 응용 동작을 문화적 특색이 드러나게 표현하도록 한다. 
5~6,체육,표현,,"⋅표현 활동의 유형별 움직임 기술 
응용 방법",[6체03-05],전통 표현의 기본 동작을 다양하게 구성하여 발표하고 감상한다.,"전통 표현의 기본 동작을 다양하게 구성하여 문화적 특색이 드러나게 작품을 발표하고, 작품의 전통적 의미를 명확하게 이해하며 감상할 수 있다.","전통 표현의 기본 동작으로 작품을 구성하여 발표하고, 작품의 전통적 의미를 대략적으로 이해하며 감상할 수 있다.","전통 표현의 일부 기본 동작으로 작품을 간략하게 구성하여 발표하고, 작품의 전통적 의미 일부를 대략적으로 이해하며 감상할 수 있다.",● [6체03-05]는 전통 표현에 적합한 움직임 기술의 응용 동작을 활용하여 작품을 구성하고 표현하기 위해 설정하였다. 다양한 전통 표현에 담긴 역사와 특성을 이해하고 전통 표현의 움직임 기술 응용 동작을 문화적 특성에 따라 구성한다. 개인 또는 모둠별로 간단한 작품을 만들어 발표하며 작품의 의도와 동작이 갖는 전통적 의미를 감상하도록 한다.
5~6,체육,표현,,"⋅표현 활동의 유형별 움직임 기술 
응용 방법",[6체03-06],현대 표현에서 움직임 기술을 응용한 기본 동작을 파악하고 표현한다.,"현대 표현에서 움직임 기술을 응용한 여러 가지 기본 동작을 명확하게 파악하고, 다양한 기본 동작을 활용해 자유로움의 특성이 드러나도록 주제에 맞춰 창의적으로 표현할 수 있다.","현대 표현에서 움직임 기술을 응용한 여러 가지 기본 동작을 대략적으로 파악하고, 일부 기본 동작을 활용해 자유로움의 특성이 드러나도록 주제에 맞춰 표현할 수 있다.","현대 표현에서 움직임 기술을 응용한 간단한 기본 동작을 대략적으로 파악하고, 일부 기본 동작을 활용해 표현할 수 있다.",● [6체03-06]은 현대 표현에서 기본 움직임 기술을 응용한 동작의 자유로움이 갖는 특징을 파악하고 창의적으로 표현하기 위해 설정하였다. 기본 동작에 적합한 움직임 기술 응용 동작을 기존의 표현 방법이나 틀에 얽매이지 않고 자유롭고 창의적으로 표현하도록 한다.
5~6,체육,표현,,"⋅표현 활동의 유형별 움직임 기술 
응용 방법",[6체03-07],현대 표현의 기본 동작을 다양하게 구성하여 발표하고 감상한다.,"현대 표현의 기본 동작을 다양하고 창의적으로 구성하여 작품을 발표하고, 작품의 주제를 명확하게 이해하며 감상할 수 있다.","현대 표현의 기본 동작으로 작품을 구성하여 발표하고, 작품의 주제를 대략적으로 이해하며 감상할 수 있다.","현대 표현의 일부 기본 동작으로 작품을 간략하게 구성하여 발표하고, 작품의 주제 일부를 대략적으로 이해하며 감상할 수 있다.",● [6체03-07]은 현대 표현에 적합한 움직임 기술의 응용 동작을 활용하여 작품을 구성하고 표현하기 위해 설정하였다. 현대 표현에 적합한 움직임 기술의 응용 동작을 표현의 주제와 자유로운 흐름을 고려하여 구성한다. 개인 또는 모둠별로 간단한 작품을 만들어 발표하며 작품의 의도를 현대 사회의 문화적 특징과 비교하며 감상하도록 한다.
5~6,체육,표현,,,[6체03-08],"다양한 표현 활동 유형을 수용하고, 움직임 표현의 아름다움을 추구한다.","다양한 표현 활동의 유형을 긍정적으로 수용하고, 움직임을 창의적이고 아름답게 표현하고자 하는 태도를 가지며 이를 적극적으로 실천할 수 있다.","일부 표현 활동의 유형을 긍정적으로 수용하고, 움직임을 아름답게 표현하고자 하는 태도를 가지며 이를 실천할 수 있다.","일부 표현 활동의 유형을 수용하고, 움직임을 아름답게 표현하고자 하는 태도를 가지며 이를 실천하기 위해 노력할 수 있다.",● [6체03-08]은 다양한 표현 활동 유형을 긍정적으로 수용하고 움직임 표현의 아름다움을 추구하도록 설정하였다. 다양한 표현 유형에 담긴 의미와 표현 특성을 직⋅간접적으로 탐색하며 표현 문화에 대한 이해의 폭을 확장하고 움직임 표현의 아름다움을 추구하도록 한다.
5~6,음악,연주,"⋅음악은 고유한 방식과 원리에 따라 인간의 느낌, 생각, 경험을 다양한 소리의 어울림으로 표현한 것이다.
⋅개인적 혹은 협력적 음악 연주는 인간의 감수성과 사회⋅문화적 배경에 따라 다양한 행위 과정으로 나타난다.
⋅인간은 생활 속에서 다양한 음악 매체와 표현 방법을 활용하여 함께 경험하며 소통한다.",⋅주법과 표현 기법,[6음01-01],바른 주법과 표현 기법을 익혀 노래나 악기로 느낌을 담아 연주한다.,바른 주법과 표현 기법을 충분히 이해하여 노래나 악기로 느낌을 담아 자연스럽게 연주한다.,바른 주법과 표현 기법을 이해하여 노래나 악기로 느낌을 담아 연주한다.,바른 주법과 표현 기법을 부분적으로 이해하여 노래나 악기로 연주하려고 노력한다.,
5~6,음악,연주,,⋅음악 요소,[6음01-02],음악 요소를 살려 노래나 악기로 발표하고 과정을 돌아본다.,음악 요소를 충분히 이해하여 그 특징을 전체적으로 살려 노래나 악기로 발표하고 연주 활동 과정에 대해 글이나 말로 구체적으로 표현한다.,음악 요소를 이해하여 그 특징을 살려 노래나 악기로 발표하고 연주 활동 과정에 대해 글이나 말로 표현한다.,음악 요소를 부분적으로 이해하여 그 특징을 일부 살려 노래나 악기로 발표하고 연주 활동에 대해 글이나 말로 표현하려고 노력한다.,"• [6음01-02] 이 성취기준은 악곡에 드러난 음악의 다양한 요소를 익혀 노래나 악기 연주로 표현하는 기회를 가지도록 하기 위해 설정하였다. 여러 음악 요소에 대한 이해를 바탕으로 노래나 악기 연주로 발표하고, 자신의 발표 과정을 스스로 돌아보면서 서로 평하는 데 중점을 둔다. "
5~6,음악,연주,,"⋅어울림, 여러 악기",[6음01-03],소리의 어울림을 생각하며 다양한 방법으로 함께 표현한다.,소리의 어울림을 충분히 이해하고 다양한 방법을 적절히 활용하여 함께 표현한다.,소리의 어울림을 이해하고 다양한 방법을 활용하여 함께 표현한다.,소리의 어울림을 알고 함께 표현하려고 노력한다.,"• [6음01-03] 이 성취기준은 함께하는 연주 활동을 통해 다양한 소리의 어울림을 경험하고 음악 표현의 재미를 느낄 수 있도록 하기 위해 설정하였다. 목소리, 악기, 신체, 물체, 매체 등을 활용한 다양한 소리와 그 어울림의 특징을 탐구하고, 이를 표현하기 위한 여러 방법을 탐색하도록 한다. 이 과정에서 다른 사람과 함께 활동함으로써 공동체 속에서 음악으로 소통하는 즐거움을 경험하도록 하는 데 중점을 둔다."
5~6,음악,연주,,⋅간단한 악곡의 연주 형태,[6음01-04],간단한 형태의 연주를 준비하여 생활 속 음악 활동에 참여한다.,간단한 형태의 연주를 충분히 이해하여 생활 속 음악 활동을 주도적으로 준비하고 발표에 적극적으로 참여한다.,간단한 형태의 연주를 이해하여 생활 속 음악 활동을 준비하고 발표에 참여한다.,간단한 형태의 연주를 부분적으로 이해하여 생활 속 음악 활동 준비 과정과 발표에 참여하려고 노력한다.,• [6음01-04] 이 성취기준은 학생들이 노래와 악기 연주 기능을 발휘하여 생활 속에서 음악 활동을 실천하는 태도를 기르도록 하기 위해 설정하였다. 가정 및 학교의 행사나 지역 축제 등 생활 속에서 음악이 필요한 상황을 생각하여 적절한 음악을 선택하고 학생들의 수준에 맞는 간단한 형태로 혼자 또는 여럿이 연주를 준비하도록 한다. 연주를 위한 준비 과정과 발표에 참여함으로써 음악을 생활화하며 자기주도적으로 즐기는 태도를 기르도록 하는 데 중점을 둔다. 
5~6,음악,감상,"⋅ 음악은 고유한 방식과 원리에 따라 다양한 속성을 청각적 형태로 구현한 것이다.
⋅ 음악적 수용과 반응은 인간의 감수성과 사회⋅문화적 배경에 따라 다양하게 나타난다.
⋅ 인간은 생활 속에서 다양한 음악 경험을 통해 미적 가치와 의미를 발견하고 공감한다.",⋅음악 요소,[6음02-01],음악을 듣고 음악의 요소를 감지하며 구별한다.,음악을 듣고 악곡에 나타난 음악의 여러 요소를 감지하여 전체적으로 정확하게 구별하며 표현한다.,음악을 듣고 악곡에 나타난 음악의 요소를 감지하여 정확하게 구별하며 표현한다.,음악을 듣고 악곡에 나타난 음악의 요소를 부분적으로 감지하여 일부 구별하며 표현한다.,"• [6음02-01] 이 성취기준은 감상곡의 음악 요소를 감지하여 구별하고 반응하는 능력을 기르도록 하기 위해 설정하였다. 음악을 들으며 악곡에 나타나는 여러 음악 요소를 감지하여 구별하고, 이를 노래, 악기, 신체, 언어, 그림 등의 다양한 방법으로 표현해보면서 이해하는 데 중점을 둔다."
5~6,음악,감상,,"⋅다양한 종류와 문화권의 음악
⋅음악적 특징, 음악의 간단한 구성",[6음02-02],다양한 문화권의 음악을 듣고 음악적 특징과 음악의 간단한 구성을 인식한다.,다양한 문화권의 음악을 듣고 문화권에 따른 음악적 특징과 간단한 구성을 종합적으로 인식하여 표현한다.,다양한 문화권의 음악을 듣고 문화권에 따른 음악적 특징과 간단한 구성을 인식하여 표현한다.,다양한 문화권의 음악을 듣고 문화권에 따른 음악적 특징과 간단한 구성을 부분적으로 인식하여 표현하려고 노력한다.,"• [6음02-02] 이 성취기준은 문화권에 따라 다양하게 나타나는 음악의 특징과 음악의 간단한 구성을 인식하도록 하기 위해 설정하였다. 우리나라를 비롯하여 여러 지역이나 나라의 다양한 음악을 듣고 음악의 간단한 구성과 전반적인 특징을 인식하여, 이를 평하기, 설명하기, 표현하기 등의 다양한 행동적 활동을 통해 나타내 보는 데 중점을 둔다. "
5~6,음악,감상,,"⋅다양한 종류와 문화권의 음악
⋅음악적 특징, 음악의 간단한 구성
⋅느낌, 배경, 활용",[6음02-03],다양한 종류의 음악을 듣고 음악의 배경과 활용을 설명한다.,다양한 종류의 음악을 듣고 음악의 배경과 활용을 탐색하여 구체적으로 설명한다.,다양한 종류의 음악을 듣고 음악의 배경과 활용을 탐색하여 설명한다.,다양한 종류의 음악을 듣고 음악의 배경과 활용을 탐색하여 부분적으로 설명한다.,"• [6음02-03] 이 성취기준은 음악의 내적 측면과 외적 측면을 균형 있게 파악하는 능력을 기르도록 하기 위해 설정하였다. 다양한 음악의 쓰임과 배경을 이해하고 건강, 행사, 환경 등 학습자의 생활과 관련된 다양한 음악의 활용에 대하여 폭넓게 학습하여 이를 설명할 수 있도록 하는 데 중점을 둔다."
5~6,음악,감상,,,[6음02-04],생활 속에서 음악을 찾아 들으며 아름다움을 느끼고 공감한다.,생활 속에서 다양한 음악을 적극적으로 찾아 듣고 음악의 아름다움을 느끼고 충분히 공감하여 여러 방식으로 표현한다.,생활 속에서 음악을 찾아 듣고 음악의 아름다움을 느끼고 공감하여 표현한다.,생활 속에서 음악을 듣고 음악의 아름다움을 느끼고 공감하려고 노력한다.,"• [6음02-04] 이 성취기준은 생활 속에서 접하는 다양한 음악의 아름다움을 인식하고 공감하는 능력을 기르도록 하기 위해 설정하였다. 국악, 서양음악, 대중음악, 세계음악 등 생활 속에서 접할 수 있는 다양한 음악에 관심을 가지고 스스로 찾아 들으며, 음악에 대한 느낌을 여러 방식으로 표현할 수 있는 데 중점을 둔다. "
5~6,음악,감상,,⋅우리나라 음악 문화유산,[6음02-05],우리나라 음악 문화유산을 찾아 듣고 국악의 가치를 인식한다.,우리나라 음악 문화유산을 적극적으로 찾아 듣고 음악 문화유산을 충분히 이해하여 국악의 음악적‧문화적 가치를 종합적으로 인식한다.,우리나라 음악 문화유산을 찾아 듣고 음악 문화유산을 이해하여 국악의 음악적‧문화적 가치를 인식한다.,우리나라 음악 문화유산을 듣고 음악 문화유산을 부분적으로 이해하여 국악의 음악적‧문화적 가치를 일부 인식한다.,"• [6음02-05] 이 성취기준은 우리나라 음악 문화유산의 경험을 바탕으로 국악의 가치를 인식하도록 하기 위해 설정하였다. 무형문화재에 대한 이해를 바탕으로 시도 무형문화재, 국가 무형문화재로 지정된 음악 문화유산을 찾아 들어보고 음악적⋅문화적 의미를 이해하여 국악의 가치를 인식하는 데에 중점을 둔다."
5~6,음악,창작,"⋅음악은 고유한 방식과 원리에 따라 인간의 무한한 상상과 가능성을 탐구하여 만들어낸 것이다.
⋅개인적 혹은 협력적 음악 창작은 인간의 감수성과 사회⋅문화적 배경에 따라 다양한 과정과 결과물로 나타난다.
⋅인간은 생활 속에서 다양한 매체와 방법을 활용하여 자기 주도적으로 음악을 구성하며 기여한다.","⋅음악 매체
⋅느낌, 아이디어",[6음03-01],느낌과 아이디어를 떠올려 여러 매체나 방법으로 자신감 있게 표현한다.,표현하고자 하는 느낌과 아이디어를 구체적으로 떠올리고 음악적으로 표현할 수 있는 여러 매체나 방법을 적절하게 활용하여 자신감 있게 표현한다.,표현하고자 하는 느낌과 아이디어를 떠올리고 음악적으로 표현할 수 있는 여러 매체나 방법을 활용하여 자신감 있게 표현한다.,표현하고자 하는 느낌과 아이디어를 떠올리고 음악적으로 표현할 수 있는 매체나 방법을 일부 활용하여 자신감 있게 표현하려고 노력한다.,"• [6음03-01] 이 성취기준은 음악 창작의 소재로서 느낌과 아이디어를 발산해 내고 이를 음악으로 표현하며 음악적 상상력과 자신감을 기르도록 하기 위해 설정하였다. 자신의 경험과 관련된 다양한 느낌과 아이디어를 떠올려 그림, 기호, 언어 등을 활용하여 기록하고, 목소리, 악기, 물체, 신체, 디지털 매체 등을 통해 새롭게 표현해 보도록 하는 데 중점을 둔다."
5~6,음악,창작,,"⋅간단한 음악
⋅기초적인 기보,",[6음03-02],기초적인 기보를 활용하여 간단한 조건에 따라 악곡의 일부를 바꾼다.,기초적인 기보를 적절하게 활용하여 주어진 간단한 조건을 지켜 악곡의 일부를 바꾼다.,기초적인 기보를 활용하여 주어진 간단한 조건을 지켜 악곡의 일부를 바꾼다.,기초적인 기보를 일부 활용하고 주어진 간단한 조건을 부분적으로 지켜 악곡의 일부를 바꾼다.,"• [6음03-02] 이 성취기준은 음악적 약속으로서 통용되는 기초 기보를 이해하고 이를 활용한 음악 창작 능력을 기르도록 하기 위해 설정하였다. 음이름, 계이름, 율명을 익히고 음악을 기록하는 오선보나 정간보 등의 기보 방법을 기초적 수준에서 이해하여 주어진 조건에 따라 노랫말, 말붙임새 등 악곡의 일부를 바꾸어 기보해본다. 또한 이를 통한 느낌이나 생각을 공유하는 데 중점을 둔다. "
5~6,음악,창작,,"⋅간단한 음악
⋅음악 요소",[6음03-03],음악의 요소를 활용하여 간단한 음악을 만든다.,음악의 요소를 적절하게 활용하여 음악 요소의 특징이 잘 나타나도록 간단한 음악을 창의적으로 만든다.,음악의 요소를 활용하여 음악 요소의 특징이 나타나도록 간단한 음악을 만든다.,음악의 요소를 활용하여 간단한 음악을 만들려고 노력한다.,"• [6음03-03] 이 성취기준은 음악에서 음악 요소의 의미와 효과를 이해하고 이를 활용하여 음악을 창작하는 능력을 기르도록 하기 위해 설정하였다. 음악 요소의 특징이 드러나는 짧고 단순한 형태의 음악을 간단한 기보, 프로그램, 매체 등을 활용하여 스스로 혹은 협력적으로 만들며 서로의 음악적 산출물을 공유해 보는 데 중점을 둔다."
5~6,음악,창작,,,[6음03-04],생활 주변 상황이나 이야기를 활용하여 음악을 만들며 열린 태도를 갖는다.,생활 주변의 상황이나 이야기를 소재로 내용에 어울리는 음악을 만들며 음악에 대해 열린 태도를 적극적으로 갖는다.,생활 주변의 상황이나 이야기를 소재로 음악을 만들며 음악에 대해 열린 태도를 갖는다.,생활 주변의 상황이나 이야기를 소재로 음악 만들기기에 참여하며 음악에 대해 열린 태도를 가지려고 노력한다.,• [6음03-04] 이 성취기준은 학생들의 실제 생활과 경험을 토대로 음악 창작과 삶을 연계하여 음악에 대한 긍정적인 태도를 기르도록 하기 위해 설정하였다. 주변의 다양한 상황이나 이야기를 소재로 음악적 아이디어를 끌어내어 간단한 음악극이나 음악 영상 등으로 함께 만들어 나눔으로써 서로의 음악에 대한 열린 태도를 갖고 소통하는 데 중점을 둔다. 
5~6,미술,미적 체험,"⋅미적 체험은 감각을 깨워 미적 감수성을 풍부하게 하며 미적 가치를 발견하도록 한다.
⋅대상과 현상을 관찰하고 지각하는 경험은 앎을 확장하고 자신을 성찰하게 한다. 
⋅이미지에 대한 비판적 이해는 시각적 소통과 문화적 참여의 토대가 된다. ",⋅감각과 매체의 역할,[6미01-01],다양한 감각과 매체를 활용하여 자신과 대상을 탐색할 수 있다.,다양한 감각과 매체의 역할을 이해하고 적절하게 활용하여 자신과 대상을 적극적으로 탐색할 수 있다.,다양한 감각과 매체의 역할을 발견하고 활용하여 자신과 대상을 탐색할 수 있다.,다양한 감각과 매체를 일부 활용하여 자신과 대상을 부분적으로 탐색할 수 있다.,
5~6,미술,미적 체험,,"⋅감각과 매체의 역할
⋅자신과 환경의 관계",[6미01-02],"자신이나 주변 환경에서 찾은 감각적 특징, 느낌, 생각 등을 관련지어 나타낼 수 있다.","자신이나 주변 환경에서 찾은 감각적 특징, 느낌, 생각 등의 관계를 파악하고 다양한 방식으로 관련지어 나타낼 수 있다.","자신이나 주변 환경에서 찾은 감각적 특징, 느낌, 생각 등을 파악하고 관련지어 나타낼 수 있다.","자신이나 주변 환경에서 찾은 감각적 특징, 느낌, 생각 등을 나타낼 수 있다.","• [6미01-02] 성취기준은 자신이나 대상, 그리고 시시각각 변화하는 현상 등 주변 환경을 탐색하며 예민하게 찾은 감각적 특징과 체험 과정에서 떠오른 느낌과 생각을 관련지어 보는 경험에 중점을 둔다. 미술의 특성상 시각적 특징을 우선 다루게 되지만, 보이지 않아도 느낄 수 있는 특징이나 느낌과 상상이 반영된 색, 형, 이미지, 문구, 소리, 움직임 등을 자유롭게 활용한다. 이를 통해 감각이 사고에 미치는 영향뿐만 아니라 자신과 환경 사이의 관계를 이해한다. "
5~6,미술,미적 체험,,"⋅자신과 환경의 관계
⋅이미지와 의미",[6미01-03],주변 환경에 대한 민감한 태도로 대상과 상호 작용하며 새로운 의미를 발견할 수 있다.,주변 환경에 대한 민감한 태도로 대상과 적극적으로 상호 작용하며 새로운 의미를 발견하여 설명할 수 있다.,주변 환경에 대한 민감한 태도로 대상과 상호 작용하며 새로운 의미를 발견할 수 있다.,주변 환경에 관심을 보이며 대상과 상호 작용하여 의미를 발견하는 데 참여할 수 있다.,"• [6미01-03] 성취기준은 주변 환경 속 대상과 민감하게 상호 작용하며 경험한 느낌과 생각을 바탕으로 대상에 이름 붙이기, 자신을 닮은 대상 찾기, 대상을 연결하여 이야기 만들기 등 대상에 의미를 부여하는 활동에 중점을 둔다. 보는 사람, 시간과 장소, 분위기 등에 따라 대상과 다양하게 교감하며 그 과정에서 생성되는 의미를 성찰할 수 있도록 한다. 이를 통해 예술적 사고를 이끄는 대상의 가치를 이해하고 자신과 환경과의 생태 전환적 관계를 인식한다."
5~6,미술,미적 체험,,⋅이미지와 의미,[6미01-04],이미지가 나타내는 의미를 비판적으로 이해하고 느낌과 생각을 전달하는 데 활용할 수 있다.,이미지가 나타내는 의미를 비판적으로 이해하고 해석하며 자신의 느낌과 생각을 전달하는 데 적절하게 활용할 수 있다.,이미지가 나타내는 의미를 비판적으로 이해하고 자신의 느낌과 생각을 전달하는 데 활용할 수 있다.,이미지가 나타내는 의미를 일부 이해하고 자신의 느낌과 생각을 전달하는 데 제한적으로 활용할 수 있다.,
5~6,미술,표현,"⋅표현은 자신의 느낌과 생각을 시각화하는 창의적 사고와 성찰의 순환 과정으로 이루어진다.
⋅다양한 발상은 아이디어와 주제를 발전시키고 표현의 토대가 된다.
⋅작품 제작은 표현 재료와 방법, 조형 요소와 원리 등을 선택하고 활용하여 창의적으로 문제를 해결하는 과정을 통해 예술적 성취를 경험하게 한다. ",⋅표현 주제와 발상,[6미02-01],다양한 방법으로 아이디어를 연결하여 확장된 표현 주제로 발전시킬 수 있다.,다양한 방법으로 아이디어를 연결하여 확장된 표현 주제로 구체화하여 발전시킬 수 있다.,다양한 방법으로 아이디어를 연결하여 확장된 표현 주제로 발전시킬 수 있다.,다양한 방법으로 아이디어를 떠올려 표현 주제로 나타낼 수 있다.,
5~6,미술,표현,,"⋅표현 재료와 용구, 디지털 매체",[6미02-02],디지털 매체 등 다양한 표현 재료와 용구를 탐색하여 작품 제작에 활용할 수 있다.,디지털 매체 등 다양한 표현 재료와 용구를 탐색하여 특성을 이해하고 작품 제작에 적절하게 활용할 수 있다.,디지털 매체 등 다양한 표현 재료와 용구를 탐색하여 작품 제작에 활용할 수 있다.,디지털 매체 등 다양한 표현 재료와 용구를 작품 제작에 부분적으로 활용할 수 있다.,"• [6미02-02] 성취기준은 하나의 표현 주제에도 다양한 표현 방식이 있음을 이해하고 학생들이 자신의 의도에 따라 표현 재료와 방법을 선택하여 작품을 제작하는 데 중점을 둔다. 표현 주제에 적합한 표현 재료와 용구의 쓰임을 학생 스스로 탐색하고 습득하여 주제가 잘 드러날 수 있도록 적용하게 한다. 특히, 디지털 매체는 신체적 감각과 지각을 확장하는 표현의 도구로써 디지털 매체의 특징과 사용법을 익혀 작품 제작에 효과적으로 활용하게 한다. "
5~6,미술,표현,,⋅조형 요소와 원리의 관계,[6미02-03],조형 요소의 어울림을 통해 조형 원리를 이해하고 주제 표현에 연결할 수 있다.,조형 요소의 어울림을 통해 다양한 조형 원리를 이해하고 조형 요소와 조형 원리를 주제 표현에 적합하게 연결할 수 있다.,조형 요소의 어울림을 통해 조형 원리를 이해하고 주제 표현에 연결할 수 있다.,조형 요소와 조형 원리를 알고 주제 표현에 부분적으로 연결할 수 있다.,
5~6,미술,표현,,,[6미02-04],주제 표현에 의지를 갖고 표현 과정을 돌아보며 작품을 발전시킬 수 있다.,주제 표현에 적극적인 의지를 갖고 표현의 전 과정을 지속적으로 돌아보며 작품을 발전시킬 수 있다.,주제 표현에 의지를 갖고 표현 과정을 돌아보며 작품을 발전시킬 수 있다.,주제 표현에 관심을 갖고 표현 과정을 돌아보며 작품을 제작할 수 있다.,"• [6미02-04] 성취기준은 계획 단계를 비롯한 작품 완성의 전 과정에서 주제 표현에 의지를 갖고 표현 방법과 절차를 재고하는 성찰의 태도를 기르는 데 중점을 둔다. 주제 표현의 의지를 갖는 것은 표현 주제를 나타내기 위해 다양한 표현 재료와 용구, 조형 요소와 원리를 작품에 활용하는 일련의 과정을 이끈다. 또한 작품을 주도적으로 돌아보고 보완하며 발전시키는 경험을 통해 학생들은 작품 완성의 기준을 스스로 설정하고 창작에 대한 상위 인지를 활성화한다. "
5~6,미술,표현,,,[6미02-05],미술과 타 교과의 내용과 방법을 융합하는 활동을 자유롭게 시도할 수 있다.,미술과 타 교과의 내용과 방법을 다양하게 융합하는 활동을 자유롭게 시도할 수 있다.,미술과 타 교과의 내용과 방법을 융합하는 활동을 자유롭게 시도할 수 있다.,미술과 타 교과의 내용과 방법을 융합하는 활동을 부분적으로 시도할 수 있다.,
5~6,미술,감상,"⋅감상은 다양한 삶과 문화가 반영된 미술과의 만남으로 자신과 공동체의 문화를 이해하게 한다.
⋅작품의 내용과 형식에 관한 맥락적 이해와 비평은 미적 판단 능력을 높인다.
⋅감상은 서로 다른 관점을 이해하여 삶에서 미술 문화의 다원적 가치를 존중하도록 한다. ",⋅미술 작품의 배경,[6미03-01],"미술 작품을 작품이 만들어진 시대적, 지역적 배경 등과 연결하여 이해할 수 있다.","미술 작품을 작품이 만들어진 시대적, 지역적 배경 등과 연결하여 폭넓게 이해할 수 있다.","미술 작품을 작품이 만들어진 시대적, 지역적 배경 등과 연결하여 이해할 수 있다.","미술 작품을 작품이 만들어진 시대적, 지역적 배경 등과 연결하여 부분적으로 이해할 수 있다.",
5~6,미술,감상,,⋅미술 작품의 내용과 형식,[6미03-02],미술 작품의 내용과 형식을 분석하여 작품의 특징을 설명할 수 있다.,미술 작품의 내용과 형식을 다양한 방법으로 분석하여 이해하고 작품의 특징을 구체적으로 설명할 수 있다.,미술 작품의 내용과 형식을 분석하여 작품의 특징을 설명할 수 있다.,미술 작품의 내용과 형식을 고려하여 작품의 특징을 부분적으로 설명할 수 있다.,
5~6,미술,감상,,⋅공동체의 미술 문화,[6미03-03],공동체의 미술 문화 활동에 관심을 가지고 참여하며 경험을 공유할 수 있다.,공동체의 미술 문화 활동에 폭넓은 관심을 가지고 적극적으로 참여하며 다양한 방법으로 경험을 공유할 수 있다.,공동체의 미술 문화 활동에 관심을 가지고 참여하며 경험을 공유할 수 있다.,공동체의 미술 문화 활동에 관심을 가지고 참여할 수 있다.,"• [6미03-03] 성취기준은 교실 수업이라는 시공간을 확장하여 전시, 지역 축제, 문화 행사 등 학생들이 살아가는 지역 사회의 미술 문화에 관심을 가지고 적극적으로 참여함으로써 문화를 향유하는 태도를 생활화하는 데 중점을 둔다. 또한 그 경험을 공유하고 소통함으로써 새로운 문화를 생성해가는 데까지 관심을 확장한다. "
5~6,미술,감상,,,[6미03-04],다양한 방법을 활용하여 작품을 감상하며 작품에 관한 관점을 존중할 수 있다.,"다양한 방법을 활용하여 작품을 주도적으로 감상하며, 작품에 관한 서로 다른 관점을 발견하고 존중할 수 있다.",다양한 방법을 활용하여 작품을 감상하며 작품에 관한 서로 다른 관점을 존중할 수 있다.,일부 방법을 활용하여 작품을 감상하며 작품에 관한 서로 다른 관점에 관심을 가질 수 있다.,
5~6,영어,이해,"⋅의사소통 목적과 상황에 맞게 배경지식을 활용하고 관점, 목적과 맥락을 파악함으로써 담화나 글을 이해하는 능력을 함양한다. 
⋅적절한 사고 과정 및 전략을 활용하여 담화나 글의 의미를 파악하고 분석한다.
⋅담화나 글을 이해하는 활동은 협력적이고 포용적으로 화자나 필자의 의도를 이해하는 태도를 길러 준다. ","⋅간단한 단어, 어구, 문장의 강세, 
리듬, 억양",[6영01-01],"간단한 단어, 어구, 문장을 듣고 강세, 리듬, 억양을 식별한다.","간단한 단어, 어구, 문장을 듣고 강세, 리듬, 억양을 듣고 정확하게 식별할 수 있다.","간단한 단어, 어구, 문장을 듣고 강세, 리듬, 억양을 듣고 대체로 식별할 수 있다.","간단하고 짧은 단어, 어구, 문장을 반복하여 듣고 강세, 리듬, 억양을 부분적으로 식별할 수 있다.",
5~6,영어,이해,,,[6영01-02],"간단한 단어, 어구, 문장을 강세, 리듬, 억양에 맞게 소리 내어 읽는다.","간단한 단어, 어구, 문장을 강세, 리듬, 억양에 맞게 정확하게 소리 내어 읽을 수 있다.","간단한 단어, 어구, 문장을 강세, 리듬, 억양에 맞게 대체로 소리 내어 읽을 수 있다.","간단하고 짧은 단어, 어구, 문장을 강세, 리듬, 억양에 맞게 부분적으로 소리 내어 읽을 수 있다.",
5~6,영어,이해,,,[6영01-03],"간단한 단어, 어구, 문장의 의미를 이해한다.","간단한 단어, 어구, 문장을 듣거나 읽고 의미를 정확하게 이해할 수 있다.","간단한 단어, 어구, 문장을 듣거나 읽고 의미를 대체로 이해할 수 있다.","간단하고 짧은 단어, 어구, 문장을 반복하여 듣거나 읽고, 주어진 도움 자료를 참고하여 듣거나 읽으며 의미를 부분적으로 이해할 수 있다.",
5~6,영어,이해,,"⋅친교나 사회적 목적의 담화와 글
(대화, 편지, 초대장, 이메일 등)
⋅정보 전달⋅교환 목적의 담화와 글
(공지, 안내, 묘사, 설명, 광고 등)
⋅의견 전달⋅교환이나 주장 목적의 
담화와 글(포스터, 감상문 등) 
⋅일상생활 주제
⋅일상적인 의사소통 상황 및 목적",[6영01-04],일상생활 주제에 관한 담화나 글의 세부 정보를 파악한다.,일상생활 주제에 관한 간단한 담화나 글을 듣거나 읽고 세부 정보를 정확하게 파악할 수 있다.,일상생활 주제에 관한 간단한 담화나 글을 듣거나 읽고 세부 정보를 대체로 파악할 수 있다.,"일상생활 주제에 관한 간단한 담화나 글을 반복하여 듣거나 읽고, 주어진 도움 자료를 참고하여 듣거나 읽으며 세부 정보를 부분적으로 파악할 수 있다.",
5~6,영어,이해,,,[6영01-05],일상생활 주제에 관한 담화나 글의 중심 내용을 파악한다.,일상생활 주제에 관한 간단한 담화나 글을 듣거나 읽고 중심 내용을 정확하게 파악할 수 있다.,일상생활 주제에 관한 간단한 담화나 글을 듣거나 읽고 중심 내용을 대체로 파악할 수 있다.,"일상생활 주제에 관한 간단한 담화나 글을 반복하여 듣거나 읽고, 주어진 도움 자료를 참고하여 중심 내용을 부분적으로 파악할 수 있다.",
5~6,영어,이해,,,[6영01-06],일상생활 주제에 관한 담화나 글에서 일이나 사건의 순서를 파악한다.,일상생활 주제에 관한 간단한 담화나 글을 듣거나 읽고 일이나 사건의 순서를 정확하게 파악할 수 있다.,일상생활 주제에 관한 간단한 담화나 글을 듣거나 읽고 일이나 사건의 순서를 대체로 파악할 수 있다.,"일상생활 주제에 관한 간단한 담화나 글을 반복하여 듣거나 읽고, 주어진 도움 자료를 참고하여 일이나 사건의 순서를 부분적으로 파악할 수 있다.","• [6영01-06] 이 성취기준은 말이나 대화, 글의 흐름을 파악하는 데 초점을 둔 것으로, 주요한 일이나 사건의 전후 관계 및 시간적 순서를 파악하는 것을 의미한다. 그림이나 만화 등을 이용하여 사건이 일어난 순서에 따라 연결하거나 배열하기, 일이 일어난 순서대로 번호 쓰기 등의 활동을 하는 수준을 말한다. "
5~6,영어,이해,,,[6영01-07],적절한 전략을 활용하여 일상생활 주제에 관한 담화나 글을 듣거나 읽는다.,적절한 전략을 다양하게 활용하여 일상생활 주제에 관한 간단한 담화나 글을 듣거나 읽을 수 있다.,적절한 전략을 일부 활용하여 일상생활 주제에 관한 간단한 담화나 글을 듣거나 읽을 수 있다.,예시를 참고하고 적절한 전략을 일부 활용하여 일상생활 주제에 관한 간단한 담화나 글을 듣거나 읽을 수 있다.,"• [6영01-07] 이 성취기준은 듣기나 읽기 전⋅중⋅후 과정에서 다양한 단서를 활용하여 담화나 글의 내용을 예측하기, 특정 정보를 찾아 듣거나 읽기, 내용 확인을 위해 다시 듣거나 읽기 등의 전략을 활용하는 것을 의미한다."
5~6,영어,이해,,,[6영01-08],다양한 매체로 표현된 담화나 글을 흥미와 자신감을 가지고 듣거나 읽는다.,다양한 매체로 표현된 일상생활 주제에 관한 간단한 담화나 글을 흥미를 가지고 스스로 찾아 듣거나 읽는다.,다양한 매체로 표현된 일상생활 주제에 관한 간단한 담화나 글을 흥미를 가지고 듣거나 읽는다.,다양한 매체로 표현된 일상생활 주제에 관한 간단한 담화나 글에 흥미를 가지려고 노력하며 듣거나 읽는다.,"• [6영01-08] 이 성취기준은 일상생활 주제에 관해 다양한 매체로 표현된 학습 자료를 듣거나 읽으면서 영어에 대한 흥미와 자신감을 높이고, 학습자 스스로 자신의 수준에 맞는 다양한 영어 자료를 자기주도적으로 찾아 즐기는 것을 의미한다."
5~6,영어,이해,,"⋅이야기나 서사 및 운문(동화, 그림
책, 만화, 노래, 시, 일기 등) ",[6영01-09],"시, 노래, 이야기를 공감하며 듣거나 읽는다.","시, 노래, 이야기를 스스로 찾아 듣거나 읽으면서 화자나 필자의 기쁨, 슬픔 등의 감정을 느끼고 적극적으로 공감하는 태도를 보인다.","시, 노래, 이야기를 듣거나 읽으면서 화자나 필자의 기쁨, 슬픔 등의 감정을 느끼고 공감하는 태도를 보인다.","시, 노래, 이야기를 듣거나 읽으면서 화자나 필자의 기쁨, 슬픔 등의 감정을 느끼고 공감하는 태도를 가지려고 노력한다.",
5~6,영어,이해,,"⋅친교나 사회적 목적의 담화와 글
(대화, 편지, 초대장, 이메일 등)
⋅정보 전달⋅교환 목적의 담화와 글
(공지, 안내, 묘사, 설명, 광고 등)
⋅의견 전달⋅교환이나 주장 목적의 
담화와 글(포스터, 감상문 등) 
⋅일상생활 주제
⋅일상적인 의사소통 상황 및 목적",[6영01-10],일상생활 주제나 문화에 관한 담화나 글을 포용의 태도로 듣거나 읽는다.,일상생활 주제나 문화에 관한 간단한 담화나 글을 듣거나 읽을 때 다양한 생각이나 의견을 포용하는 적극적인 태도를 보인다.,일상생활 주제나 문화에 관한 간단한 담화나 글을 듣거나 읽을 때 다양한 생각이나 의견을 포용하는 태도를 보인다.,일상생활 주제나 문화에 관한 간단한 담화나 글을 듣거나 읽으면서 다양한 사람의 생각이나 의견을 포용하는 태도를 가지려고 노력한다.,"• [6영01-10] 이 성취기준은 공동체 구성원으로서의 가치⋅태도와 관련된 것으로, 일상생활 주제나 문화에 관한 담화나 글을 듣거나 읽으면서 다른 사람의 생각과 의견을 존중하고 이해하는 태도를 갖는 것을 의미한다. 이는 우리나라와 다른 문화권의 다양한 의사소통 방식과 생활 양식을 수용하는 것을 포함한다."
5~6,영어,표현,"⋅의사소통 목적과 상황에 맞게 적절한 매체를 활용하여 자신의 감정이나 의견을 담화나 글로 표현하는 능력을 함양한다.
⋅적절한 사고 과정 및 전략을 활용하여 의미를 표현하거나 교환한다.
⋅담화나 글로 표현하는 활동은 다양한 문화와 관점에 대한 이해를 바탕으로 협력적이고 포용적으로 상호 소통하며 의미를 표현하거나 교환하는 태도를 길러 준다. ","⋅간단한 단어, 어구, 문장의 강세, 
리듬, 억양",[6영02-01],"간단한 단어, 어구, 문장을 강세, 리듬, 억양에 맞게 말한다.","간단한 단어, 어구, 문장을 강세, 리듬, 억양에 맞게 정확하게 말할 수 있다.","간단한 단어, 어구, 문장을 강세, 리듬, 억양에 맞게 대체로 말할 수 있다.","간단하고 짧은 단어, 어구, 문장을 시범을 참고하거나 반복 연습을 통해 강세, 리듬, 억양에 맞게 부분적으로 말할 수 있다.",
5~6,영어,표현,,"⋅간단한 단어, 어구, 문장의 강세, 
리듬, 억양",[6영02-02],"실물, 그림, 동작 등을 보고 간단한 단어, 어구, 문장으로 말하거나 쓴다.","실물, 그림, 동작 등을 보고 간단한 단어를 정확하게 말하거나 쓸 수 있으며, 적절한 단어와 언어 형식을 사용하여 간단한 어구나 문장으로 정확하게 말하거나 쓸 수 있다.","실물, 그림, 동작 등을 보고 간단한 단어를 대체로 말하거나 쓸 수 있으며, 적절한 단어를 사용하여 간단한 어구나 문장으로 대체로 말하거나 쓸 수 있다.","실물, 그림, 동작 등을 보고 간단한 단어를 일부 말하거나 쓸 수 있으며, 주어진 단어를 참고하여 간단하고 짧은 어구나 문장으로 부분적으로 말하거나 쓸 수 있다.",
5~6,영어,표현,,,[6영02-03],알파벳 대소 문자와 문장 부호를 문장에서 바르게 사용한다.,알파벳 대소 문자와 문장 부호를 단어와 문장의 유형에 맞게 문장에서 정확하고 바르게 사용할 수 있다.,알파벳 대소 문자와 문장 부호를 문장의 유형에 맞게 문장에서 대체로 바르게 사용할 수 있다.,알파벳 대소 문자와 문장 부호를 예시 문장을 참고하여 문장에서 부분적으로 바르게 사용할 수 있다.,
5~6,영어,표현,,"⋅정보 전달⋅교환 목적의 담화와 글 (공지, 안내, 묘사, 설명, 광고 등) ",[6영02-04],주변 사람이나 사물을 간단한 문장으로 소개하거나 묘사한다.,주변 사람이나 사물의 이름과 주요 특징을 적절한 단어와 언어 형식을 사용하여 간단한 문장으로 정확하게 소개하거나 묘사할 수 있다.,주변 사람이나 사물의 이름과 주요 특징을 적절한 단어를 사용하여 간단한 문장으로 대체로 소개하거나 묘사할 수 있다.,주변 사람이나 사물의 이름과 주요 특징을 주어진 도움 자료를 참고하여 간단하고 짧은 문장으로 부분적으로 소개하거나 묘사할 수 있다.,
5~6,영어,표현,,"⋅정보 전달⋅교환 목적의 담화와 글 (공지, 안내, 묘사, 설명, 광고 등) ",[6영02-05],"주변 장소나 위치, 행동 순서나 방법을 간단한 문장으로 설명한다.","주변 장소의 위치나 찾아가는 방법, 일상생활 행동의 순서나 방법을 적절한 단어와 언어 형식을 사용하여 간단한 문장으로 정확하게 말하거나 쓸 수 있다.","주변 장소의 위치나 찾아가는 방법, 일상생활 행동의 순서나 방법을 적절한 단어를 사용하여 간단한 문장으로 대체로 말하거나 쓸 수 있다.","주변 장소의 위치나 찾아가는 방법, 일상생활의 반복적인 행동의 순서나 방법을 주어진 도움 자료를 참고하여 간단하고 짧은 문장으로 부분적으로 말하거나 쓸 수 있다.","• [6영02-05] 이 성취기준은 주변의 장소를 찾아가는 방법이나 위치, 일상생활에서 이루어지는 활동을 위한 일련의 행동 순서나 방법에 대하여 두세 문장으로 말하거나 쓰는 것을 의미한다. 이때 문장과 문장을 이어 주는 말(and, but 등)이나 순서를 나타내는 말(first, second 등)을 적절하게 활용할 수 있다."
5~6,영어,표현,,,[6영02-06],"자신의 감정이나 의견, 경험이나 계획을 간단한 문장으로 표현한다.","일상생활에서의 자신의 감정이나 의견, 경험이나 계획을 적절한 단어와 언어 형식을 사용하여 간단한 문장으로 정확하게 말하거나 쓸 수 있다.","일상생활에서의 자신의 감정이나 의견, 경험이나 계획을 적절한 단어를 사용하여 간단한 문장으로 대체로 말하거나 쓸 수 있다.","일상생활에서의 자신의 감정이나 의견, 경험이나 계획을 주어진 도움 자료를 참고하여 간단하고 짧은 문장으로 부분적으로 말하거나 쓸 수 있다.",
5~6,영어,표현,,"⋅이야기나 서사 및 운문(동화, 그림 책, 만화, 노래, 시, 일기 등) 
⋅친교나 사회적 목적의 담화와 글 (대화, 편지, 초대장, 이메일 등) 
⋅정보 전달⋅교환 목적의 담화와 글 (공지, 안내, 묘사, 설명, 광고 등) 
⋅의견 전달⋅교환이나 주장 목적의 담화와 글(포스터, 감상문 등)
⋅일상생활 주제",[6영02-07],일상생활 주제에 관한 담화나 글의 세부 정보를 간단한 문장으로 묻거나 답한다.,일상생활 주제에 관한 다양한 유형의 간단한 담화나 글의 세부 정보를 적절한 단어와 언어 형식을 사용하여 정확하게 묻거나 답할 수 있다.,일상생활 주제에 관한 간단한 담화나 글의 세부 정보를 적절한 단어를 사용하여 대체로 묻거나 답할 수 있다.,일상생활 주제에 관한 간단하고 짧은 담화나 글의 세부 정보를 주어진 도움 자료를 참고하여 부분적으로 묻거나 답할 수 있다.,
5~6,영어,표현,,,[6영02-08],예시문을 참고하여 목적에 맞는 간단한 글을 쓴다.,예시문을 참고하여 일상생활 목적에 맞는 간단한 글을 적절한 단어와 언어 형식으로 정확하게 쓸 수 있다.,예시문을 참고하여 일상생활 목적에 맞는 간단한 글을 적절한 단어로 대체로 쓸 수 있다.,예시문과 주어진 단어 목록을 참고하여 일상생활 목적에 맞는 간단하고 짧은 글을 부분적으로 쓸 수 있다.,"• [6영02-08] 이 성취기준은 초대, 감사, 축하 등을 목적으로 하는 카드나 이메일, 경험을 담은 일기나 기행문 등 일상생활에서 빈번하게 일어나는 쓰기의 상황과 목적을 고려하여 글을 쓰는 것으로서, 예시문을 참고하여 글의 형식에 맞게 적절한 내용으로 변형하거나 응용하여 쓰는 수준을 말한다. "
5~6,영어,표현,,,[6영02-09],적절한 매체와 전략을 활용하여 창의적으로 의미를 생성하고 표현한다.,적절한 매체와 전략을 다양하게 활용하여 창의적으로 의미를 생성하고 표현할 수 있다.,적절한 매체와 전략을 활용하여 창의적으로 의미를 생성하고 표현할 수 있다.,예시를 참고하여 적절한 매체와 전략을 일부 활용하여 창의적으로 의미를 표현할 수 있다.,"• [6영02-09] 이 성취기준은 구어나 문어로 의사소통하는 과정에서 학습자의 수준과 특성에 알맞은 매체와 전략을 사용하여 창의적으로 의미를 생성하고 표현하는 것을 말한다. 이는 브레인스토밍이나 생각 그물 등을 활용하여 아이디어를 생성하고, 이를 동작이나 그림과 같은 전통적인 매체뿐만 아니라 다양한 앱이나 디지털 매체 등을 활용하여 새로운 방법으로 말하거나 쓰는 것을 의미한다. 또한 의사소통 과정에서 발생하는 어려움을 극복하기 위해 반복하기, 반복 및 확인 요청하기 등의 말하기 전략과 고쳐 쓰거나 다시 쓰기 등의 쓰기 전략을 활용하는 것을 의미한다."
5~6,영어,표현,,"⋅다양한 문화권에 속한 사람들의 
언어적⋅비언어적 의사소통 방식
⋅일상적인 의사소통 상황 및 목적",[6영02-10],의사소통 활동에 흥미와 자신감을 가지고 참여하여 협력적으로 수행한다.,"의사소통 활동에 높은 흥미와 자신감을 가지고 참여하며, 동료들과 적극적으로 협력하여 활동을 수행한다.","의사소통 활동에 흥미와 자신감을 가지고 참여하려는 태도를 보이며, 동료들과 대체로 협력하여 활동을 수행한다.","의사소통 활동에 일부 흥미와 자신감을 가지고 참여하고자 노력하며, 동료들과 부분적으로 협력하여 활동을 수행한다.",• [6영02-10] 이 성취기준은 온오프라인 공간에서 제공된 다양한 형태의 말하기⋅쓰기 과업이나 활동에 흥미와 자신감을 가지고 능동적으로 참여하는 것을 의미한다. 지속적으로 이루어지는 짝이나 모둠별 말하기⋅쓰기 활동을 통해 학습자들이 서로 가르쳐 주거나 배우는 과정에서 긍정적인 피드백을 주고받으며 말하거나 쓰고 싶은 의욕과 자신감을 높이는 것을 말한다.
5~6,,,,,,,,,,
5~6,,,,,,,,,,
5~6,,,,,,,,,,